filename,source_id,image_path,image_set,cluster,mos,mdfs_raw_score,runtime_seconds,worker_gpu
IS_I_C01_D01.jpg,IS_I_C01_D01,/kaggle/working/MDFS/data/CID2013/extracted/IS1/co1/IS_I_C01_D01.jpg,IS1,co1,3.3436430335190703,29.994600296020508,0.7954756590006582,0
IS_I_C01_D03.jpg,IS_I_C01_D03,/kaggle/working/MDFS/data/CID2013/extracted/IS1/co1/IS_I_C01_D03.jpg,IS1,co1,45.58109475556601,23.636394500732425,0.3371381329998257,0
IS_I_C01_D05.jpg,IS_I_C01_D05,/kaggle/working/MDFS/data/CID2013/extracted/IS1/co1/IS_I_C01_D05.jpg,IS1,co1,25.25235422018568,25.45594024658203,0.3299406949990953,0
IS_I_C01_D07.jpg,IS_I_C01_D07,/kaggle/working/MDFS/data/CID2013/extracted/IS1/co1/IS_I_C01_D07.jpg,IS1,co1,9.88964655415763,29.090229034423828,0.3227671969998482,0
IS_I_C01_D09.jpg,IS_I_C01_D09,/kaggle/working/MDFS/data/CID2013/extracted/IS1/co1/IS_I_C01_D09.jpg,IS1,co1,47.85276342762087,23.424022674560547,0.3299784579994593,0
IS_I_C01_D11.jpg,IS_I_C01_D11,/kaggle/working/MDFS/data/CID2013/extracted/IS1/co1/IS_I_C01_D11.jpg,IS1,co1,73.5651284538055,21.398347854614254,0.3241494550002244,0
IS_I_C01_D13.jpg,IS_I_C01_D13,/kaggle/working/MDFS/data/CID2013/extracted/IS1/co1/IS_I_C01_D13.jpg,IS1,co1,60.6821208795548,21.104780197143555,0.3329521369996655,0
IS_I_C02_D01.jpg,IS_I_C02_D01,/kaggle/working/MDFS/data/CID2013/extracted/IS1/co2/IS_I_C02_D01.jpg,IS1,co2,28.596330010415222,22.622194290161133,0.3388389669999014,0
IS_I_C02_D03.jpg,IS_I_C02_D03,/kaggle/working/MDFS/data/CID2013/extracted/IS1/co2/IS_I_C02_D03.jpg,IS1,co2,28.180940444584376,21.9322509765625,0.3415162330002204,0
IS_I_C02_D05.jpg,IS_I_C02_D05,/kaggle/working/MDFS/data/CID2013/extracted/IS1/co2/IS_I_C02_D05.jpg,IS1,co2,29.10891585257077,24.58397483825684,0.3454806380013906,0
IS_I_C02_D07.jpg,IS_I_C02_D07,/kaggle/working/MDFS/data/CID2013/extracted/IS1/co2/IS_I_C02_D07.jpg,IS1,co2,26.322799864320427,23.18113136291504,0.3383538689995475,0
IS_I_C02_D09.jpg,IS_I_C02_D09,/kaggle/working/MDFS/data/CID2013/extracted/IS1/co2/IS_I_C02_D09.jpg,IS1,co2,53.45228935752622,21.379518508911133,0.3414874820009572,0
IS_I_C02_D11.jpg,IS_I_C02_D11,/kaggle/working/MDFS/data/CID2013/extracted/IS1/co2/IS_I_C02_D11.jpg,IS1,co2,54.40594770477686,20.85985946655273,0.3485247019998496,0
IS_I_C02_D13.jpg,IS_I_C02_D13,/kaggle/working/MDFS/data/CID2013/extracted/IS1/co2/IS_I_C02_D13.jpg,IS1,co2,52.84545596623882,20.20997810363769,0.3438491130000329,0
IS_I_C03_D01.jpg,IS_I_C03_D01,/kaggle/working/MDFS/data/CID2013/extracted/IS1/co3/IS_I_C03_D01.jpg,IS1,co3,16.52776728373287,25.24794006347656,0.3471027380001033,0
IS_I_C03_D03.jpg,IS_I_C03_D03,/kaggle/working/MDFS/data/CID2013/extracted/IS1/co3/IS_I_C03_D03.jpg,IS1,co3,19.70635060176418,24.395729064941406,0.3521712920010031,0
IS_I_C03_D05.jpg,IS_I_C03_D05,/kaggle/working/MDFS/data/CID2013/extracted/IS1/co3/IS_I_C03_D05.jpg,IS1,co3,12.771323836183509,26.04212188720703,0.3469149439988541,0
IS_I_C03_D07.jpg,IS_I_C03_D07,/kaggle/working/MDFS/data/CID2013/extracted/IS1/co3/IS_I_C03_D07.jpg,IS1,co3,12.854903423503718,27.093624114990234,0.3338061070007825,0
IS_I_C03_D09.jpg,IS_I_C03_D09,/kaggle/working/MDFS/data/CID2013/extracted/IS1/co3/IS_I_C03_D09.jpg,IS1,co3,48.29078088837637,21.1900577545166,0.3409298520000448,0
IS_I_C03_D11.jpg,IS_I_C03_D11,/kaggle/working/MDFS/data/CID2013/extracted/IS1/co3/IS_I_C03_D11.jpg,IS1,co3,39.223418631749446,21.024600982666016,0.3443553199995222,0
IS_I_C03_D13.jpg,IS_I_C03_D13,/kaggle/working/MDFS/data/CID2013/extracted/IS1/co3/IS_I_C03_D13.jpg,IS1,co3,45.682984279504886,20.275753021240234,0.344754785999612,0
IS_I_C04_D01.jpg,IS_I_C04_D01,/kaggle/working/MDFS/data/CID2013/extracted/IS1/co4/IS_I_C04_D01.jpg,IS1,co4,63.6576024280957,20.390892028808597,0.3460727570000017,0
IS_I_C04_D03.jpg,IS_I_C04_D03,/kaggle/working/MDFS/data/CID2013/extracted/IS1/co4/IS_I_C04_D03.jpg,IS1,co4,74.3549557116498,19.590272903442383,0.3450132430007215,0
IS_I_C04_D05.jpg,IS_I_C04_D05,/kaggle/working/MDFS/data/CID2013/extracted/IS1/co4/IS_I_C04_D05.jpg,IS1,co4,64.76028256739563,20.376976013183597,0.3472016220002842,0
IS_I_C04_D07.jpg,IS_I_C04_D07,/kaggle/working/MDFS/data/CID2013/extracted/IS1/co4/IS_I_C04_D07.jpg,IS1,co4,59.85379268234218,21.42513656616211,0.3412482749990886,0
IS_I_C04_D09.jpg,IS_I_C04_D09,/kaggle/working/MDFS/data/CID2013/extracted/IS1/co4/IS_I_C04_D09.jpg,IS1,co4,66.98072434807538,20.304426193237305,0.3580891609999526,0
IS_I_C04_D11.jpg,IS_I_C04_D11,/kaggle/working/MDFS/data/CID2013/extracted/IS1/co4/IS_I_C04_D11.jpg,IS1,co4,82.99267555921134,19.441242218017575,0.3609946799988393,0
IS_I_C04_D13.jpg,IS_I_C04_D13,/kaggle/working/MDFS/data/CID2013/extracted/IS1/co4/IS_I_C04_D13.jpg,IS1,co4,77.90552701846426,18.926101684570312,0.3483081829999719,0
IS_I_C05_D01.jpg,IS_I_C05_D01,/kaggle/working/MDFS/data/CID2013/extracted/IS1/co5/IS_I_C05_D01.jpg,IS1,co5,41.81645053384817,21.247283935546875,0.3447190879996924,0
IS_I_C05_D03.jpg,IS_I_C05_D03,/kaggle/working/MDFS/data/CID2013/extracted/IS1/co5/IS_I_C05_D03.jpg,IS1,co5,57.51182382164114,20.30779838562012,0.3432984239989309,0
IS_I_C05_D05.jpg,IS_I_C05_D05,/kaggle/working/MDFS/data/CID2013/extracted/IS1/co5/IS_I_C05_D05.jpg,IS1,co5,56.58381782667748,21.39706039428711,0.3511877920009283,0
IS_I_C05_D07.jpg,IS_I_C05_D07,/kaggle/working/MDFS/data/CID2013/extracted/IS1/co5/IS_I_C05_D07.jpg,IS1,co5,47.02688358040409,21.6079044342041,0.338076115000149,0
IS_I_C05_D09.jpg,IS_I_C05_D09,/kaggle/working/MDFS/data/CID2013/extracted/IS1/co5/IS_I_C05_D09.jpg,IS1,co5,73.28348448047561,19.72979736328125,0.3534494409996114,0
IS_I_C05_D11.jpg,IS_I_C05_D11,/kaggle/working/MDFS/data/CID2013/extracted/IS1/co5/IS_I_C05_D11.jpg,IS1,co5,61.29534558039573,19.18492126464844,0.3526571019992843,0
IS_I_C05_D13.jpg,IS_I_C05_D13,/kaggle/working/MDFS/data/CID2013/extracted/IS1/co5/IS_I_C05_D13.jpg,IS1,co5,79.8848736209052,20.450719833374023,0.3585480150013609,0
IS_I_C06_D01.jpg,IS_I_C06_D01,/kaggle/working/MDFS/data/CID2013/extracted/IS1/co6/IS_I_C06_D01.jpg,IS1,co6,33.59227262625416,23.73690414428711,0.3535287960003188,0
IS_I_C06_D03.jpg,IS_I_C06_D03,/kaggle/working/MDFS/data/CID2013/extracted/IS1/co6/IS_I_C06_D03.jpg,IS1,co6,39.709054650225234,22.095521926879883,0.3436879830005637,0
IS_I_C06_D05.jpg,IS_I_C06_D05,/kaggle/working/MDFS/data/CID2013/extracted/IS1/co6/IS_I_C06_D05.jpg,IS1,co6,50.4643941429356,23.974040985107425,0.3513441449995298,0
IS_I_C06_D07.jpg,IS_I_C06_D07,/kaggle/working/MDFS/data/CID2013/extracted/IS1/co6/IS_I_C06_D07.jpg,IS1,co6,50.84793762787573,22.86431312561035,0.3452759030005836,0
IS_I_C06_D09.jpg,IS_I_C06_D09,/kaggle/working/MDFS/data/CID2013/extracted/IS1/co6/IS_I_C06_D09.jpg,IS1,co6,82.49181559834697,20.912612915039062,0.3678656009997212,0
IS_I_C06_D11.jpg,IS_I_C06_D11,/kaggle/working/MDFS/data/CID2013/extracted/IS1/co6/IS_I_C06_D11.jpg,IS1,co6,75.44444733411699,20.04342269897461,0.3510032499998488,0
IS_I_C06_D13.jpg,IS_I_C06_D13,/kaggle/working/MDFS/data/CID2013/extracted/IS1/co6/IS_I_C06_D13.jpg,IS1,co6,72.88602416335661,21.802852630615234,0.3553223250000883,0
IS_II_C01_D01.jpg,IS_II_C01_D01,/kaggle/working/MDFS/data/CID2013/extracted/IS2/co1/IS_II_C01_D01.jpg,IS2,co1,1.2424539225096507,31.67827796936035,0.3370295470012934,0
IS_II_C01_D03.jpg,IS_II_C01_D03,/kaggle/working/MDFS/data/CID2013/extracted/IS2/co1/IS_II_C01_D03.jpg,IS2,co1,53.54720134729624,21.61804962158203,0.3447919150003145,0
IS_II_C01_D05.jpg,IS_II_C01_D05,/kaggle/working/MDFS/data/CID2013/extracted/IS2/co1/IS_II_C01_D05.jpg,IS2,co1,22.220093347026435,25.034238815307617,0.3561785410001903,0
IS_II_C01_D07.jpg,IS_II_C01_D07,/kaggle/working/MDFS/data/CID2013/extracted/IS2/co1/IS_II_C01_D07.jpg,IS2,co1,71.01730682743094,20.985689163208008,0.3458471049998479,0
IS_II_C01_D09.jpg,IS_II_C01_D09,/kaggle/working/MDFS/data/CID2013/extracted/IS2/co1/IS_II_C01_D09.jpg,IS2,co1,49.28930646694596,21.47917366027832,0.3456064210004115,0
IS_II_C01_D11.jpg,IS_II_C01_D11,/kaggle/working/MDFS/data/CID2013/extracted/IS2/co1/IS_II_C01_D11.jpg,IS2,co1,60.972591068732655,20.29216957092285,0.347470152999449,0
IS_II_C01_D13.jpg,IS_II_C01_D13,/kaggle/working/MDFS/data/CID2013/extracted/IS2/co1/IS_II_C01_D13.jpg,IS2,co1,14.17210297754504,27.09087181091309,0.3493895680003334,0
IS_II_C02_D02.jpg,IS_II_C02_D02,/kaggle/working/MDFS/data/CID2013/extracted/IS2/co2/IS_II_C02_D02.jpg,IS2,co2,50.48960517339136,21.22313499450684,0.35592931499923,0
IS_II_C02_D04.jpg,IS_II_C02_D04,/kaggle/working/MDFS/data/CID2013/extracted/IS2/co2/IS_II_C02_D04.jpg,IS2,co2,13.430298160437424,25.53822898864746,0.3592207780002354,0
IS_II_C02_D06.jpg,IS_II_C02_D06,/kaggle/working/MDFS/data/CID2013/extracted/IS2/co2/IS_II_C02_D06.jpg,IS2,co2,52.63182394425365,20.92487525939941,0.3558487900008913,0
IS_II_C02_D08.jpg,IS_II_C02_D08,/kaggle/working/MDFS/data/CID2013/extracted/IS2/co2/IS_II_C02_D08.jpg,IS2,co2,46.44446907265952,22.45892143249512,0.3595573250004236,0
IS_II_C02_D10.jpg,IS_II_C02_D10,/kaggle/working/MDFS/data/CID2013/extracted/IS2/co2/IS_II_C02_D10.jpg,IS2,co2,23.942055632530792,22.598133087158203,0.3631919220006239,0
IS_II_C02_D12.jpg,IS_II_C02_D12,/kaggle/working/MDFS/data/CID2013/extracted/IS2/co2/IS_II_C02_D12.jpg,IS2,co2,25.635958362312103,21.752046585083008,0.3579479800009721,0
IS_II_C03_D01.jpg,IS_II_C03_D01,/kaggle/working/MDFS/data/CID2013/extracted/IS2/co3/IS_II_C03_D01.jpg,IS2,co3,11.018360270345283,25.874229431152344,0.3573434390000329,0
IS_II_C03_D03.jpg,IS_II_C03_D03,/kaggle/working/MDFS/data/CID2013/extracted/IS2/co3/IS_II_C03_D03.jpg,IS2,co3,24.38781819283541,22.788169860839844,0.3578576710006018,0
IS_II_C03_D05.jpg,IS_II_C03_D05,/kaggle/working/MDFS/data/CID2013/extracted/IS2/co3/IS_II_C03_D05.jpg,IS2,co3,8.11237473674549,29.426633834838867,0.3586159509995923,0
IS_II_C03_D07.jpg,IS_II_C03_D07,/kaggle/working/MDFS/data/CID2013/extracted/IS2/co3/IS_II_C03_D07.jpg,IS2,co3,40.620743067825735,21.02389907836914,0.3629178660012258,0
IS_II_C03_D09.jpg,IS_II_C03_D09,/kaggle/working/MDFS/data/CID2013/extracted/IS2/co3/IS_II_C03_D09.jpg,IS2,co3,25.440885598339563,23.71617317199707,0.363998012000593,0
IS_II_C03_D11.jpg,IS_II_C03_D11,/kaggle/working/MDFS/data/CID2013/extracted/IS2/co3/IS_II_C03_D11.jpg,IS2,co3,40.21522662351563,20.486343383789062,0.3652961640000285,0
IS_II_C03_D13.jpg,IS_II_C03_D13,/kaggle/working/MDFS/data/CID2013/extracted/IS2/co3/IS_II_C03_D13.jpg,IS2,co3,31.66037364455684,25.15347671508789,0.3606094580009085,0
IS_II_C04_D02.jpg,IS_II_C04_D02,/kaggle/working/MDFS/data/CID2013/extracted/IS2/co4/IS_II_C04_D02.jpg,IS2,co4,67.64291498502315,19.54654693603516,0.3613240909999149,0
IS_II_C04_D04.jpg,IS_II_C04_D04,/kaggle/working/MDFS/data/CID2013/extracted/IS2/co4/IS_II_C04_D04.jpg,IS2,co4,48.80159293386222,22.09276008605957,0.3635915220002061,0
IS_II_C04_D06.jpg,IS_II_C04_D06,/kaggle/working/MDFS/data/CID2013/extracted/IS2/co4/IS_II_C04_D06.jpg,IS2,co4,68.93831033069597,19.82991600036621,0.3527219080006034,0
IS_II_C04_D08.jpg,IS_II_C04_D08,/kaggle/working/MDFS/data/CID2013/extracted/IS2/co4/IS_II_C04_D08.jpg,IS2,co4,71.82976500257512,19.660776138305664,0.3638853299999027,0
IS_II_C04_D10.jpg,IS_II_C04_D10,/kaggle/working/MDFS/data/CID2013/extracted/IS2/co4/IS_II_C04_D10.jpg,IS2,co4,61.03612497938391,20.37664031982422,0.3668876230003661,0
IS_II_C04_D12.jpg,IS_II_C04_D12,/kaggle/working/MDFS/data/CID2013/extracted/IS2/co4/IS_II_C04_D12.jpg,IS2,co4,71.53743221418385,18.92110824584961,0.3739985600004729,0
IS_II_C05_D01.jpg,IS_II_C05_D01,/kaggle/working/MDFS/data/CID2013/extracted/IS2/co5/IS_II_C05_D01.jpg,IS2,co5,30.132640164846865,20.50536155700684,0.363594277001539,0
IS_II_C05_D03.jpg,IS_II_C05_D03,/kaggle/working/MDFS/data/CID2013/extracted/IS2/co5/IS_II_C05_D03.jpg,IS2,co5,47.00841372470944,20.159791946411133,0.3711187890003202,0
IS_II_C05_D05.jpg,IS_II_C05_D05,/kaggle/working/MDFS/data/CID2013/extracted/IS2/co5/IS_II_C05_D05.jpg,IS2,co5,54.86456855015439,20.66418838500977,0.3650795560006372,0
IS_II_C05_D07.jpg,IS_II_C05_D07,/kaggle/working/MDFS/data/CID2013/extracted/IS2/co5/IS_II_C05_D07.jpg,IS2,co5,66.13587346776774,19.045854568481445,0.3736501669991412,0
IS_II_C05_D09.jpg,IS_II_C05_D09,/kaggle/working/MDFS/data/CID2013/extracted/IS2/co5/IS_II_C05_D09.jpg,IS2,co5,65.63310170351943,19.4231071472168,0.3704712510007084,0
IS_II_C05_D11.jpg,IS_II_C05_D11,/kaggle/working/MDFS/data/CID2013/extracted/IS2/co5/IS_II_C05_D11.jpg,IS2,co5,69.645538646326,19.313499450683597,0.3694848650011408,0
IS_II_C05_D13.jpg,IS_II_C05_D13,/kaggle/working/MDFS/data/CID2013/extracted/IS2/co5/IS_II_C05_D13.jpg,IS2,co5,48.00768861662721,19.837411880493164,0.3682793790012511,0
IS_II_C06_D02.jpg,IS_II_C06_D02,/kaggle/working/MDFS/data/CID2013/extracted/IS2/co6/IS_II_C06_D02.jpg,IS2,co6,79.37448432944473,18.746356964111328,0.3619668890005414,0
IS_II_C06_D04.jpg,IS_II_C06_D04,/kaggle/working/MDFS/data/CID2013/extracted/IS2/co6/IS_II_C06_D04.jpg,IS2,co6,41.895557361864284,21.37925910949707,0.363039910000225,0
IS_II_C06_D06.jpg,IS_II_C06_D06,/kaggle/working/MDFS/data/CID2013/extracted/IS2/co6/IS_II_C06_D06.jpg,IS2,co6,71.2866901212377,19.262767791748047,0.3733410229997389,0
IS_II_C06_D08.jpg,IS_II_C06_D08,/kaggle/working/MDFS/data/CID2013/extracted/IS2/co6/IS_II_C06_D08.jpg,IS2,co6,71.88696117480617,19.40277099609375,0.3710017969988257,0
IS_II_C06_D10.jpg,IS_II_C06_D10,/kaggle/working/MDFS/data/CID2013/extracted/IS2/co6/IS_II_C06_D10.jpg,IS2,co6,39.27067029065576,20.910232543945312,0.3679311200012307,0
IS_II_C06_D12.jpg,IS_II_C06_D12,/kaggle/working/MDFS/data/CID2013/extracted/IS2/co6/IS_II_C06_D12.jpg,IS2,co6,62.95633071509729,18.6816349029541,0.3769912059997296,0
IS_III_C01_D01.jpg,IS_III_C01_D01,/kaggle/working/MDFS/data/CID2013/extracted/IS3/co1/IS_III_C01_D01.jpg,IS3,co1,74.00610361594026,20.20123672485352,0.3574843000005785,0
IS_III_C01_D03.jpg,IS_III_C01_D03,/kaggle/working/MDFS/data/CID2013/extracted/IS3/co1/IS_III_C01_D03.jpg,IS3,co1,64.15728582519922,22.271242141723636,0.3625544199985597,0
IS_III_C01_D05.jpg,IS_III_C01_D05,/kaggle/working/MDFS/data/CID2013/extracted/IS3/co1/IS_III_C01_D05.jpg,IS3,co1,3.701388081868355,34.39018249511719,0.3565924989998166,0
IS_III_C01_D07.jpg,IS_III_C01_D07,/kaggle/working/MDFS/data/CID2013/extracted/IS3/co1/IS_III_C01_D07.jpg,IS3,co1,32.48751695909869,26.78447914123535,0.3668122820017743,0
IS_III_C01_D09.jpg,IS_III_C01_D09,/kaggle/working/MDFS/data/CID2013/extracted/IS3/co1/IS_III_C01_D09.jpg,IS3,co1,65.77387508079964,22.24210929870605,0.3604950989993085,0
IS_III_C01_D11.jpg,IS_III_C01_D11,/kaggle/working/MDFS/data/CID2013/extracted/IS3/co1/IS_III_C01_D11.jpg,IS3,co1,57.61493250041183,21.24493408203125,0.3633786979989963,0
IS_III_C01_D13.jpg,IS_III_C01_D13,/kaggle/working/MDFS/data/CID2013/extracted/IS3/co1/IS_III_C01_D13.jpg,IS3,co1,21.41969973187613,29.50165557861328,0.364703807999831,0
IS_III_C02_D02.jpg,IS_III_C02_D02,/kaggle/working/MDFS/data/CID2013/extracted/IS3/co2/IS_III_C02_D02.jpg,IS3,co2,56.6940511011672,20.73441505432129,0.3741372089989454,0
IS_III_C02_D04.jpg,IS_III_C02_D04,/kaggle/working/MDFS/data/CID2013/extracted/IS3/co2/IS_III_C02_D04.jpg,IS3,co2,26.395451150948062,23.72258186340332,0.3739033839992771,0
IS_III_C02_D06.jpg,IS_III_C02_D06,/kaggle/working/MDFS/data/CID2013/extracted/IS3/co2/IS_III_C02_D06.jpg,IS3,co2,19.332464381521355,25.532848358154297,0.3764148549998936,0
IS_III_C02_D08.jpg,IS_III_C02_D08,/kaggle/working/MDFS/data/CID2013/extracted/IS3/co2/IS_III_C02_D08.jpg,IS3,co2,42.08499087751279,21.874290466308597,0.3596835650005232,0
IS_III_C02_D10.jpg,IS_III_C02_D10,/kaggle/working/MDFS/data/CID2013/extracted/IS3/co2/IS_III_C02_D10.jpg,IS3,co2,21.337401377912343,23.72833824157715,0.3736167709994333,0
IS_III_C02_D12.jpg,IS_III_C02_D12,/kaggle/working/MDFS/data/CID2013/extracted/IS3/co2/IS_III_C02_D12.jpg,IS3,co2,40.508746789609575,20.791597366333008,0.3650888590000249,0
IS_III_C03_D01.jpg,IS_III_C03_D01,/kaggle/working/MDFS/data/CID2013/extracted/IS3/co3/IS_III_C03_D01.jpg,IS3,co3,50.32148867586741,19.111492156982425,0.3736155570004484,0
IS_III_C03_D03.jpg,IS_III_C03_D03,/kaggle/working/MDFS/data/CID2013/extracted/IS3/co3/IS_III_C03_D03.jpg,IS3,co3,44.640713805871705,20.9716739654541,0.3663666570009809,0
IS_III_C03_D05.jpg,IS_III_C03_D05,/kaggle/working/MDFS/data/CID2013/extracted/IS3/co3/IS_III_C03_D05.jpg,IS3,co3,3.650276593518584,28.66525650024414,0.3655065629991441,0
IS_III_C03_D07.jpg,IS_III_C03_D07,/kaggle/working/MDFS/data/CID2013/extracted/IS3/co3/IS_III_C03_D07.jpg,IS3,co3,14.735604132553537,27.5891056060791,0.3698615829998743,0
IS_III_C03_D09.jpg,IS_III_C03_D09,/kaggle/working/MDFS/data/CID2013/extracted/IS3/co3/IS_III_C03_D09.jpg,IS3,co3,35.92382717634453,21.4209041595459,0.3741098619993863,0
IS_III_C03_D11.jpg,IS_III_C03_D11,/kaggle/working/MDFS/data/CID2013/extracted/IS3/co3/IS_III_C03_D11.jpg,IS3,co3,38.82157275636034,20.23468971252441,0.3686035589998937,0
IS_III_C03_D13.jpg,IS_III_C03_D13,/kaggle/working/MDFS/data/CID2013/extracted/IS3/co3/IS_III_C03_D13.jpg,IS3,co3,18.86963630082039,25.20897674560547,0.3639665190003143,0
IS_III_C04_D02.jpg,IS_III_C04_D02,/kaggle/working/MDFS/data/CID2013/extracted/IS3/co4/IS_III_C04_D02.jpg,IS3,co4,72.29139163632611,19.517087936401367,0.3754679670000769,0
IS_III_C04_D04.jpg,IS_III_C04_D04,/kaggle/working/MDFS/data/CID2013/extracted/IS3/co4/IS_III_C04_D04.jpg,IS3,co4,74.37374844518921,19.941524505615234,0.3726720570011821,0
IS_III_C04_D06.jpg,IS_III_C04_D06,/kaggle/working/MDFS/data/CID2013/extracted/IS3/co4/IS_III_C04_D06.jpg,IS3,co4,63.23650236511895,20.963945388793945,0.3682551229994715,0
IS_III_C04_D08.jpg,IS_III_C04_D08,/kaggle/working/MDFS/data/CID2013/extracted/IS3/co4/IS_III_C04_D08.jpg,IS3,co4,58.08204841735834,20.333820343017575,0.3710400620002474,0
IS_III_C04_D10.jpg,IS_III_C04_D10,/kaggle/working/MDFS/data/CID2013/extracted/IS3/co4/IS_III_C04_D10.jpg,IS3,co4,69.79361818981096,19.929214477539062,0.3697628200006875,0
IS_III_C04_D12.jpg,IS_III_C04_D12,/kaggle/working/MDFS/data/CID2013/extracted/IS3/co4/IS_III_C04_D12.jpg,IS3,co4,70.69895227005054,19.3353214263916,0.3640096330000233,0
IS_III_C05_D01.jpg,IS_III_C05_D01,/kaggle/working/MDFS/data/CID2013/extracted/IS3/co5/IS_III_C05_D01.jpg,IS3,co5,68.70337127371833,19.09110450744629,0.3710615920008422,0
IS_III_C05_D03.jpg,IS_III_C05_D03,/kaggle/working/MDFS/data/CID2013/extracted/IS3/co5/IS_III_C05_D03.jpg,IS3,co5,72.31359980924002,19.9716739654541,0.3706792639986815,0
IS_III_C05_D05.jpg,IS_III_C05_D05,/kaggle/working/MDFS/data/CID2013/extracted/IS3/co5/IS_III_C05_D05.jpg,IS3,co5,37.67269416771985,20.685810089111328,0.3753987750005763,0
IS_III_C05_D07.jpg,IS_III_C05_D07,/kaggle/working/MDFS/data/CID2013/extracted/IS3/co5/IS_III_C05_D07.jpg,IS3,co5,45.717849584641634,20.582012176513672,0.3691831579999416,0
IS_III_C05_D09.jpg,IS_III_C05_D09,/kaggle/working/MDFS/data/CID2013/extracted/IS3/co5/IS_III_C05_D09.jpg,IS3,co5,75.9814337622023,19.15264320373535,0.3692126919995644,0
IS_III_C05_D11.jpg,IS_III_C05_D11,/kaggle/working/MDFS/data/CID2013/extracted/IS3/co5/IS_III_C05_D11.jpg,IS3,co5,66.61440972743593,19.7547607421875,0.3672923459998856,0
IS_III_C05_D13.jpg,IS_III_C05_D13,/kaggle/working/MDFS/data/CID2013/extracted/IS3/co5/IS_III_C05_D13.jpg,IS3,co5,42.95850525093065,20.36201286315918,0.3648604939990036,0
IS_III_C06_D02.jpg,IS_III_C06_D02,/kaggle/working/MDFS/data/CID2013/extracted/IS3/co6/IS_III_C06_D02.jpg,IS3,co6,70.16986846944143,18.85557746887207,0.3658972840003116,0
IS_III_C06_D04.jpg,IS_III_C06_D04,/kaggle/working/MDFS/data/CID2013/extracted/IS3/co6/IS_III_C06_D04.jpg,IS3,co6,39.7704797581003,19.7217960357666,0.3660965519993624,0
IS_III_C06_D06.jpg,IS_III_C06_D06,/kaggle/working/MDFS/data/CID2013/extracted/IS3/co6/IS_III_C06_D06.jpg,IS3,co6,32.97760807783587,21.39920425415039,0.3649668039997777,0
IS_III_C06_D08.jpg,IS_III_C06_D08,/kaggle/working/MDFS/data/CID2013/extracted/IS3/co6/IS_III_C06_D08.jpg,IS3,co6,71.01695617638894,19.260637283325195,0.3698979909986519,0
IS_III_C06_D10.jpg,IS_III_C06_D10,/kaggle/working/MDFS/data/CID2013/extracted/IS3/co6/IS_III_C06_D10.jpg,IS3,co6,50.87150007188238,19.932790756225582,0.3664221750004799,0
IS_III_C06_D12.jpg,IS_III_C06_D12,/kaggle/working/MDFS/data/CID2013/extracted/IS3/co6/IS_III_C06_D12.jpg,IS3,co6,61.91855705824222,19.259462356567383,0.3629849610006204,0
IS_IV_C01_D01.jpg,IS_IV_C01_D01,/kaggle/working/MDFS/data/CID2013/extracted/IS4/co1/IS_IV_C01_D01.jpg,IS4,co1,43.49990983873264,22.179357528686523,0.3584595780012023,0
IS_IV_C01_D03.jpg,IS_IV_C01_D03,/kaggle/working/MDFS/data/CID2013/extracted/IS4/co1/IS_IV_C01_D03.jpg,IS4,co1,61.04882767323344,21.15694808959961,0.3548323070008337,0
IS_IV_C01_D05.jpg,IS_IV_C01_D05,/kaggle/working/MDFS/data/CID2013/extracted/IS4/co1/IS_IV_C01_D05.jpg,IS4,co1,44.87920557363772,22.420656204223636,0.3558888190000289,0
IS_IV_C01_D07.jpg,IS_IV_C01_D07,/kaggle/working/MDFS/data/CID2013/extracted/IS4/co1/IS_IV_C01_D07.jpg,IS4,co1,40.14168509567246,22.61663818359375,0.3487296869989222,0
IS_IV_C01_D09.jpg,IS_IV_C01_D09,/kaggle/working/MDFS/data/CID2013/extracted/IS4/co1/IS_IV_C01_D09.jpg,IS4,co1,11.936528854033964,27.798677444458008,0.3585106030004681,0
IS_IV_C01_D11.jpg,IS_IV_C01_D11,/kaggle/working/MDFS/data/CID2013/extracted/IS4/co1/IS_IV_C01_D11.jpg,IS4,co1,20.52176281070946,28.24327087402344,0.3554478840014781,0
IS_IV_C01_D13.jpg,IS_IV_C01_D13,/kaggle/working/MDFS/data/CID2013/extracted/IS4/co1/IS_IV_C01_D13.jpg,IS4,co1,61.43362629968216,20.87845802307129,0.3511608459994022,0
IS_IV_C02_D02.jpg,IS_IV_C02_D02,/kaggle/working/MDFS/data/CID2013/extracted/IS4/co2/IS_IV_C02_D02.jpg,IS4,co2,56.92049734900057,19.23684501647949,0.3518006869999226,0
IS_IV_C02_D04.jpg,IS_IV_C02_D04,/kaggle/working/MDFS/data/CID2013/extracted/IS4/co2/IS_IV_C02_D04.jpg,IS4,co2,25.47289123449524,23.53555679321289,0.360520632000771,0
IS_IV_C02_D06.jpg,IS_IV_C02_D06,/kaggle/working/MDFS/data/CID2013/extracted/IS4/co2/IS_IV_C02_D06.jpg,IS4,co2,38.62855622568265,21.01836395263672,0.3590899049995641,0
IS_IV_C02_D08.jpg,IS_IV_C02_D08,/kaggle/working/MDFS/data/CID2013/extracted/IS4/co2/IS_IV_C02_D08.jpg,IS4,co2,28.58096560358272,22.94941711425781,0.352857882000535,0
IS_IV_C02_D10.jpg,IS_IV_C02_D10,/kaggle/working/MDFS/data/CID2013/extracted/IS4/co2/IS_IV_C02_D10.jpg,IS4,co2,36.15943702751729,20.65311813354492,0.3588781770013156,0
IS_IV_C02_D12.jpg,IS_IV_C02_D12,/kaggle/working/MDFS/data/CID2013/extracted/IS4/co2/IS_IV_C02_D12.jpg,IS4,co2,32.4261305134986,23.084346771240234,0.3571520719997352,0
IS_IV_C03_D01.jpg,IS_IV_C03_D01,/kaggle/working/MDFS/data/CID2013/extracted/IS4/co3/IS_IV_C03_D01.jpg,IS4,co3,10.711468836145356,25.985734939575195,0.3553962860005413,0
IS_IV_C03_D03.jpg,IS_IV_C03_D03,/kaggle/working/MDFS/data/CID2013/extracted/IS4/co3/IS_IV_C03_D03.jpg,IS4,co3,39.81530323612281,21.05688095092773,0.3608977229996526,0
IS_IV_C03_D05.jpg,IS_IV_C03_D05,/kaggle/working/MDFS/data/CID2013/extracted/IS4/co3/IS_IV_C03_D05.jpg,IS4,co3,30.418010808651523,23.05308723449707,0.3602908860011666,0
IS_IV_C03_D07.jpg,IS_IV_C03_D07,/kaggle/working/MDFS/data/CID2013/extracted/IS4/co3/IS_IV_C03_D07.jpg,IS4,co3,20.18023470009961,23.37018775939941,0.3541172909990564,0
IS_IV_C03_D09.jpg,IS_IV_C03_D09,/kaggle/working/MDFS/data/CID2013/extracted/IS4/co3/IS_IV_C03_D09.jpg,IS4,co3,4.940605386279059,27.25797843933105,0.3579603779999161,0
IS_IV_C03_D11.jpg,IS_IV_C03_D11,/kaggle/working/MDFS/data/CID2013/extracted/IS4/co3/IS_IV_C03_D11.jpg,IS4,co3,9.078433889314155,26.92908477783203,0.3582219489999261,0
IS_IV_C03_D13.jpg,IS_IV_C03_D13,/kaggle/working/MDFS/data/CID2013/extracted/IS4/co3/IS_IV_C03_D13.jpg,IS4,co3,33.42559943429234,21.096508026123047,0.3535876149999239,0
IS_IV_C04_D02.jpg,IS_IV_C04_D02,/kaggle/working/MDFS/data/CID2013/extracted/IS4/co4/IS_IV_C04_D02.jpg,IS4,co4,79.5850904425369,18.61855697631836,0.3549848380007461,0
IS_IV_C04_D04.jpg,IS_IV_C04_D04,/kaggle/working/MDFS/data/CID2013/extracted/IS4/co4/IS_IV_C04_D04.jpg,IS4,co4,70.79510195871177,20.428970336914062,0.362834911000391,0
IS_IV_C04_D06.jpg,IS_IV_C04_D06,/kaggle/working/MDFS/data/CID2013/extracted/IS4/co4/IS_IV_C04_D06.jpg,IS4,co4,74.2400661820187,19.73335266113281,0.3642918200002896,0
IS_IV_C04_D08.jpg,IS_IV_C04_D08,/kaggle/working/MDFS/data/CID2013/extracted/IS4/co4/IS_IV_C04_D08.jpg,IS4,co4,74.71786777476454,20.051490783691406,0.3641879290007637,0
IS_IV_C04_D10.jpg,IS_IV_C04_D10,/kaggle/working/MDFS/data/CID2013/extracted/IS4/co4/IS_IV_C04_D10.jpg,IS4,co4,70.82122124387683,19.246734619140625,0.3551044920004642,0
IS_IV_C04_D12.jpg,IS_IV_C04_D12,/kaggle/working/MDFS/data/CID2013/extracted/IS4/co4/IS_IV_C04_D12.jpg,IS4,co4,70.19760691225507,19.618173599243164,0.3551239359985629,0
IS_IV_C05_D01.jpg,IS_IV_C05_D01,/kaggle/working/MDFS/data/CID2013/extracted/IS4/co5/IS_IV_C05_D01.jpg,IS4,co5,65.15314468621685,20.13483428955078,0.3505838620003487,0
IS_IV_C05_D03.jpg,IS_IV_C05_D03,/kaggle/working/MDFS/data/CID2013/extracted/IS4/co5/IS_IV_C05_D03.jpg,IS4,co5,50.42631934227258,20.318416595458984,0.3540107999997417,0
IS_IV_C05_D05.jpg,IS_IV_C05_D05,/kaggle/working/MDFS/data/CID2013/extracted/IS4/co5/IS_IV_C05_D05.jpg,IS4,co5,61.297002601352624,21.455650329589844,0.3586305690005247,0
IS_IV_C05_D07.jpg,IS_IV_C05_D07,/kaggle/working/MDFS/data/CID2013/extracted/IS4/co5/IS_IV_C05_D07.jpg,IS4,co5,66.33885887520432,19.894296646118164,0.3555407769999874,0
IS_IV_C05_D09.jpg,IS_IV_C05_D09,/kaggle/working/MDFS/data/CID2013/extracted/IS4/co5/IS_IV_C05_D09.jpg,IS4,co5,57.98018824096654,20.851531982421875,0.3489434459988842,0
IS_IV_C05_D11.jpg,IS_IV_C05_D11,/kaggle/working/MDFS/data/CID2013/extracted/IS4/co5/IS_IV_C05_D11.jpg,IS4,co5,54.89651342018922,21.521333694458008,0.3463247139989107,0
IS_IV_C05_D13.jpg,IS_IV_C05_D13,/kaggle/working/MDFS/data/CID2013/extracted/IS4/co5/IS_IV_C05_D13.jpg,IS4,co5,72.89572960181778,20.568328857421875,0.3510046169994893,0
IS_IV_C06_D02.jpg,IS_IV_C06_D02,/kaggle/working/MDFS/data/CID2013/extracted/IS4/co6/IS_IV_C06_D02.jpg,IS4,co6,79.90408598859365,18.483963012695312,0.343148193000161,0
IS_IV_C06_D04.jpg,IS_IV_C06_D04,/kaggle/working/MDFS/data/CID2013/extracted/IS4/co6/IS_IV_C06_D04.jpg,IS4,co6,26.306875313051687,23.2518367767334,0.3441706749999866,0
IS_IV_C06_D06.jpg,IS_IV_C06_D06,/kaggle/working/MDFS/data/CID2013/extracted/IS4/co6/IS_IV_C06_D06.jpg,IS4,co6,82.60292426918552,19.636615753173828,0.3441728739999234,0
IS_IV_C06_D08.jpg,IS_IV_C06_D08,/kaggle/working/MDFS/data/CID2013/extracted/IS4/co6/IS_IV_C06_D08.jpg,IS4,co6,74.43186203777306,19.993709564208984,0.3436190619995614,0
IS_IV_C06_D10.jpg,IS_IV_C06_D10,/kaggle/working/MDFS/data/CID2013/extracted/IS4/co6/IS_IV_C06_D10.jpg,IS4,co6,69.81359635225148,19.679105758666992,0.3452713859987852,0
IS_IV_C06_D12.jpg,IS_IV_C06_D12,/kaggle/working/MDFS/data/CID2013/extracted/IS4/co6/IS_IV_C06_D12.jpg,IS4,co6,67.36693144775266,20.16125869750977,0.3507713469989539,0
IS_V_C01_D01.jpg,IS_V_C01_D01,/kaggle/working/MDFS/data/CID2013/extracted/IS5/co1/IS_V_C01_D01.jpg,IS5,co1,42.09717512262773,23.110877990722656,0.3466854809994402,0
IS_V_C01_D03.jpg,IS_V_C01_D03,/kaggle/working/MDFS/data/CID2013/extracted/IS5/co1/IS_V_C01_D03.jpg,IS5,co1,69.39695296023112,21.68739318847656,0.3437565450003603,0
IS_V_C01_D05.jpg,IS_V_C01_D05,/kaggle/working/MDFS/data/CID2013/extracted/IS5/co1/IS_V_C01_D05.jpg,IS5,co1,7.901030783732065,33.37643051147461,0.3360932020004838,0
IS_V_C01_D07.jpg,IS_V_C01_D07,/kaggle/working/MDFS/data/CID2013/extracted/IS5/co1/IS_V_C01_D07.jpg,IS5,co1,59.49635527415279,20.73607635498047,0.3417616469996574,0
IS_V_C01_D09.jpg,IS_V_C01_D09,/kaggle/working/MDFS/data/CID2013/extracted/IS5/co1/IS_V_C01_D09.jpg,IS5,co1,71.35184395284485,21.03965187072754,0.345542093999029,0
IS_V_C01_D11.jpg,IS_V_C01_D11,/kaggle/working/MDFS/data/CID2013/extracted/IS5/co1/IS_V_C01_D11.jpg,IS5,co1,39.23934362924179,23.714500427246094,0.3341329249997216,0
IS_V_C02_D01.jpg,IS_V_C02_D01,/kaggle/working/MDFS/data/CID2013/extracted/IS5/co2/IS_V_C02_D01.jpg,IS5,co2,38.5272763473874,22.734601974487305,0.3461493350005185,0
IS_V_C02_D03.jpg,IS_V_C02_D03,/kaggle/working/MDFS/data/CID2013/extracted/IS5/co2/IS_V_C02_D03.jpg,IS5,co2,59.15179687139501,20.24864959716797,0.3492795729998761,0
IS_V_C02_D05.jpg,IS_V_C02_D05,/kaggle/working/MDFS/data/CID2013/extracted/IS5/co2/IS_V_C02_D05.jpg,IS5,co2,18.211012192081743,26.5774040222168,0.3424339260000124,0
IS_V_C02_D07.jpg,IS_V_C02_D07,/kaggle/working/MDFS/data/CID2013/extracted/IS5/co2/IS_V_C02_D07.jpg,IS5,co2,45.59335338348228,20.70343017578125,0.3475031870002567,0
IS_V_C02_D09.jpg,IS_V_C02_D09,/kaggle/working/MDFS/data/CID2013/extracted/IS5/co2/IS_V_C02_D09.jpg,IS5,co2,56.73271723255817,19.511518478393555,0.3405933100002585,0
IS_V_C02_D11.jpg,IS_V_C02_D11,/kaggle/working/MDFS/data/CID2013/extracted/IS5/co2/IS_V_C02_D11.jpg,IS5,co2,29.85044331361039,24.218807220458984,0.3425073189991963,0
IS_V_C03_D01.jpg,IS_V_C03_D01,/kaggle/working/MDFS/data/CID2013/extracted/IS5/co3/IS_V_C03_D01.jpg,IS5,co3,27.26195408144689,23.767261505126957,0.3517314829987299,0
IS_V_C03_D03.jpg,IS_V_C03_D03,/kaggle/working/MDFS/data/CID2013/extracted/IS5/co3/IS_V_C03_D03.jpg,IS5,co3,48.795248336348216,20.230566024780277,0.3433476589998463,0
IS_V_C03_D05.jpg,IS_V_C03_D05,/kaggle/working/MDFS/data/CID2013/extracted/IS5/co3/IS_V_C03_D05.jpg,IS5,co3,8.534633264632415,30.43978309631348,0.3407164979998924,0
IS_V_C03_D07.jpg,IS_V_C03_D07,/kaggle/working/MDFS/data/CID2013/extracted/IS5/co3/IS_V_C03_D07.jpg,IS5,co3,29.16198616438245,21.97024726867676,0.3438740670007973,0
IS_V_C03_D09.jpg,IS_V_C03_D09,/kaggle/working/MDFS/data/CID2013/extracted/IS5/co3/IS_V_C03_D09.jpg,IS5,co3,50.81344772348181,19.78560256958008,0.3493189920009172,0
IS_V_C03_D11.jpg,IS_V_C03_D11,/kaggle/working/MDFS/data/CID2013/extracted/IS5/co3/IS_V_C03_D11.jpg,IS5,co3,17.783626424031155,25.37855339050293,0.3405049549983232,0
IS_V_C05_D01.jpg,IS_V_C05_D01,/kaggle/working/MDFS/data/CID2013/extracted/IS5/co5/IS_V_C05_D01.jpg,IS5,co5,45.96027489660088,25.66537857055664,0.3409943160004332,0
IS_V_C05_D03.jpg,IS_V_C05_D03,/kaggle/working/MDFS/data/CID2013/extracted/IS5/co5/IS_V_C05_D03.jpg,IS5,co5,81.74901549136753,19.63294792175293,0.3576402039998356,0
IS_V_C05_D05.jpg,IS_V_C05_D05,/kaggle/working/MDFS/data/CID2013/extracted/IS5/co5/IS_V_C05_D05.jpg,IS5,co5,33.26197431249979,26.959930419921875,0.3381903359986609,0
IS_V_C05_D07.jpg,IS_V_C05_D07,/kaggle/working/MDFS/data/CID2013/extracted/IS5/co5/IS_V_C05_D07.jpg,IS5,co5,75.79882617818583,21.150495529174805,0.342588468998656,0
IS_V_C05_D09.jpg,IS_V_C05_D09,/kaggle/working/MDFS/data/CID2013/extracted/IS5/co5/IS_V_C05_D09.jpg,IS5,co5,81.53323810470349,20.496997833251957,0.3448170079991541,0
IS_V_C05_D11.jpg,IS_V_C05_D11,/kaggle/working/MDFS/data/CID2013/extracted/IS5/co5/IS_V_C05_D11.jpg,IS5,co5,46.41355047522044,26.426424026489254,0.343485490000603,0
IS_V_C06_D01.jpg,IS_V_C06_D01,/kaggle/working/MDFS/data/CID2013/extracted/IS5/co6/IS_V_C06_D01.jpg,IS5,co6,62.45561711920347,19.483640670776367,0.3471026919996802,0
IS_V_C06_D03.jpg,IS_V_C06_D03,/kaggle/working/MDFS/data/CID2013/extracted/IS5/co6/IS_V_C06_D03.jpg,IS5,co6,82.67039139413968,18.7310791015625,0.3441400909996446,0
IS_V_C06_D05.jpg,IS_V_C06_D05,/kaggle/working/MDFS/data/CID2013/extracted/IS5/co6/IS_V_C06_D05.jpg,IS5,co6,35.30363891539423,23.675201416015625,0.3403727780005283,0
IS_V_C06_D07.jpg,IS_V_C06_D07,/kaggle/working/MDFS/data/CID2013/extracted/IS5/co6/IS_V_C06_D07.jpg,IS5,co6,74.18347319290866,18.48556900024414,0.3451368530004401,0
IS_V_C06_D09.jpg,IS_V_C06_D09,/kaggle/working/MDFS/data/CID2013/extracted/IS5/co6/IS_V_C06_D09.jpg,IS5,co6,86.38814490175952,18.51620864868164,0.344141228000808,0
IS_V_C06_D11.jpg,IS_V_C06_D11,/kaggle/working/MDFS/data/CID2013/extracted/IS5/co6/IS_V_C06_D11.jpg,IS5,co6,59.50607226753528,20.503149032592773,0.3447312930002226,0
IS_V_C08_D01.jpg,IS_V_C08_D01,/kaggle/working/MDFS/data/CID2013/extracted/IS5/co8/IS_V_C08_D01.jpg,IS5,co8,39.65242889464388,21.139068603515625,0.3415111020003678,0
IS_V_C08_D03.jpg,IS_V_C08_D03,/kaggle/working/MDFS/data/CID2013/extracted/IS5/co8/IS_V_C08_D03.jpg,IS5,co8,64.14188410765128,20.35294914245605,0.3417355310011771,0
IS_V_C08_D05.jpg,IS_V_C08_D05,/kaggle/working/MDFS/data/CID2013/extracted/IS5/co8/IS_V_C08_D05.jpg,IS5,co8,4.7599905870909325,25.80730628967285,0.3417563620005239,0
IS_V_C08_D07.jpg,IS_V_C08_D07,/kaggle/working/MDFS/data/CID2013/extracted/IS5/co8/IS_V_C08_D07.jpg,IS5,co8,55.519069982700586,20.94805908203125,0.3322505599990109,0
IS_V_C08_D09.jpg,IS_V_C08_D09,/kaggle/working/MDFS/data/CID2013/extracted/IS5/co8/IS_V_C08_D09.jpg,IS5,co8,63.24047875132198,20.22566032409668,0.337585751000006,0
IS_V_C08_D11.jpg,IS_V_C08_D11,/kaggle/working/MDFS/data/CID2013/extracted/IS5/co8/IS_V_C08_D11.jpg,IS5,co8,37.320815305875314,22.16073608398437,0.3434671550003259,0
IS_VI_C01_D01.jpg,IS_VI_C01_D01,/kaggle/working/MDFS/data/CID2013/extracted/IS6/co1/IS_VI_C01_D01.jpg,IS6,co1,3.192850703654879,34.74540710449219,0.336019368000052,0
IS_VI_C01_D03.jpg,IS_VI_C01_D03,/kaggle/working/MDFS/data/CID2013/extracted/IS6/co1/IS_VI_C01_D03.jpg,IS6,co1,1.253204148337551,33.274906158447266,0.3314223000015772,0
IS_VI_C01_D05.jpg,IS_VI_C01_D05,/kaggle/working/MDFS/data/CID2013/extracted/IS6/co1/IS_VI_C01_D05.jpg,IS6,co1,29.96697976179616,24.29817008972168,0.3420587239997985,0
IS_VI_C01_D07.jpg,IS_VI_C01_D07,/kaggle/working/MDFS/data/CID2013/extracted/IS6/co1/IS_VI_C01_D07.jpg,IS6,co1,64.78111064670057,20.331823348999023,0.341408895999848,0
IS_VI_C01_D09.jpg,IS_VI_C01_D09,/kaggle/working/MDFS/data/CID2013/extracted/IS6/co1/IS_VI_C01_D09.jpg,IS6,co1,50.70736078815569,21.963525772094727,0.3459183039994968,0
IS_VI_C01_D11.jpg,IS_VI_C01_D11,/kaggle/working/MDFS/data/CID2013/extracted/IS6/co1/IS_VI_C01_D11.jpg,IS6,co1,65.01549084892265,20.848398208618164,0.3417166729996097,0
IS_VI_C01_D13.jpg,IS_VI_C01_D13,/kaggle/working/MDFS/data/CID2013/extracted/IS6/co1/IS_VI_C01_D13.jpg,IS6,co1,41.73208722041465,23.630844116210938,0.3418871750000107,0
IS_VI_C02_D01.jpg,IS_VI_C02_D01,/kaggle/working/MDFS/data/CID2013/extracted/IS6/co2/IS_VI_C02_D01.jpg,IS6,co2,15.299404424372227,26.453632354736328,0.3412496339988138,0
IS_VI_C02_D03.jpg,IS_VI_C02_D03,/kaggle/working/MDFS/data/CID2013/extracted/IS6/co2/IS_VI_C02_D03.jpg,IS6,co2,33.13377041814247,24.43282699584961,0.3402065659993241,0
IS_VI_C02_D05.jpg,IS_VI_C02_D05,/kaggle/working/MDFS/data/CID2013/extracted/IS6/co2/IS_VI_C02_D05.jpg,IS6,co2,29.36740506525532,24.530797958374023,0.3426351889993384,0
IS_VI_C02_D07.jpg,IS_VI_C02_D07,/kaggle/working/MDFS/data/CID2013/extracted/IS6/co2/IS_VI_C02_D07.jpg,IS6,co2,52.47195627055529,20.80885505676269,0.3438324240014481,0
IS_VI_C02_D09.jpg,IS_VI_C02_D09,/kaggle/working/MDFS/data/CID2013/extracted/IS6/co2/IS_VI_C02_D09.jpg,IS6,co2,43.64311856579607,23.63510513305664,0.3464445219997287,0
IS_VI_C02_D11.jpg,IS_VI_C02_D11,/kaggle/working/MDFS/data/CID2013/extracted/IS6/co2/IS_VI_C02_D11.jpg,IS6,co2,47.23021100787184,21.51420783996582,0.342870712000149,0
IS_VI_C02_D13.jpg,IS_VI_C02_D13,/kaggle/working/MDFS/data/CID2013/extracted/IS6/co2/IS_VI_C02_D13.jpg,IS6,co2,35.06736693787043,23.067886352539062,0.3389364769991516,0
IS_VI_C03_D01.jpg,IS_VI_C03_D01,/kaggle/working/MDFS/data/CID2013/extracted/IS6/co3/IS_VI_C03_D01.jpg,IS6,co3,1.9607061325302624,28.20671844482422,0.34235594600068,0
IS_VI_C03_D03.jpg,IS_VI_C03_D03,/kaggle/working/MDFS/data/CID2013/extracted/IS6/co3/IS_VI_C03_D03.jpg,IS6,co3,2.2782403090726646,28.95825958251953,0.3358280940010445,0
IS_VI_C03_D05.jpg,IS_VI_C03_D05,/kaggle/working/MDFS/data/CID2013/extracted/IS6/co3/IS_VI_C03_D05.jpg,IS6,co3,11.424100466978423,26.143718719482425,0.3431652420003956,0
IS_VI_C03_D07.jpg,IS_VI_C03_D07,/kaggle/working/MDFS/data/CID2013/extracted/IS6/co3/IS_VI_C03_D07.jpg,IS6,co3,38.82461443879348,21.49576568603516,0.3434370909999416,0
IS_VI_C03_D09.jpg,IS_VI_C03_D09,/kaggle/working/MDFS/data/CID2013/extracted/IS6/co3/IS_VI_C03_D09.jpg,IS6,co3,27.05530194370121,23.43897819519043,0.3481650009998702,0
IS_VI_C03_D11.jpg,IS_VI_C03_D11,/kaggle/working/MDFS/data/CID2013/extracted/IS6/co3/IS_VI_C03_D11.jpg,IS6,co3,28.8326201158443,22.201194763183597,0.3417714070001239,0
IS_VI_C03_D13.jpg,IS_VI_C03_D13,/kaggle/working/MDFS/data/CID2013/extracted/IS6/co3/IS_VI_C03_D13.jpg,IS6,co3,25.097250970195216,23.83978843688965,0.3413805769996543,0
IS_VI_C06_D01.jpg,IS_VI_C06_D01,/kaggle/working/MDFS/data/CID2013/extracted/IS6/co6/IS_VI_C06_D01.jpg,IS6,co6,29.837869196392987,25.161680221557617,0.3386338229993271,0
IS_VI_C06_D03.jpg,IS_VI_C06_D03,/kaggle/working/MDFS/data/CID2013/extracted/IS6/co6/IS_VI_C06_D03.jpg,IS6,co6,46.24860204760765,22.18113899230957,0.338123468998674,0
IS_VI_C06_D05.jpg,IS_VI_C06_D05,/kaggle/working/MDFS/data/CID2013/extracted/IS6/co6/IS_VI_C06_D05.jpg,IS6,co6,64.80544409554746,19.96107482910156,0.3432796860015514,0
IS_VI_C06_D07.jpg,IS_VI_C06_D07,/kaggle/working/MDFS/data/CID2013/extracted/IS6/co6/IS_VI_C06_D07.jpg,IS6,co6,84.14365234908934,18.44882202148437,0.3466307920007239,0
IS_VI_C06_D09.jpg,IS_VI_C06_D09,/kaggle/working/MDFS/data/CID2013/extracted/IS6/co6/IS_VI_C06_D09.jpg,IS6,co6,63.9353049070648,19.706846237182617,0.345415026999035,0
IS_VI_C06_D11.jpg,IS_VI_C06_D11,/kaggle/working/MDFS/data/CID2013/extracted/IS6/co6/IS_VI_C06_D11.jpg,IS6,co6,74.8499793964274,19.07041358947754,0.3385087940005178,0
IS_VI_C06_D13.jpg,IS_VI_C06_D13,/kaggle/working/MDFS/data/CID2013/extracted/IS6/co6/IS_VI_C06_D13.jpg,IS6,co6,78.0896654028663,18.75589179992676,0.343701214000248,0
IS_VI_C07_D01.jpg,IS_VI_C07_D01,/kaggle/working/MDFS/data/CID2013/extracted/IS6/co7/IS_VI_C07_D01.jpg,IS6,co7,1.6737181102376206,29.949708938598636,0.3308283149999624,0
IS_VI_C07_D03.jpg,IS_VI_C07_D03,/kaggle/working/MDFS/data/CID2013/extracted/IS6/co7/IS_VI_C07_D03.jpg,IS6,co7,2.6358961153180007,27.249431610107425,0.328287618000104,0
IS_VI_C07_D05.jpg,IS_VI_C07_D05,/kaggle/working/MDFS/data/CID2013/extracted/IS6/co7/IS_VI_C07_D05.jpg,IS6,co7,27.38090193192233,25.37820816040039,0.3346187630013446,0
IS_VI_C07_D07.jpg,IS_VI_C07_D07,/kaggle/working/MDFS/data/CID2013/extracted/IS6/co7/IS_VI_C07_D07.jpg,IS6,co7,47.23644922492725,21.3568058013916,0.3392274660000112,0
IS_VI_C07_D09.jpg,IS_VI_C07_D09,/kaggle/working/MDFS/data/CID2013/extracted/IS6/co7/IS_VI_C07_D09.jpg,IS6,co7,27.064306772423727,24.413997650146484,0.3388556909994804,0
IS_VI_C07_D11.jpg,IS_VI_C07_D11,/kaggle/working/MDFS/data/CID2013/extracted/IS6/co7/IS_VI_C07_D11.jpg,IS6,co7,33.28059428580863,23.83758544921875,0.334855859999152,0
IS_VI_C07_D13.jpg,IS_VI_C07_D13,/kaggle/working/MDFS/data/CID2013/extracted/IS6/co7/IS_VI_C07_D13.jpg,IS6,co7,36.32252313648103,22.95153045654297,0.3361517940011254,0
IS_VI_C08_D01.jpg,IS_VI_C08_D01,/kaggle/working/MDFS/data/CID2013/extracted/IS6/co8/IS_VI_C08_D01.jpg,IS6,co8,12.771773450985435,24.428865432739254,0.3304036350000388,0
IS_VI_C08_D03.jpg,IS_VI_C08_D03,/kaggle/working/MDFS/data/CID2013/extracted/IS6/co8/IS_VI_C08_D03.jpg,IS6,co8,29.60191714610685,21.95815658569336,0.3287639360005414,0
IS_VI_C08_D05.jpg,IS_VI_C08_D05,/kaggle/working/MDFS/data/CID2013/extracted/IS6/co8/IS_VI_C08_D05.jpg,IS6,co8,39.58178989015835,21.003576278686523,0.3308553940005367,0
IS_VI_C08_D07.jpg,IS_VI_C08_D07,/kaggle/working/MDFS/data/CID2013/extracted/IS6/co8/IS_VI_C08_D07.jpg,IS6,co8,66.97423063412403,20.29279518127441,0.3393098779997672,0
IS_VI_C08_D09.jpg,IS_VI_C08_D09,/kaggle/working/MDFS/data/CID2013/extracted/IS6/co8/IS_VI_C08_D09.jpg,IS6,co8,29.93269701298715,21.29355812072754,0.3345906690010451,0
IS_VI_C08_D11.jpg,IS_VI_C08_D11,/kaggle/working/MDFS/data/CID2013/extracted/IS6/co8/IS_VI_C08_D11.jpg,IS6,co8,40.33472936699228,20.478551864624023,0.3366800490002788,0
IS_VI_C08_D13.jpg,IS_VI_C08_D13,/kaggle/working/MDFS/data/CID2013/extracted/IS6/co8/IS_VI_C08_D13.jpg,IS6,co8,50.25414986913692,21.397951126098636,0.3387920410004881,0
IS_I_C01_D02.jpg,IS_I_C01_D02,/kaggle/working/MDFS/data/CID2013/extracted/IS1/co1/IS_I_C01_D02.jpg,IS1,co1,71.18189020792481,22.404823303222656,0.8056725709993771,1
IS_I_C01_D04.jpg,IS_I_C01_D04,/kaggle/working/MDFS/data/CID2013/extracted/IS1/co1/IS_I_C01_D04.jpg,IS1,co1,3.604864385643294,33.43721008300781,0.3099773379999533,1
IS_I_C01_D06.jpg,IS_I_C01_D06,/kaggle/working/MDFS/data/CID2013/extracted/IS1/co1/IS_I_C01_D06.jpg,IS1,co1,20.307932539177987,30.14201545715332,0.3123641710008087,1
IS_I_C01_D08.jpg,IS_I_C01_D08,/kaggle/working/MDFS/data/CID2013/extracted/IS1/co1/IS_I_C01_D08.jpg,IS1,co1,49.063366582178894,24.125307083129883,0.3068220460008888,1
IS_I_C01_D10.jpg,IS_I_C01_D10,/kaggle/working/MDFS/data/CID2013/extracted/IS1/co1/IS_I_C01_D10.jpg,IS1,co1,52.176152453006885,24.88686752319336,0.304607929998383,1
IS_I_C01_D12.jpg,IS_I_C01_D12,/kaggle/working/MDFS/data/CID2013/extracted/IS1/co1/IS_I_C01_D12.jpg,IS1,co1,25.24092770953272,27.523273468017575,0.3042254520005372,1
IS_I_C01_D14.jpg,IS_I_C01_D14,/kaggle/working/MDFS/data/CID2013/extracted/IS1/co1/IS_I_C01_D14.jpg,IS1,co1,55.71241105543697,21.13235282897949,0.3127510890008125,1
IS_I_C02_D02.jpg,IS_I_C02_D02,/kaggle/working/MDFS/data/CID2013/extracted/IS1/co2/IS_I_C02_D02.jpg,IS1,co2,58.0406571932505,20.501399993896484,0.3109996250004769,1
IS_I_C02_D04.jpg,IS_I_C02_D04,/kaggle/working/MDFS/data/CID2013/extracted/IS1/co2/IS_I_C02_D04.jpg,IS1,co2,28.0510117821647,24.05404663085937,0.3026825849992747,1
IS_I_C02_D06.jpg,IS_I_C02_D06,/kaggle/working/MDFS/data/CID2013/extracted/IS1/co2/IS_I_C02_D06.jpg,IS1,co2,18.55251126214866,24.96707534790039,0.3180894100005389,1
IS_I_C02_D08.jpg,IS_I_C02_D08,/kaggle/working/MDFS/data/CID2013/extracted/IS1/co2/IS_I_C02_D08.jpg,IS1,co2,43.66863931104205,23.330415725708008,0.3304122489989822,1
IS_I_C02_D10.jpg,IS_I_C02_D10,/kaggle/working/MDFS/data/CID2013/extracted/IS1/co2/IS_I_C02_D10.jpg,IS1,co2,42.370607197831866,23.787338256835938,0.3268643920000613,1
IS_I_C02_D12.jpg,IS_I_C02_D12,/kaggle/working/MDFS/data/CID2013/extracted/IS1/co2/IS_I_C02_D12.jpg,IS1,co2,20.737033023132145,23.200403213500977,0.3235204569991765,1
IS_I_C02_D14.jpg,IS_I_C02_D14,/kaggle/working/MDFS/data/CID2013/extracted/IS1/co2/IS_I_C02_D14.jpg,IS1,co2,44.57504876980038,24.10354995727539,0.3082241069987503,1
IS_I_C03_D02.jpg,IS_I_C03_D02,/kaggle/working/MDFS/data/CID2013/extracted/IS1/co3/IS_I_C03_D02.jpg,IS1,co3,50.86401558722235,20.400897979736328,0.3108859129988559,1
IS_I_C03_D04.jpg,IS_I_C03_D04,/kaggle/working/MDFS/data/CID2013/extracted/IS1/co3/IS_I_C03_D04.jpg,IS1,co3,7.370528872341481,28.691539764404297,0.3021277010011545,1
IS_I_C03_D06.jpg,IS_I_C03_D06,/kaggle/working/MDFS/data/CID2013/extracted/IS1/co3/IS_I_C03_D06.jpg,IS1,co3,2.722065383208668,29.601503372192383,0.3086438219997944,1
IS_I_C03_D08.jpg,IS_I_C03_D08,/kaggle/working/MDFS/data/CID2013/extracted/IS1/co3/IS_I_C03_D08.jpg,IS1,co3,24.028075849200864,25.57962989807129,0.3133486070000799,1
IS_I_C03_D10.jpg,IS_I_C03_D10,/kaggle/working/MDFS/data/CID2013/extracted/IS1/co3/IS_I_C03_D10.jpg,IS1,co3,29.647875717160176,24.90558433532715,0.3136661589996947,1
IS_I_C03_D12.jpg,IS_I_C03_D12,/kaggle/working/MDFS/data/CID2013/extracted/IS1/co3/IS_I_C03_D12.jpg,IS1,co3,4.639709745903342,27.624975204467773,0.3060065930003475,1
IS_I_C03_D14.jpg,IS_I_C03_D14,/kaggle/working/MDFS/data/CID2013/extracted/IS1/co3/IS_I_C03_D14.jpg,IS1,co3,35.88521319753135,23.02202415466309,0.3178030560011393,1
IS_I_C04_D02.jpg,IS_I_C04_D02,/kaggle/working/MDFS/data/CID2013/extracted/IS1/co4/IS_I_C04_D02.jpg,IS1,co4,75.22493389778404,19.32180976867676,0.3124560539999947,1
IS_I_C04_D04.jpg,IS_I_C04_D04,/kaggle/working/MDFS/data/CID2013/extracted/IS1/co4/IS_I_C04_D04.jpg,IS1,co4,61.84010447471916,20.6152458190918,0.3087499009998282,1
IS_I_C04_D06.jpg,IS_I_C04_D06,/kaggle/working/MDFS/data/CID2013/extracted/IS1/co4/IS_I_C04_D06.jpg,IS1,co4,54.31216803886361,21.89525985717773,0.3227235579997796,1
IS_I_C04_D08.jpg,IS_I_C04_D08,/kaggle/working/MDFS/data/CID2013/extracted/IS1/co4/IS_I_C04_D08.jpg,IS1,co4,76.50806888248668,20.2246036529541,0.3214289950010425,1
IS_I_C04_D10.jpg,IS_I_C04_D10,/kaggle/working/MDFS/data/CID2013/extracted/IS1/co4/IS_I_C04_D10.jpg,IS1,co4,76.656391970091,19.6411190032959,0.3200718910011346,1
IS_I_C04_D12.jpg,IS_I_C04_D12,/kaggle/working/MDFS/data/CID2013/extracted/IS1/co4/IS_I_C04_D12.jpg,IS1,co4,65.27223821261691,20.5098819732666,0.3321052920000511,1
IS_I_C04_D14.jpg,IS_I_C04_D14,/kaggle/working/MDFS/data/CID2013/extracted/IS1/co4/IS_I_C04_D14.jpg,IS1,co4,71.35867290280707,19.283706665039062,0.3303983660007361,1
IS_I_C05_D02.jpg,IS_I_C05_D02,/kaggle/working/MDFS/data/CID2013/extracted/IS1/co5/IS_I_C05_D02.jpg,IS1,co5,68.24542978778946,20.722152709960938,0.3214697999992495,1
IS_I_C05_D04.jpg,IS_I_C05_D04,/kaggle/working/MDFS/data/CID2013/extracted/IS1/co5/IS_I_C05_D04.jpg,IS1,co5,31.03066132165716,22.567964553833008,0.3081546329995035,1
IS_I_C05_D06.jpg,IS_I_C05_D06,/kaggle/working/MDFS/data/CID2013/extracted/IS1/co5/IS_I_C05_D06.jpg,IS1,co5,44.831413186148254,23.127906799316406,0.3078594660000817,1
IS_I_C05_D08.jpg,IS_I_C05_D08,/kaggle/working/MDFS/data/CID2013/extracted/IS1/co5/IS_I_C05_D08.jpg,IS1,co5,68.60369684448897,20.280431747436523,0.3151225269994029,1
IS_I_C05_D10.jpg,IS_I_C05_D10,/kaggle/working/MDFS/data/CID2013/extracted/IS1/co5/IS_I_C05_D10.jpg,IS1,co5,66.23942870728898,20.413646697998047,0.3081728180004575,1
IS_I_C05_D12.jpg,IS_I_C05_D12,/kaggle/working/MDFS/data/CID2013/extracted/IS1/co5/IS_I_C05_D12.jpg,IS1,co5,52.49314477256147,20.76310539245605,0.3062870410012692,1
IS_I_C05_D14.jpg,IS_I_C05_D14,/kaggle/working/MDFS/data/CID2013/extracted/IS1/co5/IS_I_C05_D14.jpg,IS1,co5,64.88455578639982,20.018165588378903,0.3120536249989527,1
IS_I_C06_D02.jpg,IS_I_C06_D02,/kaggle/working/MDFS/data/CID2013/extracted/IS1/co6/IS_I_C06_D02.jpg,IS1,co6,59.80910757776099,21.660802841186523,0.3102665810001781,1
IS_I_C06_D04.jpg,IS_I_C06_D04,/kaggle/working/MDFS/data/CID2013/extracted/IS1/co6/IS_I_C06_D04.jpg,IS1,co6,28.53591884673292,24.37728881835937,0.313262442999985,1
IS_I_C06_D06.jpg,IS_I_C06_D06,/kaggle/working/MDFS/data/CID2013/extracted/IS1/co6/IS_I_C06_D06.jpg,IS1,co6,74.57709229720236,22.2133903503418,0.3170167059997766,1
IS_I_C06_D08.jpg,IS_I_C06_D08,/kaggle/working/MDFS/data/CID2013/extracted/IS1/co6/IS_I_C06_D08.jpg,IS1,co6,80.79247559379063,20.32432174682617,0.3178845660004299,1
IS_I_C06_D10.jpg,IS_I_C06_D10,/kaggle/working/MDFS/data/CID2013/extracted/IS1/co6/IS_I_C06_D10.jpg,IS1,co6,78.42093454126659,21.110748291015625,0.3230556109992903,1
IS_I_C06_D12.jpg,IS_I_C06_D12,/kaggle/working/MDFS/data/CID2013/extracted/IS1/co6/IS_I_C06_D12.jpg,IS1,co6,45.57750125454307,22.502330780029297,0.311739775001115,1
IS_I_C06_D14.jpg,IS_I_C06_D14,/kaggle/working/MDFS/data/CID2013/extracted/IS1/co6/IS_I_C06_D14.jpg,IS1,co6,58.21514855532299,21.764711380004883,0.3194755730000906,1
IS_II_C01_D02.jpg,IS_II_C01_D02,/kaggle/working/MDFS/data/CID2013/extracted/IS2/co1/IS_II_C01_D02.jpg,IS2,co1,65.7492618835285,21.426313400268555,0.3154474139992089,1
IS_II_C01_D04.jpg,IS_II_C01_D04,/kaggle/working/MDFS/data/CID2013/extracted/IS2/co1/IS_II_C01_D04.jpg,IS2,co1,10.905710707045344,29.085285186767575,0.3127372170001763,1
IS_II_C01_D06.jpg,IS_II_C01_D06,/kaggle/working/MDFS/data/CID2013/extracted/IS2/co1/IS_II_C01_D06.jpg,IS2,co1,56.43689529754847,21.931346893310547,0.3113202530003036,1
IS_II_C01_D08.jpg,IS_II_C01_D08,/kaggle/working/MDFS/data/CID2013/extracted/IS2/co1/IS_II_C01_D08.jpg,IS2,co1,53.0277360594854,22.869359970092773,0.3168384390010033,1
IS_II_C01_D10.jpg,IS_II_C01_D10,/kaggle/working/MDFS/data/CID2013/extracted/IS2/co1/IS_II_C01_D10.jpg,IS2,co1,16.692722151479153,26.098087310791016,0.3234858989999338,1
IS_II_C01_D12.jpg,IS_II_C01_D12,/kaggle/working/MDFS/data/CID2013/extracted/IS2/co1/IS_II_C01_D12.jpg,IS2,co1,41.42485557384218,22.12690734863281,0.3129952580002282,1
IS_II_C02_D01.jpg,IS_II_C02_D01,/kaggle/working/MDFS/data/CID2013/extracted/IS2/co2/IS_II_C02_D01.jpg,IS2,co2,16.53269458537706,23.722532272338867,0.3209611929996754,1
IS_II_C02_D03.jpg,IS_II_C02_D03,/kaggle/working/MDFS/data/CID2013/extracted/IS2/co2/IS_II_C02_D03.jpg,IS2,co2,45.59829297907251,20.93794822692871,0.3169293969986029,1
IS_II_C02_D05.jpg,IS_II_C02_D05,/kaggle/working/MDFS/data/CID2013/extracted/IS2/co2/IS_II_C02_D05.jpg,IS2,co2,32.131975200688906,23.9957332611084,0.3107257410010788,1
IS_II_C02_D07.jpg,IS_II_C02_D07,/kaggle/working/MDFS/data/CID2013/extracted/IS2/co2/IS_II_C02_D07.jpg,IS2,co2,42.35304775608989,21.01229858398437,0.3183743019999383,1
IS_II_C02_D09.jpg,IS_II_C02_D09,/kaggle/working/MDFS/data/CID2013/extracted/IS2/co2/IS_II_C02_D09.jpg,IS2,co2,28.562251855585817,22.049640655517575,0.3165191160005633,1
IS_II_C02_D11.jpg,IS_II_C02_D11,/kaggle/working/MDFS/data/CID2013/extracted/IS2/co2/IS_II_C02_D11.jpg,IS2,co2,43.69762055138363,20.11310577392578,0.3231833000008919,1
IS_II_C02_D13.jpg,IS_II_C02_D13,/kaggle/working/MDFS/data/CID2013/extracted/IS2/co2/IS_II_C02_D13.jpg,IS2,co2,37.738644837976274,21.526779174804688,0.3152399199989304,1
IS_II_C03_D02.jpg,IS_II_C03_D02,/kaggle/working/MDFS/data/CID2013/extracted/IS2/co3/IS_II_C03_D02.jpg,IS2,co3,46.66007242803539,20.725740432739254,0.3215687869997055,1
IS_II_C03_D04.jpg,IS_II_C03_D04,/kaggle/working/MDFS/data/CID2013/extracted/IS2/co3/IS_II_C03_D04.jpg,IS2,co3,0.6622222222765919,29.56449317932129,0.3189839599999686,1
IS_II_C03_D06.jpg,IS_II_C03_D06,/kaggle/working/MDFS/data/CID2013/extracted/IS2/co3/IS_II_C03_D06.jpg,IS2,co3,42.81304807679328,21.91849708557129,0.3219579119995615,1
IS_II_C03_D08.jpg,IS_II_C03_D08,/kaggle/working/MDFS/data/CID2013/extracted/IS2/co3/IS_II_C03_D08.jpg,IS2,co3,19.24172955398317,25.5986442565918,0.3132461879995389,1
IS_II_C03_D10.jpg,IS_II_C03_D10,/kaggle/working/MDFS/data/CID2013/extracted/IS2/co3/IS_II_C03_D10.jpg,IS2,co3,3.691678576236364,26.566455841064453,0.3150315639995824,1
IS_II_C03_D12.jpg,IS_II_C03_D12,/kaggle/working/MDFS/data/CID2013/extracted/IS2/co3/IS_II_C03_D12.jpg,IS2,co3,16.19702925703071,24.490930557250977,0.3192996239995409,1
IS_II_C04_D01.jpg,IS_II_C04_D01,/kaggle/working/MDFS/data/CID2013/extracted/IS2/co4/IS_II_C04_D01.jpg,IS2,co4,58.097946554913456,20.52350425720215,0.3215564199999789,1
IS_II_C04_D03.jpg,IS_II_C04_D03,/kaggle/working/MDFS/data/CID2013/extracted/IS2/co4/IS_II_C04_D03.jpg,IS2,co4,75.72950716114471,19.97327041625977,0.3201452329994936,1
IS_II_C04_D05.jpg,IS_II_C04_D05,/kaggle/working/MDFS/data/CID2013/extracted/IS2/co4/IS_II_C04_D05.jpg,IS2,co4,61.41575828770179,20.668615341186523,0.3149270980011351,1
IS_II_C04_D07.jpg,IS_II_C04_D07,/kaggle/working/MDFS/data/CID2013/extracted/IS2/co4/IS_II_C04_D07.jpg,IS2,co4,74.26097678848971,19.11481666564941,0.3123649429999204,1
IS_II_C04_D09.jpg,IS_II_C04_D09,/kaggle/working/MDFS/data/CID2013/extracted/IS2/co4/IS_II_C04_D09.jpg,IS2,co4,71.89731350818664,19.43865394592285,0.3243946940001478,1
IS_II_C04_D11.jpg,IS_II_C04_D11,/kaggle/working/MDFS/data/CID2013/extracted/IS2/co4/IS_II_C04_D11.jpg,IS2,co4,76.55881805858586,18.97486114501953,0.3228064899994933,1
IS_II_C04_D13.jpg,IS_II_C04_D13,/kaggle/working/MDFS/data/CID2013/extracted/IS2/co4/IS_II_C04_D13.jpg,IS2,co4,73.6302151788784,19.707393646240234,0.3195195430016611,1
IS_II_C05_D02.jpg,IS_II_C05_D02,/kaggle/working/MDFS/data/CID2013/extracted/IS2/co5/IS_II_C05_D02.jpg,IS2,co5,68.66920299838844,19.38602638244629,0.3111108230004902,1
IS_II_C05_D04.jpg,IS_II_C05_D04,/kaggle/working/MDFS/data/CID2013/extracted/IS2/co5/IS_II_C05_D04.jpg,IS2,co5,47.212807317998255,21.412824630737305,0.3243447410004592,1
IS_II_C05_D06.jpg,IS_II_C05_D06,/kaggle/working/MDFS/data/CID2013/extracted/IS2/co5/IS_II_C05_D06.jpg,IS2,co5,76.9077926053052,19.36948013305664,0.324466031999691,1
IS_II_C05_D08.jpg,IS_II_C05_D08,/kaggle/working/MDFS/data/CID2013/extracted/IS2/co5/IS_II_C05_D08.jpg,IS2,co5,72.15576822020309,19.58867454528809,0.3169435299987526,1
IS_II_C05_D10.jpg,IS_II_C05_D10,/kaggle/working/MDFS/data/CID2013/extracted/IS2/co5/IS_II_C05_D10.jpg,IS2,co5,32.07173237174442,20.281137466430664,0.3266159730010258,1
IS_II_C05_D12.jpg,IS_II_C05_D12,/kaggle/working/MDFS/data/CID2013/extracted/IS2/co5/IS_II_C05_D12.jpg,IS2,co5,55.11448318558629,19.6409912109375,0.3365328519994364,1
IS_II_C06_D01.jpg,IS_II_C06_D01,/kaggle/working/MDFS/data/CID2013/extracted/IS2/co6/IS_II_C06_D01.jpg,IS2,co6,31.32331384050096,20.325395584106445,0.3228974859994196,1
IS_II_C06_D03.jpg,IS_II_C06_D03,/kaggle/working/MDFS/data/CID2013/extracted/IS2/co6/IS_II_C06_D03.jpg,IS2,co6,58.01000374831669,19.890037536621094,0.321408338000765,1
IS_II_C06_D05.jpg,IS_II_C06_D05,/kaggle/working/MDFS/data/CID2013/extracted/IS2/co6/IS_II_C06_D05.jpg,IS2,co6,40.64070945108687,21.638822555541992,0.3160831380009767,1
IS_II_C06_D07.jpg,IS_II_C06_D07,/kaggle/working/MDFS/data/CID2013/extracted/IS2/co6/IS_II_C06_D07.jpg,IS2,co6,82.40148743506477,18.49232482910156,0.3300265580000996,1
IS_II_C06_D09.jpg,IS_II_C06_D09,/kaggle/working/MDFS/data/CID2013/extracted/IS2/co6/IS_II_C06_D09.jpg,IS2,co6,57.85428882877526,19.4182071685791,0.3277815870005724,1
IS_II_C06_D11.jpg,IS_II_C06_D11,/kaggle/working/MDFS/data/CID2013/extracted/IS2/co6/IS_II_C06_D11.jpg,IS2,co6,73.16725292238921,18.983051300048828,0.3396266559993819,1
IS_II_C06_D13.jpg,IS_II_C06_D13,/kaggle/working/MDFS/data/CID2013/extracted/IS2/co6/IS_II_C06_D13.jpg,IS2,co6,61.8951052703956,19.95360946655273,0.3331495860002178,1
IS_III_C01_D02.jpg,IS_III_C01_D02,/kaggle/working/MDFS/data/CID2013/extracted/IS3/co1/IS_III_C01_D02.jpg,IS3,co1,58.47513976005165,22.38338279724121,0.3282710740004404,1
IS_III_C01_D04.jpg,IS_III_C01_D04,/kaggle/working/MDFS/data/CID2013/extracted/IS3/co1/IS_III_C01_D04.jpg,IS3,co1,40.07741315907783,23.01177406311035,0.3295405150001897,1
IS_III_C01_D06.jpg,IS_III_C01_D06,/kaggle/working/MDFS/data/CID2013/extracted/IS3/co1/IS_III_C01_D06.jpg,IS3,co1,33.12556842221044,26.09019660949707,0.3304387299995142,1
IS_III_C01_D08.jpg,IS_III_C01_D08,/kaggle/working/MDFS/data/CID2013/extracted/IS3/co1/IS_III_C01_D08.jpg,IS3,co1,36.90258081763412,22.700611114501957,0.3198416139985056,1
IS_III_C01_D10.jpg,IS_III_C01_D10,/kaggle/working/MDFS/data/CID2013/extracted/IS3/co1/IS_III_C01_D10.jpg,IS3,co1,6.950150698586689,33.41257095336914,0.3279890739995608,1
IS_III_C01_D12.jpg,IS_III_C01_D12,/kaggle/working/MDFS/data/CID2013/extracted/IS3/co1/IS_III_C01_D12.jpg,IS3,co1,41.85388637186362,22.074132919311523,0.328781367999909,1
IS_III_C02_D01.jpg,IS_III_C02_D01,/kaggle/working/MDFS/data/CID2013/extracted/IS3/co2/IS_III_C02_D01.jpg,IS3,co2,60.33618945611484,19.260581970214844,0.3349289840007259,1
IS_III_C02_D03.jpg,IS_III_C02_D03,/kaggle/working/MDFS/data/CID2013/extracted/IS3/co2/IS_III_C02_D03.jpg,IS3,co2,46.22430943761746,21.466554641723636,0.3356585070014262,1
IS_III_C02_D05.jpg,IS_III_C02_D05,/kaggle/working/MDFS/data/CID2013/extracted/IS3/co2/IS_III_C02_D05.jpg,IS3,co2,13.568258150101729,24.31420516967773,0.3185838089993922,1
IS_III_C02_D07.jpg,IS_III_C02_D07,/kaggle/working/MDFS/data/CID2013/extracted/IS3/co2/IS_III_C02_D07.jpg,IS3,co2,28.493869238256124,25.30326461791992,0.324600449999707,1
IS_III_C02_D09.jpg,IS_III_C02_D09,/kaggle/working/MDFS/data/CID2013/extracted/IS3/co2/IS_III_C02_D09.jpg,IS3,co2,51.82192342293165,21.00570106506348,0.3188976809997257,1
IS_III_C02_D11.jpg,IS_III_C02_D11,/kaggle/working/MDFS/data/CID2013/extracted/IS3/co2/IS_III_C02_D11.jpg,IS3,co2,37.460262099455285,20.710187911987305,0.3208266510009707,1
IS_III_C02_D13.jpg,IS_III_C02_D13,/kaggle/working/MDFS/data/CID2013/extracted/IS3/co2/IS_III_C02_D13.jpg,IS3,co2,42.849484946189264,21.75543212890625,0.3176020270002482,1
IS_III_C03_D02.jpg,IS_III_C03_D02,/kaggle/working/MDFS/data/CID2013/extracted/IS3/co3/IS_III_C03_D02.jpg,IS3,co3,48.30173240163475,20.954538345336918,0.3208117029989807,1
IS_III_C03_D04.jpg,IS_III_C03_D04,/kaggle/working/MDFS/data/CID2013/extracted/IS3/co3/IS_III_C03_D04.jpg,IS3,co3,9.508563475881353,26.73943519592285,0.3252365480002481,1
IS_III_C03_D06.jpg,IS_III_C03_D06,/kaggle/working/MDFS/data/CID2013/extracted/IS3/co3/IS_III_C03_D06.jpg,IS3,co3,4.601306381138961,28.55937767028809,0.3147510270009661,1
IS_III_C03_D08.jpg,IS_III_C03_D08,/kaggle/working/MDFS/data/CID2013/extracted/IS3/co3/IS_III_C03_D08.jpg,IS3,co3,23.13286132375353,22.56089782714844,0.3148555949992442,1
IS_III_C03_D10.jpg,IS_III_C03_D10,/kaggle/working/MDFS/data/CID2013/extracted/IS3/co3/IS_III_C03_D10.jpg,IS3,co3,5.410990174262638,30.69108772277832,0.317571974999737,1
IS_III_C03_D12.jpg,IS_III_C03_D12,/kaggle/working/MDFS/data/CID2013/extracted/IS3/co3/IS_III_C03_D12.jpg,IS3,co3,20.10112783719003,23.105262756347656,0.3216873809997196,1
IS_III_C04_D01.jpg,IS_III_C04_D01,/kaggle/working/MDFS/data/CID2013/extracted/IS3/co4/IS_III_C04_D01.jpg,IS3,co4,78.39601768006828,18.85615921020508,0.3235810659989511,1
IS_III_C04_D03.jpg,IS_III_C04_D03,/kaggle/working/MDFS/data/CID2013/extracted/IS3/co4/IS_III_C04_D03.jpg,IS3,co4,79.1874155581609,19.248491287231445,0.3167501190000621,1
IS_III_C04_D05.jpg,IS_III_C04_D05,/kaggle/working/MDFS/data/CID2013/extracted/IS3/co4/IS_III_C04_D05.jpg,IS3,co4,53.85345139952475,20.04742813110352,0.3237551959991833,1
IS_III_C04_D07.jpg,IS_III_C04_D07,/kaggle/working/MDFS/data/CID2013/extracted/IS3/co4/IS_III_C04_D07.jpg,IS3,co4,68.42196181111615,19.79280662536621,0.3219751239994366,1
IS_III_C04_D09.jpg,IS_III_C04_D09,/kaggle/working/MDFS/data/CID2013/extracted/IS3/co4/IS_III_C04_D09.jpg,IS3,co4,70.38219405424086,19.239585876464844,0.317785740000545,1
IS_III_C04_D11.jpg,IS_III_C04_D11,/kaggle/working/MDFS/data/CID2013/extracted/IS3/co4/IS_III_C04_D11.jpg,IS3,co4,75.91849423341037,18.994361877441406,0.3247937169999204,1
IS_III_C04_D13.jpg,IS_III_C04_D13,/kaggle/working/MDFS/data/CID2013/extracted/IS3/co4/IS_III_C04_D13.jpg,IS3,co4,76.5996578706912,19.551700592041016,0.3233389380002336,1
IS_III_C05_D02.jpg,IS_III_C05_D02,/kaggle/working/MDFS/data/CID2013/extracted/IS3/co5/IS_III_C05_D02.jpg,IS3,co5,65.40910034635,19.64251518249512,0.3287400849985715,1
IS_III_C05_D04.jpg,IS_III_C05_D04,/kaggle/working/MDFS/data/CID2013/extracted/IS3/co5/IS_III_C05_D04.jpg,IS3,co5,36.17460309629951,19.84661865234375,0.3355908789999375,1
IS_III_C05_D06.jpg,IS_III_C05_D06,/kaggle/working/MDFS/data/CID2013/extracted/IS3/co5/IS_III_C05_D06.jpg,IS3,co5,43.642608079229824,21.35642433166504,0.342800898999485,1
IS_III_C05_D08.jpg,IS_III_C05_D08,/kaggle/working/MDFS/data/CID2013/extracted/IS3/co5/IS_III_C05_D08.jpg,IS3,co5,66.87962919045705,19.702625274658203,0.3317503279995435,1
IS_III_C05_D10.jpg,IS_III_C05_D10,/kaggle/working/MDFS/data/CID2013/extracted/IS3/co5/IS_III_C05_D10.jpg,IS3,co5,35.74386643372117,20.29351806640625,0.3246656739993341,1
IS_III_C05_D12.jpg,IS_III_C05_D12,/kaggle/working/MDFS/data/CID2013/extracted/IS3/co5/IS_III_C05_D12.jpg,IS3,co5,56.06223635403491,19.58049774169922,0.3289274870003282,1
IS_III_C06_D01.jpg,IS_III_C06_D01,/kaggle/working/MDFS/data/CID2013/extracted/IS3/co6/IS_III_C06_D01.jpg,IS3,co6,76.26031556457858,18.312644958496094,0.3273089329995855,1
IS_III_C06_D03.jpg,IS_III_C06_D03,/kaggle/working/MDFS/data/CID2013/extracted/IS3/co6/IS_III_C06_D03.jpg,IS3,co6,78.95595234118349,18.662687301635746,0.3318763070001296,1
IS_III_C06_D05.jpg,IS_III_C06_D05,/kaggle/working/MDFS/data/CID2013/extracted/IS3/co6/IS_III_C06_D05.jpg,IS3,co6,38.47386290167513,20.458627700805664,0.3294706880005833,1
IS_III_C06_D07.jpg,IS_III_C06_D07,/kaggle/working/MDFS/data/CID2013/extracted/IS3/co6/IS_III_C06_D07.jpg,IS3,co6,57.23444390133216,19.267852783203125,0.3285463479987811,1
IS_III_C06_D09.jpg,IS_III_C06_D09,/kaggle/working/MDFS/data/CID2013/extracted/IS3/co6/IS_III_C06_D09.jpg,IS3,co6,72.48622838382322,18.370779037475582,0.3212928570010263,1
IS_III_C06_D11.jpg,IS_III_C06_D11,/kaggle/working/MDFS/data/CID2013/extracted/IS3/co6/IS_III_C06_D11.jpg,IS3,co6,81.53314918356175,18.723478317260746,0.3324550489996909,1
IS_III_C06_D13.jpg,IS_III_C06_D13,/kaggle/working/MDFS/data/CID2013/extracted/IS3/co6/IS_III_C06_D13.jpg,IS3,co6,51.092442773440965,19.845502853393555,0.3284137119990191,1
IS_IV_C01_D02.jpg,IS_IV_C01_D02,/kaggle/working/MDFS/data/CID2013/extracted/IS4/co1/IS_IV_C01_D02.jpg,IS4,co1,74.29367288544402,20.771398544311523,0.3146952320003038,1
IS_IV_C01_D04.jpg,IS_IV_C01_D04,/kaggle/working/MDFS/data/CID2013/extracted/IS4/co1/IS_IV_C01_D04.jpg,IS4,co1,16.83669634155391,26.391542434692383,0.3240625779999391,1
IS_IV_C01_D06.jpg,IS_IV_C01_D06,/kaggle/working/MDFS/data/CID2013/extracted/IS4/co1/IS_IV_C01_D06.jpg,IS4,co1,37.22056669676081,23.179636001586918,0.3118443509993085,1
IS_IV_C01_D08.jpg,IS_IV_C01_D08,/kaggle/working/MDFS/data/CID2013/extracted/IS4/co1/IS_IV_C01_D08.jpg,IS4,co1,13.174949211073114,27.889280319213867,0.3120278110000072,1
IS_IV_C01_D10.jpg,IS_IV_C01_D10,/kaggle/working/MDFS/data/CID2013/extracted/IS4/co1/IS_IV_C01_D10.jpg,IS4,co1,43.33081039999562,22.49363899230957,0.3146790690007037,1
IS_IV_C01_D12.jpg,IS_IV_C01_D12,/kaggle/working/MDFS/data/CID2013/extracted/IS4/co1/IS_IV_C01_D12.jpg,IS4,co1,-9.549063082595364,29.63925170898437,0.3192915770014224,1
IS_IV_C02_D01.jpg,IS_IV_C02_D01,/kaggle/working/MDFS/data/CID2013/extracted/IS4/co2/IS_IV_C02_D01.jpg,IS4,co2,39.09636543940052,22.67815589904785,0.3312517379999917,1
IS_IV_C02_D03.jpg,IS_IV_C02_D03,/kaggle/working/MDFS/data/CID2013/extracted/IS4/co2/IS_IV_C02_D03.jpg,IS4,co2,42.55916501596968,21.039854049682617,0.3324879169995256,1
IS_IV_C02_D05.jpg,IS_IV_C02_D05,/kaggle/working/MDFS/data/CID2013/extracted/IS4/co2/IS_IV_C02_D05.jpg,IS4,co2,38.14547780688226,22.735280990600582,0.3294619699991017,1
IS_IV_C02_D07.jpg,IS_IV_C02_D07,/kaggle/working/MDFS/data/CID2013/extracted/IS4/co2/IS_IV_C02_D07.jpg,IS4,co2,33.81017769092005,20.9667911529541,0.3293319190015609,1
IS_IV_C02_D09.jpg,IS_IV_C02_D09,/kaggle/working/MDFS/data/CID2013/extracted/IS4/co2/IS_IV_C02_D09.jpg,IS4,co2,20.27751319043742,24.57456970214844,0.3370794439997553,1
IS_IV_C02_D11.jpg,IS_IV_C02_D11,/kaggle/working/MDFS/data/CID2013/extracted/IS4/co2/IS_IV_C02_D11.jpg,IS4,co2,26.65229708714725,24.524417877197266,0.3326003300007869,1
IS_IV_C02_D13.jpg,IS_IV_C02_D13,/kaggle/working/MDFS/data/CID2013/extracted/IS4/co2/IS_IV_C02_D13.jpg,IS4,co2,47.11599060294725,19.67639541625977,0.3252074390002235,1
IS_IV_C03_D02.jpg,IS_IV_C03_D02,/kaggle/working/MDFS/data/CID2013/extracted/IS4/co3/IS_IV_C03_D02.jpg,IS4,co3,49.51327501243779,19.26910972595215,0.3282552799992118,1
IS_IV_C03_D04.jpg,IS_IV_C03_D04,/kaggle/working/MDFS/data/CID2013/extracted/IS4/co3/IS_IV_C03_D04.jpg,IS4,co3,10.98063779770004,26.91894149780273,0.3307704100006958,1
IS_IV_C03_D06.jpg,IS_IV_C03_D06,/kaggle/working/MDFS/data/CID2013/extracted/IS4/co3/IS_IV_C03_D06.jpg,IS4,co3,1.8897504392183049,25.811782836914062,0.3317186999993282,1
IS_IV_C03_D08.jpg,IS_IV_C03_D08,/kaggle/working/MDFS/data/CID2013/extracted/IS4/co3/IS_IV_C03_D08.jpg,IS4,co3,0.2641401758618763,27.673738479614254,0.3197103279999282,1
IS_IV_C03_D10.jpg,IS_IV_C03_D10,/kaggle/working/MDFS/data/CID2013/extracted/IS4/co3/IS_IV_C03_D10.jpg,IS4,co3,35.11767355725709,21.39547348022461,0.3261717569985194,1
IS_IV_C03_D12.jpg,IS_IV_C03_D12,/kaggle/working/MDFS/data/CID2013/extracted/IS4/co3/IS_IV_C03_D12.jpg,IS4,co3,-4.851538522203676,26.698148727416992,0.3223877340005856,1
IS_IV_C04_D01.jpg,IS_IV_C04_D01,/kaggle/working/MDFS/data/CID2013/extracted/IS4/co4/IS_IV_C04_D01.jpg,IS4,co4,78.6188312145314,20.13942146301269,0.3314035599996714,1
IS_IV_C04_D03.jpg,IS_IV_C04_D03,/kaggle/working/MDFS/data/CID2013/extracted/IS4/co4/IS_IV_C04_D03.jpg,IS4,co4,71.60131547563161,19.730796813964844,0.3302152999985992,1
IS_IV_C04_D05.jpg,IS_IV_C04_D05,/kaggle/working/MDFS/data/CID2013/extracted/IS4/co4/IS_IV_C04_D05.jpg,IS4,co4,59.667842069371545,21.353553771972656,0.3274213560016505,1
IS_IV_C04_D07.jpg,IS_IV_C04_D07,/kaggle/working/MDFS/data/CID2013/extracted/IS4/co4/IS_IV_C04_D07.jpg,IS4,co4,69.44225649601361,19.52218246459961,0.3333367509985692,1
IS_IV_C04_D09.jpg,IS_IV_C04_D09,/kaggle/working/MDFS/data/CID2013/extracted/IS4/co4/IS_IV_C04_D09.jpg,IS4,co4,70.4676570728467,19.85811996459961,0.3342340510007489,1
IS_IV_C04_D11.jpg,IS_IV_C04_D11,/kaggle/working/MDFS/data/CID2013/extracted/IS4/co4/IS_IV_C04_D11.jpg,IS4,co4,75.73602518068935,21.01506805419922,0.3302616199998738,1
IS_IV_C04_D13.jpg,IS_IV_C04_D13,/kaggle/working/MDFS/data/CID2013/extracted/IS4/co4/IS_IV_C04_D13.jpg,IS4,co4,73.03539581582353,19.26223945617676,0.3185205589998077,1
IS_IV_C05_D02.jpg,IS_IV_C05_D02,/kaggle/working/MDFS/data/CID2013/extracted/IS4/co5/IS_IV_C05_D02.jpg,IS4,co5,71.46095145470126,18.876379013061523,0.3241602460002468,1
IS_IV_C05_D04.jpg,IS_IV_C05_D04,/kaggle/working/MDFS/data/CID2013/extracted/IS4/co5/IS_IV_C05_D04.jpg,IS4,co5,26.70991647045734,23.05524444580078,0.325066538000101,1
IS_IV_C05_D06.jpg,IS_IV_C05_D06,/kaggle/working/MDFS/data/CID2013/extracted/IS4/co5/IS_IV_C05_D06.jpg,IS4,co5,70.02542898812928,20.414451599121094,0.3253746729988052,1
IS_IV_C05_D08.jpg,IS_IV_C05_D08,/kaggle/working/MDFS/data/CID2013/extracted/IS4/co5/IS_IV_C05_D08.jpg,IS4,co5,66.09832132445713,20.62478828430176,0.3346840779995546,1
IS_IV_C05_D10.jpg,IS_IV_C05_D10,/kaggle/working/MDFS/data/CID2013/extracted/IS4/co5/IS_IV_C05_D10.jpg,IS4,co5,66.25532491282883,20.247737884521484,0.3182949380006903,1
IS_IV_C05_D12.jpg,IS_IV_C05_D12,/kaggle/working/MDFS/data/CID2013/extracted/IS4/co5/IS_IV_C05_D12.jpg,IS4,co5,75.8530020780713,21.13141250610352,0.3236305020000145,1
IS_IV_C06_D01.jpg,IS_IV_C06_D01,/kaggle/working/MDFS/data/CID2013/extracted/IS4/co6/IS_IV_C06_D01.jpg,IS4,co6,52.686221060027336,21.792966842651367,0.323310739999215,1
IS_IV_C06_D03.jpg,IS_IV_C06_D03,/kaggle/working/MDFS/data/CID2013/extracted/IS4/co6/IS_IV_C06_D03.jpg,IS4,co6,80.30797249161743,20.017040252685547,0.3252116240000759,1
IS_IV_C06_D05.jpg,IS_IV_C06_D05,/kaggle/working/MDFS/data/CID2013/extracted/IS4/co6/IS_IV_C06_D05.jpg,IS4,co6,65.44073857389365,20.449485778808597,0.317445274999045,1
IS_IV_C06_D07.jpg,IS_IV_C06_D07,/kaggle/working/MDFS/data/CID2013/extracted/IS4/co6/IS_IV_C06_D07.jpg,IS4,co6,75.77460152424433,19.51882743835449,0.3263267649999761,1
IS_IV_C06_D09.jpg,IS_IV_C06_D09,/kaggle/working/MDFS/data/CID2013/extracted/IS4/co6/IS_IV_C06_D09.jpg,IS4,co6,46.25584443756319,21.6092586517334,0.3277438189998065,1
IS_IV_C06_D11.jpg,IS_IV_C06_D11,/kaggle/working/MDFS/data/CID2013/extracted/IS4/co6/IS_IV_C06_D11.jpg,IS4,co6,53.90197838603483,21.68778610229492,0.3264549340001395,1
IS_IV_C06_D13.jpg,IS_IV_C06_D13,/kaggle/working/MDFS/data/CID2013/extracted/IS4/co6/IS_IV_C06_D13.jpg,IS4,co6,77.148591422386,20.48602104187012,0.3420152640010201,1
IS_V_C01_D02.jpg,IS_V_C01_D02,/kaggle/working/MDFS/data/CID2013/extracted/IS5/co1/IS_V_C01_D02.jpg,IS5,co1,75.40552392047381,20.47567367553711,0.3258640410003863,1
IS_V_C01_D04.jpg,IS_V_C01_D04,/kaggle/working/MDFS/data/CID2013/extracted/IS5/co1/IS_V_C01_D04.jpg,IS5,co1,39.24320352673026,25.22999382019043,0.3311021139998047,1
IS_V_C01_D06.jpg,IS_V_C01_D06,/kaggle/working/MDFS/data/CID2013/extracted/IS5/co1/IS_V_C01_D06.jpg,IS5,co1,50.599975030917,23.359418869018555,0.3248127920014667,1
IS_V_C01_D08.jpg,IS_V_C01_D08,/kaggle/working/MDFS/data/CID2013/extracted/IS5/co1/IS_V_C01_D08.jpg,IS5,co1,16.212994406346574,32.523529052734375,0.3268162250005844,1
IS_V_C01_D10.jpg,IS_V_C01_D10,/kaggle/working/MDFS/data/CID2013/extracted/IS5/co1/IS_V_C01_D10.jpg,IS5,co1,8.526270349540134,33.95579528808594,0.3191977089991269,1
IS_V_C01_D12.jpg,IS_V_C01_D12,/kaggle/working/MDFS/data/CID2013/extracted/IS5/co1/IS_V_C01_D12.jpg,IS5,co1,20.178087832382605,32.36233901977539,0.3218583990001207,1
IS_V_C02_D02.jpg,IS_V_C02_D02,/kaggle/working/MDFS/data/CID2013/extracted/IS5/co2/IS_V_C02_D02.jpg,IS5,co2,62.54852792390402,19.525270462036133,0.3397207960006199,1
IS_V_C02_D04.jpg,IS_V_C02_D04,/kaggle/working/MDFS/data/CID2013/extracted/IS5/co2/IS_V_C02_D04.jpg,IS5,co2,25.55314227584934,25.698558807373047,0.3251063030002115,1
IS_V_C02_D06.jpg,IS_V_C02_D06,/kaggle/working/MDFS/data/CID2013/extracted/IS5/co2/IS_V_C02_D06.jpg,IS5,co2,30.716390195136448,21.534643173217773,0.3236761000007391,1
IS_V_C02_D08.jpg,IS_V_C02_D08,/kaggle/working/MDFS/data/CID2013/extracted/IS5/co2/IS_V_C02_D08.jpg,IS5,co2,37.60060774099272,22.73470497131348,0.331788489000246,1
IS_V_C02_D10.jpg,IS_V_C02_D10,/kaggle/working/MDFS/data/CID2013/extracted/IS5/co2/IS_V_C02_D10.jpg,IS5,co2,27.194878678493787,22.99960708618164,0.3199130979992333,1
IS_V_C02_D12.jpg,IS_V_C02_D12,/kaggle/working/MDFS/data/CID2013/extracted/IS5/co2/IS_V_C02_D12.jpg,IS5,co2,44.94389126623523,21.46663856506348,0.324896340000123,1
IS_V_C03_D02.jpg,IS_V_C03_D02,/kaggle/working/MDFS/data/CID2013/extracted/IS5/co3/IS_V_C03_D02.jpg,IS5,co3,51.70355081333069,19.29913330078125,0.3301138070000888,1
IS_V_C03_D04.jpg,IS_V_C03_D04,/kaggle/working/MDFS/data/CID2013/extracted/IS5/co3/IS_V_C03_D04.jpg,IS5,co3,20.695505201665355,28.18668937683105,0.3325556559993856,1
IS_V_C03_D06.jpg,IS_V_C03_D06,/kaggle/working/MDFS/data/CID2013/extracted/IS5/co3/IS_V_C03_D06.jpg,IS5,co3,20.58177916278089,25.02116203308105,0.3266615829998045,1
IS_V_C03_D08.jpg,IS_V_C03_D08,/kaggle/working/MDFS/data/CID2013/extracted/IS5/co3/IS_V_C03_D08.jpg,IS5,co3,17.092480007891712,27.94813346862793,0.3362964949992602,1
IS_V_C03_D10.jpg,IS_V_C03_D10,/kaggle/working/MDFS/data/CID2013/extracted/IS5/co3/IS_V_C03_D10.jpg,IS5,co3,4.960138969524878,28.04006767272949,0.3330865590014582,1
IS_V_C03_D12.jpg,IS_V_C03_D12,/kaggle/working/MDFS/data/CID2013/extracted/IS5/co3/IS_V_C03_D12.jpg,IS5,co3,10.86861769419103,27.202211380004883,0.3277914680002141,1
IS_V_C05_D02.jpg,IS_V_C05_D02,/kaggle/working/MDFS/data/CID2013/extracted/IS5/co5/IS_V_C05_D02.jpg,IS5,co5,83.17370163244448,20.134601593017575,0.3258786309997958,1
IS_V_C05_D04.jpg,IS_V_C05_D04,/kaggle/working/MDFS/data/CID2013/extracted/IS5/co5/IS_V_C05_D04.jpg,IS5,co5,24.02438303170388,28.066068649291992,0.3225692140003957,1
IS_V_C05_D06.jpg,IS_V_C05_D06,/kaggle/working/MDFS/data/CID2013/extracted/IS5/co5/IS_V_C05_D06.jpg,IS5,co5,69.261769674621,21.54409408569336,0.3219654059994354,1
IS_V_C05_D08.jpg,IS_V_C05_D08,/kaggle/working/MDFS/data/CID2013/extracted/IS5/co5/IS_V_C05_D08.jpg,IS5,co5,32.31332802010443,29.18932342529297,0.3261291939998045,1
IS_V_C05_D10.jpg,IS_V_C05_D10,/kaggle/working/MDFS/data/CID2013/extracted/IS5/co5/IS_V_C05_D10.jpg,IS5,co5,23.05407116638775,31.793781280517575,0.3211007139998401,1
IS_V_C05_D12.jpg,IS_V_C05_D12,/kaggle/working/MDFS/data/CID2013/extracted/IS5/co5/IS_V_C05_D12.jpg,IS5,co5,49.01237033042008,22.84278106689453,0.3260017159991548,1
IS_V_C06_D02.jpg,IS_V_C06_D02,/kaggle/working/MDFS/data/CID2013/extracted/IS5/co6/IS_V_C06_D02.jpg,IS5,co6,80.72389613612019,17.933629989624023,0.3263683559998753,1
IS_V_C06_D04.jpg,IS_V_C06_D04,/kaggle/working/MDFS/data/CID2013/extracted/IS5/co6/IS_V_C06_D04.jpg,IS5,co6,32.47051258353572,22.355905532836918,0.3186686730005021,1
IS_V_C06_D06.jpg,IS_V_C06_D06,/kaggle/working/MDFS/data/CID2013/extracted/IS5/co6/IS_V_C06_D06.jpg,IS5,co6,84.439558523415,19.22035217285156,0.3313611989997298,1
IS_V_C06_D08.jpg,IS_V_C06_D08,/kaggle/working/MDFS/data/CID2013/extracted/IS5/co6/IS_V_C06_D08.jpg,IS5,co6,69.99560646226094,19.933012008666992,0.3295932309993077,1
IS_V_C06_D10.jpg,IS_V_C06_D10,/kaggle/working/MDFS/data/CID2013/extracted/IS5/co6/IS_V_C06_D10.jpg,IS5,co6,45.28670029194739,21.69724464416504,0.321628267000051,1
IS_V_C06_D12.jpg,IS_V_C06_D12,/kaggle/working/MDFS/data/CID2013/extracted/IS5/co6/IS_V_C06_D12.jpg,IS5,co6,47.36425014540838,20.19931411743164,0.3294064929996239,1
IS_V_C08_D02.jpg,IS_V_C08_D02,/kaggle/working/MDFS/data/CID2013/extracted/IS5/co8/IS_V_C08_D02.jpg,IS5,co8,80.51092385326811,20.03778839111328,0.3335323139999673,1
IS_V_C08_D04.jpg,IS_V_C08_D04,/kaggle/working/MDFS/data/CID2013/extracted/IS5/co8/IS_V_C08_D04.jpg,IS5,co8,34.82728842146123,21.64379119873047,0.3240411980004865,1
IS_V_C08_D06.jpg,IS_V_C08_D06,/kaggle/working/MDFS/data/CID2013/extracted/IS5/co8/IS_V_C08_D06.jpg,IS5,co8,36.47540985366639,21.0385856628418,0.3309360179991927,1
IS_V_C08_D08.jpg,IS_V_C08_D08,/kaggle/working/MDFS/data/CID2013/extracted/IS5/co8/IS_V_C08_D08.jpg,IS5,co8,23.746152078399263,21.832918167114254,0.331051793998995,1
IS_V_C08_D10.jpg,IS_V_C08_D10,/kaggle/working/MDFS/data/CID2013/extracted/IS5/co8/IS_V_C08_D10.jpg,IS5,co8,21.557286599066725,22.43171501159668,0.3203942750005808,1
IS_V_C08_D12.jpg,IS_V_C08_D12,/kaggle/working/MDFS/data/CID2013/extracted/IS5/co8/IS_V_C08_D12.jpg,IS5,co8,28.95073939135942,21.39566421508789,0.3318226090013922,1
IS_VI_C01_D02.jpg,IS_VI_C01_D02,/kaggle/working/MDFS/data/CID2013/extracted/IS6/co1/IS_VI_C01_D02.jpg,IS6,co1,52.79720650913952,21.539459228515625,0.3351863640000374,1
IS_VI_C01_D04.jpg,IS_VI_C01_D04,/kaggle/working/MDFS/data/CID2013/extracted/IS6/co1/IS_VI_C01_D04.jpg,IS6,co1,64.62754898589554,21.326963424682617,0.3406699380011559,1
IS_VI_C01_D06.jpg,IS_VI_C01_D06,/kaggle/working/MDFS/data/CID2013/extracted/IS6/co1/IS_VI_C01_D06.jpg,IS6,co1,58.229528448614886,21.139554977416992,0.3331275040000037,1
IS_VI_C01_D08.jpg,IS_VI_C01_D08,/kaggle/working/MDFS/data/CID2013/extracted/IS6/co1/IS_VI_C01_D08.jpg,IS6,co1,49.68576188877448,22.309045791625977,0.3375229839984968,1
IS_VI_C01_D10.jpg,IS_VI_C01_D10,/kaggle/working/MDFS/data/CID2013/extracted/IS6/co1/IS_VI_C01_D10.jpg,IS6,co1,58.588111198906674,21.53270149230957,0.3271589479991235,1
IS_VI_C01_D12.jpg,IS_VI_C01_D12,/kaggle/working/MDFS/data/CID2013/extracted/IS6/co1/IS_VI_C01_D12.jpg,IS6,co1,38.071582613936016,22.835281372070312,0.3374926730011793,1
IS_VI_C01_D14.jpg,IS_VI_C01_D14,/kaggle/working/MDFS/data/CID2013/extracted/IS6/co1/IS_VI_C01_D14.jpg,IS6,co1,0.4559336030562881,52.443321228027344,0.3089212240010965,1
IS_VI_C02_D02.jpg,IS_VI_C02_D02,/kaggle/working/MDFS/data/CID2013/extracted/IS6/co2/IS_VI_C02_D02.jpg,IS6,co2,50.60322190821496,22.451152801513672,0.3382644060002349,1
IS_VI_C02_D04.jpg,IS_VI_C02_D04,/kaggle/working/MDFS/data/CID2013/extracted/IS6/co2/IS_VI_C02_D04.jpg,IS6,co2,46.038490516654775,22.447221755981445,0.3372537180002837,1
IS_VI_C02_D06.jpg,IS_VI_C02_D06,/kaggle/working/MDFS/data/CID2013/extracted/IS6/co2/IS_VI_C02_D06.jpg,IS6,co2,52.354260100687306,20.70349502563477,0.3393895240005804,1
IS_VI_C02_D08.jpg,IS_VI_C02_D08,/kaggle/working/MDFS/data/CID2013/extracted/IS6/co2/IS_VI_C02_D08.jpg,IS6,co2,40.75408654322073,22.272056579589844,0.3395196289984596,1
IS_VI_C02_D10.jpg,IS_VI_C02_D10,/kaggle/working/MDFS/data/CID2013/extracted/IS6/co2/IS_VI_C02_D10.jpg,IS6,co2,47.24203262913085,21.49128150939941,0.3339438639995933,1
IS_VI_C02_D12.jpg,IS_VI_C02_D12,/kaggle/working/MDFS/data/CID2013/extracted/IS6/co2/IS_VI_C02_D12.jpg,IS6,co2,40.55487093766919,21.89214515686035,0.3390918240002065,1
IS_VI_C02_D14.jpg,IS_VI_C02_D14,/kaggle/working/MDFS/data/CID2013/extracted/IS6/co2/IS_VI_C02_D14.jpg,IS6,co2,14.775920172368814,26.507247924804688,0.3403263039999729,1
IS_VI_C03_D02.jpg,IS_VI_C03_D02,/kaggle/working/MDFS/data/CID2013/extracted/IS6/co3/IS_VI_C03_D02.jpg,IS6,co3,23.26579268365111,23.345125198364254,0.338845787999162,1
IS_VI_C03_D04.jpg,IS_VI_C03_D04,/kaggle/working/MDFS/data/CID2013/extracted/IS6/co3/IS_VI_C03_D04.jpg,IS6,co3,33.726565390489405,22.19073486328125,0.3340475099994364,1
IS_VI_C03_D06.jpg,IS_VI_C03_D06,/kaggle/working/MDFS/data/CID2013/extracted/IS6/co3/IS_VI_C03_D06.jpg,IS6,co3,17.084072973929004,24.02850151062012,0.3352700930008723,1
IS_VI_C03_D08.jpg,IS_VI_C03_D08,/kaggle/working/MDFS/data/CID2013/extracted/IS6/co3/IS_VI_C03_D08.jpg,IS6,co3,23.740645727789605,23.9930362701416,0.3404836890003935,1
IS_VI_C03_D10.jpg,IS_VI_C03_D10,/kaggle/working/MDFS/data/CID2013/extracted/IS6/co3/IS_VI_C03_D10.jpg,IS6,co3,30.532807748159808,21.84354782104492,0.334555793000618,1
IS_VI_C03_D12.jpg,IS_VI_C03_D12,/kaggle/working/MDFS/data/CID2013/extracted/IS6/co3/IS_VI_C03_D12.jpg,IS6,co3,22.64258819681624,24.30496406555176,0.3343820110003435,1
IS_VI_C03_D14.jpg,IS_VI_C03_D14,/kaggle/working/MDFS/data/CID2013/extracted/IS6/co3/IS_VI_C03_D14.jpg,IS6,co3,2.504877650139893,31.31236267089844,0.3330897189989628,1
IS_VI_C06_D02.jpg,IS_VI_C06_D02,/kaggle/working/MDFS/data/CID2013/extracted/IS6/co6/IS_VI_C06_D02.jpg,IS6,co6,69.34863992680229,19.12293243408203,0.3305854500013083,1
IS_VI_C06_D04.jpg,IS_VI_C06_D04,/kaggle/working/MDFS/data/CID2013/extracted/IS6/co6/IS_VI_C06_D04.jpg,IS6,co6,78.17021747504472,18.78007698059082,0.3355493079998268,1
IS_VI_C06_D06.jpg,IS_VI_C06_D06,/kaggle/working/MDFS/data/CID2013/extracted/IS6/co6/IS_VI_C06_D06.jpg,IS6,co6,78.83421709086643,18.24205017089844,0.3373981139993702,1
IS_VI_C06_D08.jpg,IS_VI_C06_D08,/kaggle/working/MDFS/data/CID2013/extracted/IS6/co6/IS_VI_C06_D08.jpg,IS6,co6,83.10004449673565,18.90579414367676,0.3296899119995942,1
IS_VI_C06_D10.jpg,IS_VI_C06_D10,/kaggle/working/MDFS/data/CID2013/extracted/IS6/co6/IS_VI_C06_D10.jpg,IS6,co6,87.88207123804241,18.390979766845703,0.3355191650007327,1
IS_VI_C06_D12.jpg,IS_VI_C06_D12,/kaggle/working/MDFS/data/CID2013/extracted/IS6/co6/IS_VI_C06_D12.jpg,IS6,co6,79.56028077214833,19.04842185974121,0.3371310860002268,1
IS_VI_C06_D14.jpg,IS_VI_C06_D14,/kaggle/working/MDFS/data/CID2013/extracted/IS6/co6/IS_VI_C06_D14.jpg,IS6,co6,47.79259396928686,21.72718811035156,0.3343303580004431,1
IS_VI_C07_D02.jpg,IS_VI_C07_D02,/kaggle/working/MDFS/data/CID2013/extracted/IS6/co7/IS_VI_C07_D02.jpg,IS6,co7,26.04571723743804,25.45119285583496,0.3272748360013793,1
IS_VI_C07_D04.jpg,IS_VI_C07_D04,/kaggle/working/MDFS/data/CID2013/extracted/IS6/co7/IS_VI_C07_D04.jpg,IS6,co7,34.777682635997124,23.505340576171875,0.3388513390000298,1
IS_VI_C07_D06.jpg,IS_VI_C07_D06,/kaggle/working/MDFS/data/CID2013/extracted/IS6/co7/IS_VI_C07_D06.jpg,IS6,co7,34.05700228744363,22.458404541015625,0.3362023299996508,1
IS_VI_C07_D08.jpg,IS_VI_C07_D08,/kaggle/working/MDFS/data/CID2013/extracted/IS6/co7/IS_VI_C07_D08.jpg,IS6,co7,35.13632049694559,22.782899856567383,0.3542391680002765,1
IS_VI_C07_D10.jpg,IS_VI_C07_D10,/kaggle/working/MDFS/data/CID2013/extracted/IS6/co7/IS_VI_C07_D10.jpg,IS6,co7,42.63111447518961,22.91359519958496,0.3336301399995136,1
IS_VI_C07_D12.jpg,IS_VI_C07_D12,/kaggle/working/MDFS/data/CID2013/extracted/IS6/co7/IS_VI_C07_D12.jpg,IS6,co7,38.61902770290236,23.577438354492188,0.3339862539996829,1
IS_VI_C07_D14.jpg,IS_VI_C07_D14,/kaggle/working/MDFS/data/CID2013/extracted/IS6/co7/IS_VI_C07_D14.jpg,IS6,co7,15.98633916985211,28.107328414916992,0.3365535009997984,1
IS_VI_C08_D02.jpg,IS_VI_C08_D02,/kaggle/working/MDFS/data/CID2013/extracted/IS6/co8/IS_VI_C08_D02.jpg,IS6,co8,53.77306607462767,20.653751373291016,0.3379161510001722,1
IS_VI_C08_D04.jpg,IS_VI_C08_D04,/kaggle/working/MDFS/data/CID2013/extracted/IS6/co8/IS_VI_C08_D04.jpg,IS6,co8,58.55026783615414,20.410137176513672,0.3343456220009102,1
IS_VI_C08_D06.jpg,IS_VI_C08_D06,/kaggle/working/MDFS/data/CID2013/extracted/IS6/co8/IS_VI_C08_D06.jpg,IS6,co8,54.17620115727809,20.34237098693848,0.3412378979992354,1
IS_VI_C08_D08.jpg,IS_VI_C08_D08,/kaggle/working/MDFS/data/CID2013/extracted/IS6/co8/IS_VI_C08_D08.jpg,IS6,co8,64.9616882969328,20.722354888916016,0.3379468299990549,1
IS_VI_C08_D10.jpg,IS_VI_C08_D10,/kaggle/working/MDFS/data/CID2013/extracted/IS6/co8/IS_VI_C08_D10.jpg,IS6,co8,66.03559216884352,20.026042938232425,0.334365290000278,1
IS_VI_C08_D12.jpg,IS_VI_C08_D12,/kaggle/working/MDFS/data/CID2013/extracted/IS6/co8/IS_VI_C08_D12.jpg,IS6,co8,68.16686600031059,20.630931854248047,0.3408817559993622,1
IS_VI_C08_D14.jpg,IS_VI_C08_D14,/kaggle/working/MDFS/data/CID2013/extracted/IS6/co8/IS_VI_C08_D14.jpg,IS6,co8,10.48096952687162,22.929763793945312,0.3403062560009857,1
