filename,source_id,image_path,image_set,cluster,mos
IS_I_C01_D02.jpg,IS_I_C01_D02,/kaggle/working/MDFS/data/CID2013/extracted/IS1/co1/IS_I_C01_D02.jpg,IS1,co1,71.18189020792481
IS_I_C01_D04.jpg,IS_I_C01_D04,/kaggle/working/MDFS/data/CID2013/extracted/IS1/co1/IS_I_C01_D04.jpg,IS1,co1,3.604864385643294
IS_I_C01_D06.jpg,IS_I_C01_D06,/kaggle/working/MDFS/data/CID2013/extracted/IS1/co1/IS_I_C01_D06.jpg,IS1,co1,20.307932539177987
IS_I_C01_D08.jpg,IS_I_C01_D08,/kaggle/working/MDFS/data/CID2013/extracted/IS1/co1/IS_I_C01_D08.jpg,IS1,co1,49.063366582178894
IS_I_C01_D10.jpg,IS_I_C01_D10,/kaggle/working/MDFS/data/CID2013/extracted/IS1/co1/IS_I_C01_D10.jpg,IS1,co1,52.176152453006885
IS_I_C01_D12.jpg,IS_I_C01_D12,/kaggle/working/MDFS/data/CID2013/extracted/IS1/co1/IS_I_C01_D12.jpg,IS1,co1,25.24092770953272
IS_I_C01_D14.jpg,IS_I_C01_D14,/kaggle/working/MDFS/data/CID2013/extracted/IS1/co1/IS_I_C01_D14.jpg,IS1,co1,55.71241105543697
IS_I_C02_D02.jpg,IS_I_C02_D02,/kaggle/working/MDFS/data/CID2013/extracted/IS1/co2/IS_I_C02_D02.jpg,IS1,co2,58.0406571932505
IS_I_C02_D04.jpg,IS_I_C02_D04,/kaggle/working/MDFS/data/CID2013/extracted/IS1/co2/IS_I_C02_D04.jpg,IS1,co2,28.0510117821647
IS_I_C02_D06.jpg,IS_I_C02_D06,/kaggle/working/MDFS/data/CID2013/extracted/IS1/co2/IS_I_C02_D06.jpg,IS1,co2,18.55251126214866
IS_I_C02_D08.jpg,IS_I_C02_D08,/kaggle/working/MDFS/data/CID2013/extracted/IS1/co2/IS_I_C02_D08.jpg,IS1,co2,43.66863931104205
IS_I_C02_D10.jpg,IS_I_C02_D10,/kaggle/working/MDFS/data/CID2013/extracted/IS1/co2/IS_I_C02_D10.jpg,IS1,co2,42.370607197831866
IS_I_C02_D12.jpg,IS_I_C02_D12,/kaggle/working/MDFS/data/CID2013/extracted/IS1/co2/IS_I_C02_D12.jpg,IS1,co2,20.737033023132145
IS_I_C02_D14.jpg,IS_I_C02_D14,/kaggle/working/MDFS/data/CID2013/extracted/IS1/co2/IS_I_C02_D14.jpg,IS1,co2,44.57504876980038
IS_I_C03_D02.jpg,IS_I_C03_D02,/kaggle/working/MDFS/data/CID2013/extracted/IS1/co3/IS_I_C03_D02.jpg,IS1,co3,50.86401558722235
IS_I_C03_D04.jpg,IS_I_C03_D04,/kaggle/working/MDFS/data/CID2013/extracted/IS1/co3/IS_I_C03_D04.jpg,IS1,co3,7.370528872341481
IS_I_C03_D06.jpg,IS_I_C03_D06,/kaggle/working/MDFS/data/CID2013/extracted/IS1/co3/IS_I_C03_D06.jpg,IS1,co3,2.722065383208668
IS_I_C03_D08.jpg,IS_I_C03_D08,/kaggle/working/MDFS/data/CID2013/extracted/IS1/co3/IS_I_C03_D08.jpg,IS1,co3,24.028075849200864
IS_I_C03_D10.jpg,IS_I_C03_D10,/kaggle/working/MDFS/data/CID2013/extracted/IS1/co3/IS_I_C03_D10.jpg,IS1,co3,29.647875717160176
IS_I_C03_D12.jpg,IS_I_C03_D12,/kaggle/working/MDFS/data/CID2013/extracted/IS1/co3/IS_I_C03_D12.jpg,IS1,co3,4.639709745903342
IS_I_C03_D14.jpg,IS_I_C03_D14,/kaggle/working/MDFS/data/CID2013/extracted/IS1/co3/IS_I_C03_D14.jpg,IS1,co3,35.88521319753135
IS_I_C04_D02.jpg,IS_I_C04_D02,/kaggle/working/MDFS/data/CID2013/extracted/IS1/co4/IS_I_C04_D02.jpg,IS1,co4,75.22493389778404
IS_I_C04_D04.jpg,IS_I_C04_D04,/kaggle/working/MDFS/data/CID2013/extracted/IS1/co4/IS_I_C04_D04.jpg,IS1,co4,61.84010447471916
IS_I_C04_D06.jpg,IS_I_C04_D06,/kaggle/working/MDFS/data/CID2013/extracted/IS1/co4/IS_I_C04_D06.jpg,IS1,co4,54.31216803886361
IS_I_C04_D08.jpg,IS_I_C04_D08,/kaggle/working/MDFS/data/CID2013/extracted/IS1/co4/IS_I_C04_D08.jpg,IS1,co4,76.50806888248668
IS_I_C04_D10.jpg,IS_I_C04_D10,/kaggle/working/MDFS/data/CID2013/extracted/IS1/co4/IS_I_C04_D10.jpg,IS1,co4,76.656391970091
IS_I_C04_D12.jpg,IS_I_C04_D12,/kaggle/working/MDFS/data/CID2013/extracted/IS1/co4/IS_I_C04_D12.jpg,IS1,co4,65.27223821261691
IS_I_C04_D14.jpg,IS_I_C04_D14,/kaggle/working/MDFS/data/CID2013/extracted/IS1/co4/IS_I_C04_D14.jpg,IS1,co4,71.35867290280707
IS_I_C05_D02.jpg,IS_I_C05_D02,/kaggle/working/MDFS/data/CID2013/extracted/IS1/co5/IS_I_C05_D02.jpg,IS1,co5,68.24542978778946
IS_I_C05_D04.jpg,IS_I_C05_D04,/kaggle/working/MDFS/data/CID2013/extracted/IS1/co5/IS_I_C05_D04.jpg,IS1,co5,31.03066132165716
IS_I_C05_D06.jpg,IS_I_C05_D06,/kaggle/working/MDFS/data/CID2013/extracted/IS1/co5/IS_I_C05_D06.jpg,IS1,co5,44.831413186148254
IS_I_C05_D08.jpg,IS_I_C05_D08,/kaggle/working/MDFS/data/CID2013/extracted/IS1/co5/IS_I_C05_D08.jpg,IS1,co5,68.60369684448897
IS_I_C05_D10.jpg,IS_I_C05_D10,/kaggle/working/MDFS/data/CID2013/extracted/IS1/co5/IS_I_C05_D10.jpg,IS1,co5,66.23942870728898
IS_I_C05_D12.jpg,IS_I_C05_D12,/kaggle/working/MDFS/data/CID2013/extracted/IS1/co5/IS_I_C05_D12.jpg,IS1,co5,52.49314477256147
IS_I_C05_D14.jpg,IS_I_C05_D14,/kaggle/working/MDFS/data/CID2013/extracted/IS1/co5/IS_I_C05_D14.jpg,IS1,co5,64.88455578639982
IS_I_C06_D02.jpg,IS_I_C06_D02,/kaggle/working/MDFS/data/CID2013/extracted/IS1/co6/IS_I_C06_D02.jpg,IS1,co6,59.80910757776099
IS_I_C06_D04.jpg,IS_I_C06_D04,/kaggle/working/MDFS/data/CID2013/extracted/IS1/co6/IS_I_C06_D04.jpg,IS1,co6,28.53591884673292
IS_I_C06_D06.jpg,IS_I_C06_D06,/kaggle/working/MDFS/data/CID2013/extracted/IS1/co6/IS_I_C06_D06.jpg,IS1,co6,74.57709229720236
IS_I_C06_D08.jpg,IS_I_C06_D08,/kaggle/working/MDFS/data/CID2013/extracted/IS1/co6/IS_I_C06_D08.jpg,IS1,co6,80.79247559379063
IS_I_C06_D10.jpg,IS_I_C06_D10,/kaggle/working/MDFS/data/CID2013/extracted/IS1/co6/IS_I_C06_D10.jpg,IS1,co6,78.42093454126659
IS_I_C06_D12.jpg,IS_I_C06_D12,/kaggle/working/MDFS/data/CID2013/extracted/IS1/co6/IS_I_C06_D12.jpg,IS1,co6,45.57750125454307
IS_I_C06_D14.jpg,IS_I_C06_D14,/kaggle/working/MDFS/data/CID2013/extracted/IS1/co6/IS_I_C06_D14.jpg,IS1,co6,58.21514855532299
IS_II_C01_D02.jpg,IS_II_C01_D02,/kaggle/working/MDFS/data/CID2013/extracted/IS2/co1/IS_II_C01_D02.jpg,IS2,co1,65.7492618835285
IS_II_C01_D04.jpg,IS_II_C01_D04,/kaggle/working/MDFS/data/CID2013/extracted/IS2/co1/IS_II_C01_D04.jpg,IS2,co1,10.905710707045344
IS_II_C01_D06.jpg,IS_II_C01_D06,/kaggle/working/MDFS/data/CID2013/extracted/IS2/co1/IS_II_C01_D06.jpg,IS2,co1,56.43689529754847
IS_II_C01_D08.jpg,IS_II_C01_D08,/kaggle/working/MDFS/data/CID2013/extracted/IS2/co1/IS_II_C01_D08.jpg,IS2,co1,53.0277360594854
IS_II_C01_D10.jpg,IS_II_C01_D10,/kaggle/working/MDFS/data/CID2013/extracted/IS2/co1/IS_II_C01_D10.jpg,IS2,co1,16.692722151479153
IS_II_C01_D12.jpg,IS_II_C01_D12,/kaggle/working/MDFS/data/CID2013/extracted/IS2/co1/IS_II_C01_D12.jpg,IS2,co1,41.42485557384218
IS_II_C02_D01.jpg,IS_II_C02_D01,/kaggle/working/MDFS/data/CID2013/extracted/IS2/co2/IS_II_C02_D01.jpg,IS2,co2,16.53269458537706
IS_II_C02_D03.jpg,IS_II_C02_D03,/kaggle/working/MDFS/data/CID2013/extracted/IS2/co2/IS_II_C02_D03.jpg,IS2,co2,45.59829297907251
IS_II_C02_D05.jpg,IS_II_C02_D05,/kaggle/working/MDFS/data/CID2013/extracted/IS2/co2/IS_II_C02_D05.jpg,IS2,co2,32.131975200688906
IS_II_C02_D07.jpg,IS_II_C02_D07,/kaggle/working/MDFS/data/CID2013/extracted/IS2/co2/IS_II_C02_D07.jpg,IS2,co2,42.35304775608989
IS_II_C02_D09.jpg,IS_II_C02_D09,/kaggle/working/MDFS/data/CID2013/extracted/IS2/co2/IS_II_C02_D09.jpg,IS2,co2,28.562251855585817
IS_II_C02_D11.jpg,IS_II_C02_D11,/kaggle/working/MDFS/data/CID2013/extracted/IS2/co2/IS_II_C02_D11.jpg,IS2,co2,43.69762055138363
IS_II_C02_D13.jpg,IS_II_C02_D13,/kaggle/working/MDFS/data/CID2013/extracted/IS2/co2/IS_II_C02_D13.jpg,IS2,co2,37.738644837976274
IS_II_C03_D02.jpg,IS_II_C03_D02,/kaggle/working/MDFS/data/CID2013/extracted/IS2/co3/IS_II_C03_D02.jpg,IS2,co3,46.66007242803539
IS_II_C03_D04.jpg,IS_II_C03_D04,/kaggle/working/MDFS/data/CID2013/extracted/IS2/co3/IS_II_C03_D04.jpg,IS2,co3,0.6622222222765919
IS_II_C03_D06.jpg,IS_II_C03_D06,/kaggle/working/MDFS/data/CID2013/extracted/IS2/co3/IS_II_C03_D06.jpg,IS2,co3,42.81304807679328
IS_II_C03_D08.jpg,IS_II_C03_D08,/kaggle/working/MDFS/data/CID2013/extracted/IS2/co3/IS_II_C03_D08.jpg,IS2,co3,19.24172955398317
IS_II_C03_D10.jpg,IS_II_C03_D10,/kaggle/working/MDFS/data/CID2013/extracted/IS2/co3/IS_II_C03_D10.jpg,IS2,co3,3.691678576236364
IS_II_C03_D12.jpg,IS_II_C03_D12,/kaggle/working/MDFS/data/CID2013/extracted/IS2/co3/IS_II_C03_D12.jpg,IS2,co3,16.19702925703071
IS_II_C04_D01.jpg,IS_II_C04_D01,/kaggle/working/MDFS/data/CID2013/extracted/IS2/co4/IS_II_C04_D01.jpg,IS2,co4,58.097946554913456
IS_II_C04_D03.jpg,IS_II_C04_D03,/kaggle/working/MDFS/data/CID2013/extracted/IS2/co4/IS_II_C04_D03.jpg,IS2,co4,75.72950716114471
IS_II_C04_D05.jpg,IS_II_C04_D05,/kaggle/working/MDFS/data/CID2013/extracted/IS2/co4/IS_II_C04_D05.jpg,IS2,co4,61.41575828770179
IS_II_C04_D07.jpg,IS_II_C04_D07,/kaggle/working/MDFS/data/CID2013/extracted/IS2/co4/IS_II_C04_D07.jpg,IS2,co4,74.26097678848971
IS_II_C04_D09.jpg,IS_II_C04_D09,/kaggle/working/MDFS/data/CID2013/extracted/IS2/co4/IS_II_C04_D09.jpg,IS2,co4,71.89731350818664
IS_II_C04_D11.jpg,IS_II_C04_D11,/kaggle/working/MDFS/data/CID2013/extracted/IS2/co4/IS_II_C04_D11.jpg,IS2,co4,76.55881805858586
IS_II_C04_D13.jpg,IS_II_C04_D13,/kaggle/working/MDFS/data/CID2013/extracted/IS2/co4/IS_II_C04_D13.jpg,IS2,co4,73.6302151788784
IS_II_C05_D02.jpg,IS_II_C05_D02,/kaggle/working/MDFS/data/CID2013/extracted/IS2/co5/IS_II_C05_D02.jpg,IS2,co5,68.66920299838844
IS_II_C05_D04.jpg,IS_II_C05_D04,/kaggle/working/MDFS/data/CID2013/extracted/IS2/co5/IS_II_C05_D04.jpg,IS2,co5,47.212807317998255
IS_II_C05_D06.jpg,IS_II_C05_D06,/kaggle/working/MDFS/data/CID2013/extracted/IS2/co5/IS_II_C05_D06.jpg,IS2,co5,76.9077926053052
IS_II_C05_D08.jpg,IS_II_C05_D08,/kaggle/working/MDFS/data/CID2013/extracted/IS2/co5/IS_II_C05_D08.jpg,IS2,co5,72.15576822020309
IS_II_C05_D10.jpg,IS_II_C05_D10,/kaggle/working/MDFS/data/CID2013/extracted/IS2/co5/IS_II_C05_D10.jpg,IS2,co5,32.07173237174442
IS_II_C05_D12.jpg,IS_II_C05_D12,/kaggle/working/MDFS/data/CID2013/extracted/IS2/co5/IS_II_C05_D12.jpg,IS2,co5,55.11448318558629
IS_II_C06_D01.jpg,IS_II_C06_D01,/kaggle/working/MDFS/data/CID2013/extracted/IS2/co6/IS_II_C06_D01.jpg,IS2,co6,31.32331384050096
IS_II_C06_D03.jpg,IS_II_C06_D03,/kaggle/working/MDFS/data/CID2013/extracted/IS2/co6/IS_II_C06_D03.jpg,IS2,co6,58.01000374831669
IS_II_C06_D05.jpg,IS_II_C06_D05,/kaggle/working/MDFS/data/CID2013/extracted/IS2/co6/IS_II_C06_D05.jpg,IS2,co6,40.64070945108687
IS_II_C06_D07.jpg,IS_II_C06_D07,/kaggle/working/MDFS/data/CID2013/extracted/IS2/co6/IS_II_C06_D07.jpg,IS2,co6,82.40148743506477
IS_II_C06_D09.jpg,IS_II_C06_D09,/kaggle/working/MDFS/data/CID2013/extracted/IS2/co6/IS_II_C06_D09.jpg,IS2,co6,57.85428882877526
IS_II_C06_D11.jpg,IS_II_C06_D11,/kaggle/working/MDFS/data/CID2013/extracted/IS2/co6/IS_II_C06_D11.jpg,IS2,co6,73.16725292238921
IS_II_C06_D13.jpg,IS_II_C06_D13,/kaggle/working/MDFS/data/CID2013/extracted/IS2/co6/IS_II_C06_D13.jpg,IS2,co6,61.8951052703956
IS_III_C01_D02.jpg,IS_III_C01_D02,/kaggle/working/MDFS/data/CID2013/extracted/IS3/co1/IS_III_C01_D02.jpg,IS3,co1,58.47513976005165
IS_III_C01_D04.jpg,IS_III_C01_D04,/kaggle/working/MDFS/data/CID2013/extracted/IS3/co1/IS_III_C01_D04.jpg,IS3,co1,40.07741315907783
IS_III_C01_D06.jpg,IS_III_C01_D06,/kaggle/working/MDFS/data/CID2013/extracted/IS3/co1/IS_III_C01_D06.jpg,IS3,co1,33.12556842221044
IS_III_C01_D08.jpg,IS_III_C01_D08,/kaggle/working/MDFS/data/CID2013/extracted/IS3/co1/IS_III_C01_D08.jpg,IS3,co1,36.90258081763412
IS_III_C01_D10.jpg,IS_III_C01_D10,/kaggle/working/MDFS/data/CID2013/extracted/IS3/co1/IS_III_C01_D10.jpg,IS3,co1,6.950150698586689
IS_III_C01_D12.jpg,IS_III_C01_D12,/kaggle/working/MDFS/data/CID2013/extracted/IS3/co1/IS_III_C01_D12.jpg,IS3,co1,41.85388637186362
IS_III_C02_D01.jpg,IS_III_C02_D01,/kaggle/working/MDFS/data/CID2013/extracted/IS3/co2/IS_III_C02_D01.jpg,IS3,co2,60.33618945611484
IS_III_C02_D03.jpg,IS_III_C02_D03,/kaggle/working/MDFS/data/CID2013/extracted/IS3/co2/IS_III_C02_D03.jpg,IS3,co2,46.22430943761746
IS_III_C02_D05.jpg,IS_III_C02_D05,/kaggle/working/MDFS/data/CID2013/extracted/IS3/co2/IS_III_C02_D05.jpg,IS3,co2,13.568258150101729
IS_III_C02_D07.jpg,IS_III_C02_D07,/kaggle/working/MDFS/data/CID2013/extracted/IS3/co2/IS_III_C02_D07.jpg,IS3,co2,28.493869238256124
IS_III_C02_D09.jpg,IS_III_C02_D09,/kaggle/working/MDFS/data/CID2013/extracted/IS3/co2/IS_III_C02_D09.jpg,IS3,co2,51.82192342293165
IS_III_C02_D11.jpg,IS_III_C02_D11,/kaggle/working/MDFS/data/CID2013/extracted/IS3/co2/IS_III_C02_D11.jpg,IS3,co2,37.460262099455285
IS_III_C02_D13.jpg,IS_III_C02_D13,/kaggle/working/MDFS/data/CID2013/extracted/IS3/co2/IS_III_C02_D13.jpg,IS3,co2,42.849484946189264
IS_III_C03_D02.jpg,IS_III_C03_D02,/kaggle/working/MDFS/data/CID2013/extracted/IS3/co3/IS_III_C03_D02.jpg,IS3,co3,48.30173240163475
IS_III_C03_D04.jpg,IS_III_C03_D04,/kaggle/working/MDFS/data/CID2013/extracted/IS3/co3/IS_III_C03_D04.jpg,IS3,co3,9.508563475881353
IS_III_C03_D06.jpg,IS_III_C03_D06,/kaggle/working/MDFS/data/CID2013/extracted/IS3/co3/IS_III_C03_D06.jpg,IS3,co3,4.601306381138961
IS_III_C03_D08.jpg,IS_III_C03_D08,/kaggle/working/MDFS/data/CID2013/extracted/IS3/co3/IS_III_C03_D08.jpg,IS3,co3,23.132861323753534
IS_III_C03_D10.jpg,IS_III_C03_D10,/kaggle/working/MDFS/data/CID2013/extracted/IS3/co3/IS_III_C03_D10.jpg,IS3,co3,5.410990174262638
IS_III_C03_D12.jpg,IS_III_C03_D12,/kaggle/working/MDFS/data/CID2013/extracted/IS3/co3/IS_III_C03_D12.jpg,IS3,co3,20.10112783719003
IS_III_C04_D01.jpg,IS_III_C04_D01,/kaggle/working/MDFS/data/CID2013/extracted/IS3/co4/IS_III_C04_D01.jpg,IS3,co4,78.39601768006828
IS_III_C04_D03.jpg,IS_III_C04_D03,/kaggle/working/MDFS/data/CID2013/extracted/IS3/co4/IS_III_C04_D03.jpg,IS3,co4,79.1874155581609
IS_III_C04_D05.jpg,IS_III_C04_D05,/kaggle/working/MDFS/data/CID2013/extracted/IS3/co4/IS_III_C04_D05.jpg,IS3,co4,53.85345139952475
IS_III_C04_D07.jpg,IS_III_C04_D07,/kaggle/working/MDFS/data/CID2013/extracted/IS3/co4/IS_III_C04_D07.jpg,IS3,co4,68.42196181111615
IS_III_C04_D09.jpg,IS_III_C04_D09,/kaggle/working/MDFS/data/CID2013/extracted/IS3/co4/IS_III_C04_D09.jpg,IS3,co4,70.38219405424086
IS_III_C04_D11.jpg,IS_III_C04_D11,/kaggle/working/MDFS/data/CID2013/extracted/IS3/co4/IS_III_C04_D11.jpg,IS3,co4,75.91849423341037
IS_III_C04_D13.jpg,IS_III_C04_D13,/kaggle/working/MDFS/data/CID2013/extracted/IS3/co4/IS_III_C04_D13.jpg,IS3,co4,76.5996578706912
IS_III_C05_D02.jpg,IS_III_C05_D02,/kaggle/working/MDFS/data/CID2013/extracted/IS3/co5/IS_III_C05_D02.jpg,IS3,co5,65.40910034635
IS_III_C05_D04.jpg,IS_III_C05_D04,/kaggle/working/MDFS/data/CID2013/extracted/IS3/co5/IS_III_C05_D04.jpg,IS3,co5,36.17460309629951
IS_III_C05_D06.jpg,IS_III_C05_D06,/kaggle/working/MDFS/data/CID2013/extracted/IS3/co5/IS_III_C05_D06.jpg,IS3,co5,43.642608079229824
IS_III_C05_D08.jpg,IS_III_C05_D08,/kaggle/working/MDFS/data/CID2013/extracted/IS3/co5/IS_III_C05_D08.jpg,IS3,co5,66.87962919045705
IS_III_C05_D10.jpg,IS_III_C05_D10,/kaggle/working/MDFS/data/CID2013/extracted/IS3/co5/IS_III_C05_D10.jpg,IS3,co5,35.74386643372117
IS_III_C05_D12.jpg,IS_III_C05_D12,/kaggle/working/MDFS/data/CID2013/extracted/IS3/co5/IS_III_C05_D12.jpg,IS3,co5,56.06223635403491
IS_III_C06_D01.jpg,IS_III_C06_D01,/kaggle/working/MDFS/data/CID2013/extracted/IS3/co6/IS_III_C06_D01.jpg,IS3,co6,76.26031556457858
IS_III_C06_D03.jpg,IS_III_C06_D03,/kaggle/working/MDFS/data/CID2013/extracted/IS3/co6/IS_III_C06_D03.jpg,IS3,co6,78.95595234118349
IS_III_C06_D05.jpg,IS_III_C06_D05,/kaggle/working/MDFS/data/CID2013/extracted/IS3/co6/IS_III_C06_D05.jpg,IS3,co6,38.47386290167513
IS_III_C06_D07.jpg,IS_III_C06_D07,/kaggle/working/MDFS/data/CID2013/extracted/IS3/co6/IS_III_C06_D07.jpg,IS3,co6,57.23444390133216
IS_III_C06_D09.jpg,IS_III_C06_D09,/kaggle/working/MDFS/data/CID2013/extracted/IS3/co6/IS_III_C06_D09.jpg,IS3,co6,72.48622838382322
IS_III_C06_D11.jpg,IS_III_C06_D11,/kaggle/working/MDFS/data/CID2013/extracted/IS3/co6/IS_III_C06_D11.jpg,IS3,co6,81.53314918356175
IS_III_C06_D13.jpg,IS_III_C06_D13,/kaggle/working/MDFS/data/CID2013/extracted/IS3/co6/IS_III_C06_D13.jpg,IS3,co6,51.092442773440965
IS_IV_C01_D02.jpg,IS_IV_C01_D02,/kaggle/working/MDFS/data/CID2013/extracted/IS4/co1/IS_IV_C01_D02.jpg,IS4,co1,74.29367288544402
IS_IV_C01_D04.jpg,IS_IV_C01_D04,/kaggle/working/MDFS/data/CID2013/extracted/IS4/co1/IS_IV_C01_D04.jpg,IS4,co1,16.83669634155391
IS_IV_C01_D06.jpg,IS_IV_C01_D06,/kaggle/working/MDFS/data/CID2013/extracted/IS4/co1/IS_IV_C01_D06.jpg,IS4,co1,37.22056669676081
IS_IV_C01_D08.jpg,IS_IV_C01_D08,/kaggle/working/MDFS/data/CID2013/extracted/IS4/co1/IS_IV_C01_D08.jpg,IS4,co1,13.174949211073114
IS_IV_C01_D10.jpg,IS_IV_C01_D10,/kaggle/working/MDFS/data/CID2013/extracted/IS4/co1/IS_IV_C01_D10.jpg,IS4,co1,43.33081039999562
IS_IV_C01_D12.jpg,IS_IV_C01_D12,/kaggle/working/MDFS/data/CID2013/extracted/IS4/co1/IS_IV_C01_D12.jpg,IS4,co1,-9.549063082595364
IS_IV_C02_D01.jpg,IS_IV_C02_D01,/kaggle/working/MDFS/data/CID2013/extracted/IS4/co2/IS_IV_C02_D01.jpg,IS4,co2,39.09636543940052
IS_IV_C02_D03.jpg,IS_IV_C02_D03,/kaggle/working/MDFS/data/CID2013/extracted/IS4/co2/IS_IV_C02_D03.jpg,IS4,co2,42.55916501596968
IS_IV_C02_D05.jpg,IS_IV_C02_D05,/kaggle/working/MDFS/data/CID2013/extracted/IS4/co2/IS_IV_C02_D05.jpg,IS4,co2,38.14547780688226
IS_IV_C02_D07.jpg,IS_IV_C02_D07,/kaggle/working/MDFS/data/CID2013/extracted/IS4/co2/IS_IV_C02_D07.jpg,IS4,co2,33.81017769092005
IS_IV_C02_D09.jpg,IS_IV_C02_D09,/kaggle/working/MDFS/data/CID2013/extracted/IS4/co2/IS_IV_C02_D09.jpg,IS4,co2,20.27751319043742
IS_IV_C02_D11.jpg,IS_IV_C02_D11,/kaggle/working/MDFS/data/CID2013/extracted/IS4/co2/IS_IV_C02_D11.jpg,IS4,co2,26.65229708714725
IS_IV_C02_D13.jpg,IS_IV_C02_D13,/kaggle/working/MDFS/data/CID2013/extracted/IS4/co2/IS_IV_C02_D13.jpg,IS4,co2,47.11599060294725
IS_IV_C03_D02.jpg,IS_IV_C03_D02,/kaggle/working/MDFS/data/CID2013/extracted/IS4/co3/IS_IV_C03_D02.jpg,IS4,co3,49.51327501243779
IS_IV_C03_D04.jpg,IS_IV_C03_D04,/kaggle/working/MDFS/data/CID2013/extracted/IS4/co3/IS_IV_C03_D04.jpg,IS4,co3,10.98063779770004
IS_IV_C03_D06.jpg,IS_IV_C03_D06,/kaggle/working/MDFS/data/CID2013/extracted/IS4/co3/IS_IV_C03_D06.jpg,IS4,co3,1.8897504392183049
IS_IV_C03_D08.jpg,IS_IV_C03_D08,/kaggle/working/MDFS/data/CID2013/extracted/IS4/co3/IS_IV_C03_D08.jpg,IS4,co3,0.2641401758618763
IS_IV_C03_D10.jpg,IS_IV_C03_D10,/kaggle/working/MDFS/data/CID2013/extracted/IS4/co3/IS_IV_C03_D10.jpg,IS4,co3,35.11767355725709
IS_IV_C03_D12.jpg,IS_IV_C03_D12,/kaggle/working/MDFS/data/CID2013/extracted/IS4/co3/IS_IV_C03_D12.jpg,IS4,co3,-4.851538522203676
IS_IV_C04_D01.jpg,IS_IV_C04_D01,/kaggle/working/MDFS/data/CID2013/extracted/IS4/co4/IS_IV_C04_D01.jpg,IS4,co4,78.6188312145314
IS_IV_C04_D03.jpg,IS_IV_C04_D03,/kaggle/working/MDFS/data/CID2013/extracted/IS4/co4/IS_IV_C04_D03.jpg,IS4,co4,71.60131547563161
IS_IV_C04_D05.jpg,IS_IV_C04_D05,/kaggle/working/MDFS/data/CID2013/extracted/IS4/co4/IS_IV_C04_D05.jpg,IS4,co4,59.667842069371545
IS_IV_C04_D07.jpg,IS_IV_C04_D07,/kaggle/working/MDFS/data/CID2013/extracted/IS4/co4/IS_IV_C04_D07.jpg,IS4,co4,69.44225649601361
IS_IV_C04_D09.jpg,IS_IV_C04_D09,/kaggle/working/MDFS/data/CID2013/extracted/IS4/co4/IS_IV_C04_D09.jpg,IS4,co4,70.4676570728467
IS_IV_C04_D11.jpg,IS_IV_C04_D11,/kaggle/working/MDFS/data/CID2013/extracted/IS4/co4/IS_IV_C04_D11.jpg,IS4,co4,75.73602518068935
IS_IV_C04_D13.jpg,IS_IV_C04_D13,/kaggle/working/MDFS/data/CID2013/extracted/IS4/co4/IS_IV_C04_D13.jpg,IS4,co4,73.03539581582353
IS_IV_C05_D02.jpg,IS_IV_C05_D02,/kaggle/working/MDFS/data/CID2013/extracted/IS4/co5/IS_IV_C05_D02.jpg,IS4,co5,71.46095145470126
IS_IV_C05_D04.jpg,IS_IV_C05_D04,/kaggle/working/MDFS/data/CID2013/extracted/IS4/co5/IS_IV_C05_D04.jpg,IS4,co5,26.70991647045734
IS_IV_C05_D06.jpg,IS_IV_C05_D06,/kaggle/working/MDFS/data/CID2013/extracted/IS4/co5/IS_IV_C05_D06.jpg,IS4,co5,70.02542898812928
IS_IV_C05_D08.jpg,IS_IV_C05_D08,/kaggle/working/MDFS/data/CID2013/extracted/IS4/co5/IS_IV_C05_D08.jpg,IS4,co5,66.09832132445713
IS_IV_C05_D10.jpg,IS_IV_C05_D10,/kaggle/working/MDFS/data/CID2013/extracted/IS4/co5/IS_IV_C05_D10.jpg,IS4,co5,66.25532491282883
IS_IV_C05_D12.jpg,IS_IV_C05_D12,/kaggle/working/MDFS/data/CID2013/extracted/IS4/co5/IS_IV_C05_D12.jpg,IS4,co5,75.8530020780713
IS_IV_C06_D01.jpg,IS_IV_C06_D01,/kaggle/working/MDFS/data/CID2013/extracted/IS4/co6/IS_IV_C06_D01.jpg,IS4,co6,52.686221060027336
IS_IV_C06_D03.jpg,IS_IV_C06_D03,/kaggle/working/MDFS/data/CID2013/extracted/IS4/co6/IS_IV_C06_D03.jpg,IS4,co6,80.30797249161743
IS_IV_C06_D05.jpg,IS_IV_C06_D05,/kaggle/working/MDFS/data/CID2013/extracted/IS4/co6/IS_IV_C06_D05.jpg,IS4,co6,65.44073857389365
IS_IV_C06_D07.jpg,IS_IV_C06_D07,/kaggle/working/MDFS/data/CID2013/extracted/IS4/co6/IS_IV_C06_D07.jpg,IS4,co6,75.77460152424433
IS_IV_C06_D09.jpg,IS_IV_C06_D09,/kaggle/working/MDFS/data/CID2013/extracted/IS4/co6/IS_IV_C06_D09.jpg,IS4,co6,46.25584443756319
IS_IV_C06_D11.jpg,IS_IV_C06_D11,/kaggle/working/MDFS/data/CID2013/extracted/IS4/co6/IS_IV_C06_D11.jpg,IS4,co6,53.90197838603483
IS_IV_C06_D13.jpg,IS_IV_C06_D13,/kaggle/working/MDFS/data/CID2013/extracted/IS4/co6/IS_IV_C06_D13.jpg,IS4,co6,77.148591422386
IS_V_C01_D02.jpg,IS_V_C01_D02,/kaggle/working/MDFS/data/CID2013/extracted/IS5/co1/IS_V_C01_D02.jpg,IS5,co1,75.40552392047381
IS_V_C01_D04.jpg,IS_V_C01_D04,/kaggle/working/MDFS/data/CID2013/extracted/IS5/co1/IS_V_C01_D04.jpg,IS5,co1,39.24320352673026
IS_V_C01_D06.jpg,IS_V_C01_D06,/kaggle/working/MDFS/data/CID2013/extracted/IS5/co1/IS_V_C01_D06.jpg,IS5,co1,50.599975030917
IS_V_C01_D08.jpg,IS_V_C01_D08,/kaggle/working/MDFS/data/CID2013/extracted/IS5/co1/IS_V_C01_D08.jpg,IS5,co1,16.212994406346574
IS_V_C01_D10.jpg,IS_V_C01_D10,/kaggle/working/MDFS/data/CID2013/extracted/IS5/co1/IS_V_C01_D10.jpg,IS5,co1,8.526270349540134
IS_V_C01_D12.jpg,IS_V_C01_D12,/kaggle/working/MDFS/data/CID2013/extracted/IS5/co1/IS_V_C01_D12.jpg,IS5,co1,20.178087832382605
IS_V_C02_D02.jpg,IS_V_C02_D02,/kaggle/working/MDFS/data/CID2013/extracted/IS5/co2/IS_V_C02_D02.jpg,IS5,co2,62.54852792390402
IS_V_C02_D04.jpg,IS_V_C02_D04,/kaggle/working/MDFS/data/CID2013/extracted/IS5/co2/IS_V_C02_D04.jpg,IS5,co2,25.55314227584934
IS_V_C02_D06.jpg,IS_V_C02_D06,/kaggle/working/MDFS/data/CID2013/extracted/IS5/co2/IS_V_C02_D06.jpg,IS5,co2,30.716390195136448
IS_V_C02_D08.jpg,IS_V_C02_D08,/kaggle/working/MDFS/data/CID2013/extracted/IS5/co2/IS_V_C02_D08.jpg,IS5,co2,37.60060774099272
IS_V_C02_D10.jpg,IS_V_C02_D10,/kaggle/working/MDFS/data/CID2013/extracted/IS5/co2/IS_V_C02_D10.jpg,IS5,co2,27.194878678493787
IS_V_C02_D12.jpg,IS_V_C02_D12,/kaggle/working/MDFS/data/CID2013/extracted/IS5/co2/IS_V_C02_D12.jpg,IS5,co2,44.94389126623523
IS_V_C03_D02.jpg,IS_V_C03_D02,/kaggle/working/MDFS/data/CID2013/extracted/IS5/co3/IS_V_C03_D02.jpg,IS5,co3,51.70355081333069
IS_V_C03_D04.jpg,IS_V_C03_D04,/kaggle/working/MDFS/data/CID2013/extracted/IS5/co3/IS_V_C03_D04.jpg,IS5,co3,20.695505201665355
IS_V_C03_D06.jpg,IS_V_C03_D06,/kaggle/working/MDFS/data/CID2013/extracted/IS5/co3/IS_V_C03_D06.jpg,IS5,co3,20.58177916278089
IS_V_C03_D08.jpg,IS_V_C03_D08,/kaggle/working/MDFS/data/CID2013/extracted/IS5/co3/IS_V_C03_D08.jpg,IS5,co3,17.092480007891712
IS_V_C03_D10.jpg,IS_V_C03_D10,/kaggle/working/MDFS/data/CID2013/extracted/IS5/co3/IS_V_C03_D10.jpg,IS5,co3,4.960138969524878
IS_V_C03_D12.jpg,IS_V_C03_D12,/kaggle/working/MDFS/data/CID2013/extracted/IS5/co3/IS_V_C03_D12.jpg,IS5,co3,10.86861769419103
IS_V_C05_D02.jpg,IS_V_C05_D02,/kaggle/working/MDFS/data/CID2013/extracted/IS5/co5/IS_V_C05_D02.jpg,IS5,co5,83.17370163244448
IS_V_C05_D04.jpg,IS_V_C05_D04,/kaggle/working/MDFS/data/CID2013/extracted/IS5/co5/IS_V_C05_D04.jpg,IS5,co5,24.02438303170388
IS_V_C05_D06.jpg,IS_V_C05_D06,/kaggle/working/MDFS/data/CID2013/extracted/IS5/co5/IS_V_C05_D06.jpg,IS5,co5,69.261769674621
IS_V_C05_D08.jpg,IS_V_C05_D08,/kaggle/working/MDFS/data/CID2013/extracted/IS5/co5/IS_V_C05_D08.jpg,IS5,co5,32.31332802010443
IS_V_C05_D10.jpg,IS_V_C05_D10,/kaggle/working/MDFS/data/CID2013/extracted/IS5/co5/IS_V_C05_D10.jpg,IS5,co5,23.05407116638775
IS_V_C05_D12.jpg,IS_V_C05_D12,/kaggle/working/MDFS/data/CID2013/extracted/IS5/co5/IS_V_C05_D12.jpg,IS5,co5,49.01237033042008
IS_V_C06_D02.jpg,IS_V_C06_D02,/kaggle/working/MDFS/data/CID2013/extracted/IS5/co6/IS_V_C06_D02.jpg,IS5,co6,80.72389613612019
IS_V_C06_D04.jpg,IS_V_C06_D04,/kaggle/working/MDFS/data/CID2013/extracted/IS5/co6/IS_V_C06_D04.jpg,IS5,co6,32.47051258353572
IS_V_C06_D06.jpg,IS_V_C06_D06,/kaggle/working/MDFS/data/CID2013/extracted/IS5/co6/IS_V_C06_D06.jpg,IS5,co6,84.439558523415
IS_V_C06_D08.jpg,IS_V_C06_D08,/kaggle/working/MDFS/data/CID2013/extracted/IS5/co6/IS_V_C06_D08.jpg,IS5,co6,69.99560646226094
IS_V_C06_D10.jpg,IS_V_C06_D10,/kaggle/working/MDFS/data/CID2013/extracted/IS5/co6/IS_V_C06_D10.jpg,IS5,co6,45.28670029194739
IS_V_C06_D12.jpg,IS_V_C06_D12,/kaggle/working/MDFS/data/CID2013/extracted/IS5/co6/IS_V_C06_D12.jpg,IS5,co6,47.36425014540838
IS_V_C08_D02.jpg,IS_V_C08_D02,/kaggle/working/MDFS/data/CID2013/extracted/IS5/co8/IS_V_C08_D02.jpg,IS5,co8,80.51092385326811
IS_V_C08_D04.jpg,IS_V_C08_D04,/kaggle/working/MDFS/data/CID2013/extracted/IS5/co8/IS_V_C08_D04.jpg,IS5,co8,34.82728842146123
IS_V_C08_D06.jpg,IS_V_C08_D06,/kaggle/working/MDFS/data/CID2013/extracted/IS5/co8/IS_V_C08_D06.jpg,IS5,co8,36.47540985366639
IS_V_C08_D08.jpg,IS_V_C08_D08,/kaggle/working/MDFS/data/CID2013/extracted/IS5/co8/IS_V_C08_D08.jpg,IS5,co8,23.746152078399263
IS_V_C08_D10.jpg,IS_V_C08_D10,/kaggle/working/MDFS/data/CID2013/extracted/IS5/co8/IS_V_C08_D10.jpg,IS5,co8,21.557286599066725
IS_V_C08_D12.jpg,IS_V_C08_D12,/kaggle/working/MDFS/data/CID2013/extracted/IS5/co8/IS_V_C08_D12.jpg,IS5,co8,28.95073939135942
IS_VI_C01_D02.jpg,IS_VI_C01_D02,/kaggle/working/MDFS/data/CID2013/extracted/IS6/co1/IS_VI_C01_D02.jpg,IS6,co1,52.79720650913952
IS_VI_C01_D04.jpg,IS_VI_C01_D04,/kaggle/working/MDFS/data/CID2013/extracted/IS6/co1/IS_VI_C01_D04.jpg,IS6,co1,64.62754898589554
IS_VI_C01_D06.jpg,IS_VI_C01_D06,/kaggle/working/MDFS/data/CID2013/extracted/IS6/co1/IS_VI_C01_D06.jpg,IS6,co1,58.229528448614886
IS_VI_C01_D08.jpg,IS_VI_C01_D08,/kaggle/working/MDFS/data/CID2013/extracted/IS6/co1/IS_VI_C01_D08.jpg,IS6,co1,49.68576188877448
IS_VI_C01_D10.jpg,IS_VI_C01_D10,/kaggle/working/MDFS/data/CID2013/extracted/IS6/co1/IS_VI_C01_D10.jpg,IS6,co1,58.588111198906674
IS_VI_C01_D12.jpg,IS_VI_C01_D12,/kaggle/working/MDFS/data/CID2013/extracted/IS6/co1/IS_VI_C01_D12.jpg,IS6,co1,38.071582613936016
IS_VI_C01_D14.jpg,IS_VI_C01_D14,/kaggle/working/MDFS/data/CID2013/extracted/IS6/co1/IS_VI_C01_D14.jpg,IS6,co1,0.4559336030562881
IS_VI_C02_D02.jpg,IS_VI_C02_D02,/kaggle/working/MDFS/data/CID2013/extracted/IS6/co2/IS_VI_C02_D02.jpg,IS6,co2,50.60322190821496
IS_VI_C02_D04.jpg,IS_VI_C02_D04,/kaggle/working/MDFS/data/CID2013/extracted/IS6/co2/IS_VI_C02_D04.jpg,IS6,co2,46.038490516654775
IS_VI_C02_D06.jpg,IS_VI_C02_D06,/kaggle/working/MDFS/data/CID2013/extracted/IS6/co2/IS_VI_C02_D06.jpg,IS6,co2,52.354260100687306
IS_VI_C02_D08.jpg,IS_VI_C02_D08,/kaggle/working/MDFS/data/CID2013/extracted/IS6/co2/IS_VI_C02_D08.jpg,IS6,co2,40.75408654322073
IS_VI_C02_D10.jpg,IS_VI_C02_D10,/kaggle/working/MDFS/data/CID2013/extracted/IS6/co2/IS_VI_C02_D10.jpg,IS6,co2,47.24203262913085
IS_VI_C02_D12.jpg,IS_VI_C02_D12,/kaggle/working/MDFS/data/CID2013/extracted/IS6/co2/IS_VI_C02_D12.jpg,IS6,co2,40.55487093766919
IS_VI_C02_D14.jpg,IS_VI_C02_D14,/kaggle/working/MDFS/data/CID2013/extracted/IS6/co2/IS_VI_C02_D14.jpg,IS6,co2,14.775920172368814
IS_VI_C03_D02.jpg,IS_VI_C03_D02,/kaggle/working/MDFS/data/CID2013/extracted/IS6/co3/IS_VI_C03_D02.jpg,IS6,co3,23.26579268365111
IS_VI_C03_D04.jpg,IS_VI_C03_D04,/kaggle/working/MDFS/data/CID2013/extracted/IS6/co3/IS_VI_C03_D04.jpg,IS6,co3,33.726565390489405
IS_VI_C03_D06.jpg,IS_VI_C03_D06,/kaggle/working/MDFS/data/CID2013/extracted/IS6/co3/IS_VI_C03_D06.jpg,IS6,co3,17.084072973929004
IS_VI_C03_D08.jpg,IS_VI_C03_D08,/kaggle/working/MDFS/data/CID2013/extracted/IS6/co3/IS_VI_C03_D08.jpg,IS6,co3,23.740645727789605
IS_VI_C03_D10.jpg,IS_VI_C03_D10,/kaggle/working/MDFS/data/CID2013/extracted/IS6/co3/IS_VI_C03_D10.jpg,IS6,co3,30.532807748159808
IS_VI_C03_D12.jpg,IS_VI_C03_D12,/kaggle/working/MDFS/data/CID2013/extracted/IS6/co3/IS_VI_C03_D12.jpg,IS6,co3,22.64258819681624
IS_VI_C03_D14.jpg,IS_VI_C03_D14,/kaggle/working/MDFS/data/CID2013/extracted/IS6/co3/IS_VI_C03_D14.jpg,IS6,co3,2.504877650139893
IS_VI_C06_D02.jpg,IS_VI_C06_D02,/kaggle/working/MDFS/data/CID2013/extracted/IS6/co6/IS_VI_C06_D02.jpg,IS6,co6,69.34863992680229
IS_VI_C06_D04.jpg,IS_VI_C06_D04,/kaggle/working/MDFS/data/CID2013/extracted/IS6/co6/IS_VI_C06_D04.jpg,IS6,co6,78.17021747504472
IS_VI_C06_D06.jpg,IS_VI_C06_D06,/kaggle/working/MDFS/data/CID2013/extracted/IS6/co6/IS_VI_C06_D06.jpg,IS6,co6,78.83421709086643
IS_VI_C06_D08.jpg,IS_VI_C06_D08,/kaggle/working/MDFS/data/CID2013/extracted/IS6/co6/IS_VI_C06_D08.jpg,IS6,co6,83.10004449673565
IS_VI_C06_D10.jpg,IS_VI_C06_D10,/kaggle/working/MDFS/data/CID2013/extracted/IS6/co6/IS_VI_C06_D10.jpg,IS6,co6,87.88207123804241
IS_VI_C06_D12.jpg,IS_VI_C06_D12,/kaggle/working/MDFS/data/CID2013/extracted/IS6/co6/IS_VI_C06_D12.jpg,IS6,co6,79.56028077214833
IS_VI_C06_D14.jpg,IS_VI_C06_D14,/kaggle/working/MDFS/data/CID2013/extracted/IS6/co6/IS_VI_C06_D14.jpg,IS6,co6,47.79259396928686
IS_VI_C07_D02.jpg,IS_VI_C07_D02,/kaggle/working/MDFS/data/CID2013/extracted/IS6/co7/IS_VI_C07_D02.jpg,IS6,co7,26.04571723743804
IS_VI_C07_D04.jpg,IS_VI_C07_D04,/kaggle/working/MDFS/data/CID2013/extracted/IS6/co7/IS_VI_C07_D04.jpg,IS6,co7,34.777682635997124
IS_VI_C07_D06.jpg,IS_VI_C07_D06,/kaggle/working/MDFS/data/CID2013/extracted/IS6/co7/IS_VI_C07_D06.jpg,IS6,co7,34.05700228744363
IS_VI_C07_D08.jpg,IS_VI_C07_D08,/kaggle/working/MDFS/data/CID2013/extracted/IS6/co7/IS_VI_C07_D08.jpg,IS6,co7,35.13632049694559
IS_VI_C07_D10.jpg,IS_VI_C07_D10,/kaggle/working/MDFS/data/CID2013/extracted/IS6/co7/IS_VI_C07_D10.jpg,IS6,co7,42.63111447518961
IS_VI_C07_D12.jpg,IS_VI_C07_D12,/kaggle/working/MDFS/data/CID2013/extracted/IS6/co7/IS_VI_C07_D12.jpg,IS6,co7,38.61902770290236
IS_VI_C07_D14.jpg,IS_VI_C07_D14,/kaggle/working/MDFS/data/CID2013/extracted/IS6/co7/IS_VI_C07_D14.jpg,IS6,co7,15.98633916985211
IS_VI_C08_D02.jpg,IS_VI_C08_D02,/kaggle/working/MDFS/data/CID2013/extracted/IS6/co8/IS_VI_C08_D02.jpg,IS6,co8,53.77306607462767
IS_VI_C08_D04.jpg,IS_VI_C08_D04,/kaggle/working/MDFS/data/CID2013/extracted/IS6/co8/IS_VI_C08_D04.jpg,IS6,co8,58.55026783615414
IS_VI_C08_D06.jpg,IS_VI_C08_D06,/kaggle/working/MDFS/data/CID2013/extracted/IS6/co8/IS_VI_C08_D06.jpg,IS6,co8,54.17620115727809
IS_VI_C08_D08.jpg,IS_VI_C08_D08,/kaggle/working/MDFS/data/CID2013/extracted/IS6/co8/IS_VI_C08_D08.jpg,IS6,co8,64.9616882969328
IS_VI_C08_D10.jpg,IS_VI_C08_D10,/kaggle/working/MDFS/data/CID2013/extracted/IS6/co8/IS_VI_C08_D10.jpg,IS6,co8,66.03559216884352
IS_VI_C08_D12.jpg,IS_VI_C08_D12,/kaggle/working/MDFS/data/CID2013/extracted/IS6/co8/IS_VI_C08_D12.jpg,IS6,co8,68.16686600031059
IS_VI_C08_D14.jpg,IS_VI_C08_D14,/kaggle/working/MDFS/data/CID2013/extracted/IS6/co8/IS_VI_C08_D14.jpg,IS6,co8,10.48096952687162
