filename,source_id,image_path,image_set,cluster,mos,mdfs_raw_score,runtime_seconds,worker_gpu
IS_I_C01_D01.jpg,IS_I_C01_D01,/kaggle/working/MDFS/data/CID2013/extracted/IS1/co1/IS_I_C01_D01.jpg,IS1,co1,3.3436430335190703,29.994600296020508,0.7954756590006582,0
IS_I_C01_D03.jpg,IS_I_C01_D03,/kaggle/working/MDFS/data/CID2013/extracted/IS1/co1/IS_I_C01_D03.jpg,IS1,co1,45.58109475556601,23.636394500732422,0.33713813299982576,0
IS_I_C01_D05.jpg,IS_I_C01_D05,/kaggle/working/MDFS/data/CID2013/extracted/IS1/co1/IS_I_C01_D05.jpg,IS1,co1,25.25235422018568,25.45594024658203,0.3299406949990953,0
IS_I_C01_D07.jpg,IS_I_C01_D07,/kaggle/working/MDFS/data/CID2013/extracted/IS1/co1/IS_I_C01_D07.jpg,IS1,co1,9.88964655415763,29.090229034423828,0.32276719699984824,0
IS_I_C01_D09.jpg,IS_I_C01_D09,/kaggle/working/MDFS/data/CID2013/extracted/IS1/co1/IS_I_C01_D09.jpg,IS1,co1,47.85276342762087,23.424022674560547,0.32997845799945935,0
IS_I_C01_D11.jpg,IS_I_C01_D11,/kaggle/working/MDFS/data/CID2013/extracted/IS1/co1/IS_I_C01_D11.jpg,IS1,co1,73.5651284538055,21.398347854614258,0.3241494550002244,0
IS_I_C01_D13.jpg,IS_I_C01_D13,/kaggle/working/MDFS/data/CID2013/extracted/IS1/co1/IS_I_C01_D13.jpg,IS1,co1,60.6821208795548,21.104780197143555,0.3329521369996655,0
IS_I_C02_D01.jpg,IS_I_C02_D01,/kaggle/working/MDFS/data/CID2013/extracted/IS1/co2/IS_I_C02_D01.jpg,IS1,co2,28.596330010415222,22.622194290161133,0.33883896699990146,0
IS_I_C02_D03.jpg,IS_I_C02_D03,/kaggle/working/MDFS/data/CID2013/extracted/IS1/co2/IS_I_C02_D03.jpg,IS1,co2,28.180940444584376,21.9322509765625,0.3415162330002204,0
IS_I_C02_D05.jpg,IS_I_C02_D05,/kaggle/working/MDFS/data/CID2013/extracted/IS1/co2/IS_I_C02_D05.jpg,IS1,co2,29.10891585257077,24.583974838256836,0.3454806380013906,0
IS_I_C02_D07.jpg,IS_I_C02_D07,/kaggle/working/MDFS/data/CID2013/extracted/IS1/co2/IS_I_C02_D07.jpg,IS1,co2,26.322799864320427,23.18113136291504,0.33835386899954756,0
IS_I_C02_D09.jpg,IS_I_C02_D09,/kaggle/working/MDFS/data/CID2013/extracted/IS1/co2/IS_I_C02_D09.jpg,IS1,co2,53.45228935752622,21.379518508911133,0.34148748200095724,0
IS_I_C02_D11.jpg,IS_I_C02_D11,/kaggle/working/MDFS/data/CID2013/extracted/IS1/co2/IS_I_C02_D11.jpg,IS1,co2,54.40594770477686,20.859859466552734,0.34852470199984964,0
IS_I_C02_D13.jpg,IS_I_C02_D13,/kaggle/working/MDFS/data/CID2013/extracted/IS1/co2/IS_I_C02_D13.jpg,IS1,co2,52.84545596623882,20.209978103637695,0.34384911300003296,0
IS_I_C03_D01.jpg,IS_I_C03_D01,/kaggle/working/MDFS/data/CID2013/extracted/IS1/co3/IS_I_C03_D01.jpg,IS1,co3,16.52776728373287,25.247940063476562,0.3471027380001033,0
IS_I_C03_D03.jpg,IS_I_C03_D03,/kaggle/working/MDFS/data/CID2013/extracted/IS1/co3/IS_I_C03_D03.jpg,IS1,co3,19.70635060176418,24.395729064941406,0.35217129200100317,0
IS_I_C03_D05.jpg,IS_I_C03_D05,/kaggle/working/MDFS/data/CID2013/extracted/IS1/co3/IS_I_C03_D05.jpg,IS1,co3,12.771323836183509,26.04212188720703,0.34691494399885414,0
IS_I_C03_D07.jpg,IS_I_C03_D07,/kaggle/working/MDFS/data/CID2013/extracted/IS1/co3/IS_I_C03_D07.jpg,IS1,co3,12.854903423503718,27.093624114990234,0.3338061070007825,0
IS_I_C03_D09.jpg,IS_I_C03_D09,/kaggle/working/MDFS/data/CID2013/extracted/IS1/co3/IS_I_C03_D09.jpg,IS1,co3,48.29078088837637,21.1900577545166,0.3409298520000448,0
IS_I_C03_D11.jpg,IS_I_C03_D11,/kaggle/working/MDFS/data/CID2013/extracted/IS1/co3/IS_I_C03_D11.jpg,IS1,co3,39.223418631749446,21.024600982666016,0.3443553199995222,0
IS_I_C03_D13.jpg,IS_I_C03_D13,/kaggle/working/MDFS/data/CID2013/extracted/IS1/co3/IS_I_C03_D13.jpg,IS1,co3,45.682984279504886,20.275753021240234,0.34475478599961207,0
IS_I_C04_D01.jpg,IS_I_C04_D01,/kaggle/working/MDFS/data/CID2013/extracted/IS1/co4/IS_I_C04_D01.jpg,IS1,co4,63.6576024280957,20.390892028808594,0.34607275700000173,0
IS_I_C04_D03.jpg,IS_I_C04_D03,/kaggle/working/MDFS/data/CID2013/extracted/IS1/co4/IS_I_C04_D03.jpg,IS1,co4,74.3549557116498,19.590272903442383,0.34501324300072156,0
IS_I_C04_D05.jpg,IS_I_C04_D05,/kaggle/working/MDFS/data/CID2013/extracted/IS1/co4/IS_I_C04_D05.jpg,IS1,co4,64.76028256739563,20.376976013183594,0.34720162200028426,0
IS_I_C04_D07.jpg,IS_I_C04_D07,/kaggle/working/MDFS/data/CID2013/extracted/IS1/co4/IS_I_C04_D07.jpg,IS1,co4,59.85379268234218,21.42513656616211,0.3412482749990886,0
IS_I_C04_D09.jpg,IS_I_C04_D09,/kaggle/working/MDFS/data/CID2013/extracted/IS1/co4/IS_I_C04_D09.jpg,IS1,co4,66.98072434807538,20.304426193237305,0.3580891609999526,0
IS_I_C04_D11.jpg,IS_I_C04_D11,/kaggle/working/MDFS/data/CID2013/extracted/IS1/co4/IS_I_C04_D11.jpg,IS1,co4,82.99267555921134,19.441242218017578,0.3609946799988393,0
IS_I_C04_D13.jpg,IS_I_C04_D13,/kaggle/working/MDFS/data/CID2013/extracted/IS1/co4/IS_I_C04_D13.jpg,IS1,co4,77.90552701846426,18.926101684570312,0.3483081829999719,0
IS_I_C05_D01.jpg,IS_I_C05_D01,/kaggle/working/MDFS/data/CID2013/extracted/IS1/co5/IS_I_C05_D01.jpg,IS1,co5,41.81645053384817,21.247283935546875,0.3447190879996924,0
IS_I_C05_D03.jpg,IS_I_C05_D03,/kaggle/working/MDFS/data/CID2013/extracted/IS1/co5/IS_I_C05_D03.jpg,IS1,co5,57.51182382164114,20.307798385620117,0.34329842399893096,0
IS_I_C05_D05.jpg,IS_I_C05_D05,/kaggle/working/MDFS/data/CID2013/extracted/IS1/co5/IS_I_C05_D05.jpg,IS1,co5,56.58381782667748,21.39706039428711,0.3511877920009283,0
IS_I_C05_D07.jpg,IS_I_C05_D07,/kaggle/working/MDFS/data/CID2013/extracted/IS1/co5/IS_I_C05_D07.jpg,IS1,co5,47.02688358040409,21.6079044342041,0.338076115000149,0
IS_I_C05_D09.jpg,IS_I_C05_D09,/kaggle/working/MDFS/data/CID2013/extracted/IS1/co5/IS_I_C05_D09.jpg,IS1,co5,73.28348448047561,19.72979736328125,0.3534494409996114,0
IS_I_C05_D11.jpg,IS_I_C05_D11,/kaggle/working/MDFS/data/CID2013/extracted/IS1/co5/IS_I_C05_D11.jpg,IS1,co5,61.29534558039573,19.184921264648438,0.35265710199928435,0
IS_I_C05_D13.jpg,IS_I_C05_D13,/kaggle/working/MDFS/data/CID2013/extracted/IS1/co5/IS_I_C05_D13.jpg,IS1,co5,79.8848736209052,20.450719833374023,0.3585480150013609,0
IS_I_C06_D01.jpg,IS_I_C06_D01,/kaggle/working/MDFS/data/CID2013/extracted/IS1/co6/IS_I_C06_D01.jpg,IS1,co6,33.59227262625416,23.73690414428711,0.35352879600031883,0
IS_I_C06_D03.jpg,IS_I_C06_D03,/kaggle/working/MDFS/data/CID2013/extracted/IS1/co6/IS_I_C06_D03.jpg,IS1,co6,39.709054650225234,22.095521926879883,0.3436879830005637,0
IS_I_C06_D05.jpg,IS_I_C06_D05,/kaggle/working/MDFS/data/CID2013/extracted/IS1/co6/IS_I_C06_D05.jpg,IS1,co6,50.4643941429356,23.974040985107422,0.3513441449995298,0
IS_I_C06_D07.jpg,IS_I_C06_D07,/kaggle/working/MDFS/data/CID2013/extracted/IS1/co6/IS_I_C06_D07.jpg,IS1,co6,50.84793762787573,22.86431312561035,0.34527590300058364,0
IS_I_C06_D09.jpg,IS_I_C06_D09,/kaggle/working/MDFS/data/CID2013/extracted/IS1/co6/IS_I_C06_D09.jpg,IS1,co6,82.49181559834697,20.912612915039062,0.3678656009997212,0
IS_I_C06_D11.jpg,IS_I_C06_D11,/kaggle/working/MDFS/data/CID2013/extracted/IS1/co6/IS_I_C06_D11.jpg,IS1,co6,75.44444733411699,20.04342269897461,0.3510032499998488,0
IS_I_C06_D13.jpg,IS_I_C06_D13,/kaggle/working/MDFS/data/CID2013/extracted/IS1/co6/IS_I_C06_D13.jpg,IS1,co6,72.88602416335661,21.802852630615234,0.3553223250000883,0
IS_II_C01_D01.jpg,IS_II_C01_D01,/kaggle/working/MDFS/data/CID2013/extracted/IS2/co1/IS_II_C01_D01.jpg,IS2,co1,1.2424539225096507,31.67827796936035,0.3370295470012934,0
IS_II_C01_D03.jpg,IS_II_C01_D03,/kaggle/working/MDFS/data/CID2013/extracted/IS2/co1/IS_II_C01_D03.jpg,IS2,co1,53.54720134729624,21.61804962158203,0.3447919150003145,0
IS_II_C01_D05.jpg,IS_II_C01_D05,/kaggle/working/MDFS/data/CID2013/extracted/IS2/co1/IS_II_C01_D05.jpg,IS2,co1,22.220093347026435,25.034238815307617,0.3561785410001903,0
IS_II_C01_D07.jpg,IS_II_C01_D07,/kaggle/working/MDFS/data/CID2013/extracted/IS2/co1/IS_II_C01_D07.jpg,IS2,co1,71.01730682743094,20.985689163208008,0.34584710499984794,0
IS_II_C01_D09.jpg,IS_II_C01_D09,/kaggle/working/MDFS/data/CID2013/extracted/IS2/co1/IS_II_C01_D09.jpg,IS2,co1,49.28930646694596,21.47917366027832,0.3456064210004115,0
IS_II_C01_D11.jpg,IS_II_C01_D11,/kaggle/working/MDFS/data/CID2013/extracted/IS2/co1/IS_II_C01_D11.jpg,IS2,co1,60.972591068732655,20.29216957092285,0.34747015299944906,0
IS_II_C01_D13.jpg,IS_II_C01_D13,/kaggle/working/MDFS/data/CID2013/extracted/IS2/co1/IS_II_C01_D13.jpg,IS2,co1,14.17210297754504,27.090871810913086,0.3493895680003334,0
IS_II_C02_D02.jpg,IS_II_C02_D02,/kaggle/working/MDFS/data/CID2013/extracted/IS2/co2/IS_II_C02_D02.jpg,IS2,co2,50.48960517339136,21.223134994506836,0.35592931499923,0
IS_II_C02_D04.jpg,IS_II_C02_D04,/kaggle/working/MDFS/data/CID2013/extracted/IS2/co2/IS_II_C02_D04.jpg,IS2,co2,13.430298160437424,25.53822898864746,0.35922077800023544,0
IS_II_C02_D06.jpg,IS_II_C02_D06,/kaggle/working/MDFS/data/CID2013/extracted/IS2/co2/IS_II_C02_D06.jpg,IS2,co2,52.63182394425365,20.924875259399414,0.3558487900008913,0
IS_II_C02_D08.jpg,IS_II_C02_D08,/kaggle/working/MDFS/data/CID2013/extracted/IS2/co2/IS_II_C02_D08.jpg,IS2,co2,46.44446907265952,22.458921432495117,0.3595573250004236,0
IS_II_C02_D10.jpg,IS_II_C02_D10,/kaggle/working/MDFS/data/CID2013/extracted/IS2/co2/IS_II_C02_D10.jpg,IS2,co2,23.942055632530792,22.598133087158203,0.3631919220006239,0
IS_II_C02_D12.jpg,IS_II_C02_D12,/kaggle/working/MDFS/data/CID2013/extracted/IS2/co2/IS_II_C02_D12.jpg,IS2,co2,25.635958362312103,21.752046585083008,0.35794798000097217,0
IS_II_C03_D01.jpg,IS_II_C03_D01,/kaggle/working/MDFS/data/CID2013/extracted/IS2/co3/IS_II_C03_D01.jpg,IS2,co3,11.018360270345283,25.874229431152344,0.35734343900003296,0
IS_II_C03_D03.jpg,IS_II_C03_D03,/kaggle/working/MDFS/data/CID2013/extracted/IS2/co3/IS_II_C03_D03.jpg,IS2,co3,24.38781819283541,22.788169860839844,0.35785767100060184,0
IS_II_C03_D05.jpg,IS_II_C03_D05,/kaggle/working/MDFS/data/CID2013/extracted/IS2/co3/IS_II_C03_D05.jpg,IS2,co3,8.11237473674549,29.426633834838867,0.3586159509995923,0
IS_II_C03_D07.jpg,IS_II_C03_D07,/kaggle/working/MDFS/data/CID2013/extracted/IS2/co3/IS_II_C03_D07.jpg,IS2,co3,40.620743067825735,21.02389907836914,0.3629178660012258,0
IS_II_C03_D09.jpg,IS_II_C03_D09,/kaggle/working/MDFS/data/CID2013/extracted/IS2/co3/IS_II_C03_D09.jpg,IS2,co3,25.440885598339563,23.71617317199707,0.363998012000593,0
IS_II_C03_D11.jpg,IS_II_C03_D11,/kaggle/working/MDFS/data/CID2013/extracted/IS2/co3/IS_II_C03_D11.jpg,IS2,co3,40.21522662351563,20.486343383789062,0.3652961640000285,0
IS_II_C03_D13.jpg,IS_II_C03_D13,/kaggle/working/MDFS/data/CID2013/extracted/IS2/co3/IS_II_C03_D13.jpg,IS2,co3,31.66037364455684,25.15347671508789,0.3606094580009085,0
IS_II_C04_D02.jpg,IS_II_C04_D02,/kaggle/working/MDFS/data/CID2013/extracted/IS2/co4/IS_II_C04_D02.jpg,IS2,co4,67.64291498502315,19.546546936035156,0.3613240909999149,0
IS_II_C04_D04.jpg,IS_II_C04_D04,/kaggle/working/MDFS/data/CID2013/extracted/IS2/co4/IS_II_C04_D04.jpg,IS2,co4,48.80159293386222,22.09276008605957,0.36359152200020617,0
IS_II_C04_D06.jpg,IS_II_C04_D06,/kaggle/working/MDFS/data/CID2013/extracted/IS2/co4/IS_II_C04_D06.jpg,IS2,co4,68.93831033069597,19.82991600036621,0.35272190800060343,0
IS_II_C04_D08.jpg,IS_II_C04_D08,/kaggle/working/MDFS/data/CID2013/extracted/IS2/co4/IS_II_C04_D08.jpg,IS2,co4,71.82976500257512,19.660776138305664,0.36388532999990275,0
IS_II_C04_D10.jpg,IS_II_C04_D10,/kaggle/working/MDFS/data/CID2013/extracted/IS2/co4/IS_II_C04_D10.jpg,IS2,co4,61.03612497938391,20.37664031982422,0.36688762300036615,0
IS_II_C04_D12.jpg,IS_II_C04_D12,/kaggle/working/MDFS/data/CID2013/extracted/IS2/co4/IS_II_C04_D12.jpg,IS2,co4,71.53743221418385,18.92110824584961,0.37399856000047293,0
IS_II_C05_D01.jpg,IS_II_C05_D01,/kaggle/working/MDFS/data/CID2013/extracted/IS2/co5/IS_II_C05_D01.jpg,IS2,co5,30.132640164846865,20.505361557006836,0.363594277001539,0
IS_II_C05_D03.jpg,IS_II_C05_D03,/kaggle/working/MDFS/data/CID2013/extracted/IS2/co5/IS_II_C05_D03.jpg,IS2,co5,47.00841372470944,20.159791946411133,0.37111878900032025,0
IS_II_C05_D05.jpg,IS_II_C05_D05,/kaggle/working/MDFS/data/CID2013/extracted/IS2/co5/IS_II_C05_D05.jpg,IS2,co5,54.86456855015439,20.664188385009766,0.36507955600063724,0
IS_II_C05_D07.jpg,IS_II_C05_D07,/kaggle/working/MDFS/data/CID2013/extracted/IS2/co5/IS_II_C05_D07.jpg,IS2,co5,66.13587346776774,19.045854568481445,0.3736501669991412,0
IS_II_C05_D09.jpg,IS_II_C05_D09,/kaggle/working/MDFS/data/CID2013/extracted/IS2/co5/IS_II_C05_D09.jpg,IS2,co5,65.63310170351943,19.423107147216797,0.37047125100070843,0
IS_II_C05_D11.jpg,IS_II_C05_D11,/kaggle/working/MDFS/data/CID2013/extracted/IS2/co5/IS_II_C05_D11.jpg,IS2,co5,69.645538646326,19.313499450683594,0.36948486500114086,0
IS_II_C05_D13.jpg,IS_II_C05_D13,/kaggle/working/MDFS/data/CID2013/extracted/IS2/co5/IS_II_C05_D13.jpg,IS2,co5,48.00768861662721,19.837411880493164,0.3682793790012511,0
IS_II_C06_D02.jpg,IS_II_C06_D02,/kaggle/working/MDFS/data/CID2013/extracted/IS2/co6/IS_II_C06_D02.jpg,IS2,co6,79.37448432944473,18.746356964111328,0.3619668890005414,0
IS_II_C06_D04.jpg,IS_II_C06_D04,/kaggle/working/MDFS/data/CID2013/extracted/IS2/co6/IS_II_C06_D04.jpg,IS2,co6,41.895557361864284,21.37925910949707,0.36303991000022506,0
IS_II_C06_D06.jpg,IS_II_C06_D06,/kaggle/working/MDFS/data/CID2013/extracted/IS2/co6/IS_II_C06_D06.jpg,IS2,co6,71.2866901212377,19.262767791748047,0.3733410229997389,0
IS_II_C06_D08.jpg,IS_II_C06_D08,/kaggle/working/MDFS/data/CID2013/extracted/IS2/co6/IS_II_C06_D08.jpg,IS2,co6,71.88696117480617,19.40277099609375,0.37100179699882574,0
IS_II_C06_D10.jpg,IS_II_C06_D10,/kaggle/working/MDFS/data/CID2013/extracted/IS2/co6/IS_II_C06_D10.jpg,IS2,co6,39.27067029065576,20.910232543945312,0.36793112000123074,0
IS_II_C06_D12.jpg,IS_II_C06_D12,/kaggle/working/MDFS/data/CID2013/extracted/IS2/co6/IS_II_C06_D12.jpg,IS2,co6,62.95633071509729,18.6816349029541,0.3769912059997296,0
IS_III_C01_D01.jpg,IS_III_C01_D01,/kaggle/working/MDFS/data/CID2013/extracted/IS3/co1/IS_III_C01_D01.jpg,IS3,co1,74.00610361594026,20.201236724853516,0.3574843000005785,0
IS_III_C01_D03.jpg,IS_III_C01_D03,/kaggle/working/MDFS/data/CID2013/extracted/IS3/co1/IS_III_C01_D03.jpg,IS3,co1,64.15728582519922,22.271242141723633,0.36255441999855975,0
IS_III_C01_D05.jpg,IS_III_C01_D05,/kaggle/working/MDFS/data/CID2013/extracted/IS3/co1/IS_III_C01_D05.jpg,IS3,co1,3.701388081868355,34.39018249511719,0.3565924989998166,0
IS_III_C01_D07.jpg,IS_III_C01_D07,/kaggle/working/MDFS/data/CID2013/extracted/IS3/co1/IS_III_C01_D07.jpg,IS3,co1,32.48751695909869,26.78447914123535,0.3668122820017743,0
IS_III_C01_D09.jpg,IS_III_C01_D09,/kaggle/working/MDFS/data/CID2013/extracted/IS3/co1/IS_III_C01_D09.jpg,IS3,co1,65.77387508079964,22.242109298706055,0.36049509899930854,0
IS_III_C01_D11.jpg,IS_III_C01_D11,/kaggle/working/MDFS/data/CID2013/extracted/IS3/co1/IS_III_C01_D11.jpg,IS3,co1,57.61493250041183,21.24493408203125,0.36337869799899636,0
IS_III_C01_D13.jpg,IS_III_C01_D13,/kaggle/working/MDFS/data/CID2013/extracted/IS3/co1/IS_III_C01_D13.jpg,IS3,co1,21.41969973187613,29.50165557861328,0.36470380799983104,0
IS_III_C02_D02.jpg,IS_III_C02_D02,/kaggle/working/MDFS/data/CID2013/extracted/IS3/co2/IS_III_C02_D02.jpg,IS3,co2,56.6940511011672,20.73441505432129,0.3741372089989454,0
IS_III_C02_D04.jpg,IS_III_C02_D04,/kaggle/working/MDFS/data/CID2013/extracted/IS3/co2/IS_III_C02_D04.jpg,IS3,co2,26.395451150948062,23.72258186340332,0.37390338399927714,0
IS_III_C02_D06.jpg,IS_III_C02_D06,/kaggle/working/MDFS/data/CID2013/extracted/IS3/co2/IS_III_C02_D06.jpg,IS3,co2,19.332464381521355,25.532848358154297,0.3764148549998936,0
IS_III_C02_D08.jpg,IS_III_C02_D08,/kaggle/working/MDFS/data/CID2013/extracted/IS3/co2/IS_III_C02_D08.jpg,IS3,co2,42.08499087751279,21.874290466308594,0.35968356500052323,0
IS_III_C02_D10.jpg,IS_III_C02_D10,/kaggle/working/MDFS/data/CID2013/extracted/IS3/co2/IS_III_C02_D10.jpg,IS3,co2,21.337401377912343,23.72833824157715,0.37361677099943336,0
IS_III_C02_D12.jpg,IS_III_C02_D12,/kaggle/working/MDFS/data/CID2013/extracted/IS3/co2/IS_III_C02_D12.jpg,IS3,co2,40.508746789609575,20.791597366333008,0.36508885900002497,0
IS_III_C03_D01.jpg,IS_III_C03_D01,/kaggle/working/MDFS/data/CID2013/extracted/IS3/co3/IS_III_C03_D01.jpg,IS3,co3,50.32148867586741,19.111492156982422,0.37361555700044846,0
IS_III_C03_D03.jpg,IS_III_C03_D03,/kaggle/working/MDFS/data/CID2013/extracted/IS3/co3/IS_III_C03_D03.jpg,IS3,co3,44.640713805871705,20.9716739654541,0.3663666570009809,0
IS_III_C03_D05.jpg,IS_III_C03_D05,/kaggle/working/MDFS/data/CID2013/extracted/IS3/co3/IS_III_C03_D05.jpg,IS3,co3,3.650276593518584,28.66525650024414,0.3655065629991441,0
IS_III_C03_D07.jpg,IS_III_C03_D07,/kaggle/working/MDFS/data/CID2013/extracted/IS3/co3/IS_III_C03_D07.jpg,IS3,co3,14.735604132553537,27.5891056060791,0.36986158299987437,0
IS_III_C03_D09.jpg,IS_III_C03_D09,/kaggle/working/MDFS/data/CID2013/extracted/IS3/co3/IS_III_C03_D09.jpg,IS3,co3,35.92382717634453,21.4209041595459,0.37410986199938634,0
IS_III_C03_D11.jpg,IS_III_C03_D11,/kaggle/working/MDFS/data/CID2013/extracted/IS3/co3/IS_III_C03_D11.jpg,IS3,co3,38.82157275636034,20.234689712524414,0.3686035589998937,0
IS_III_C03_D13.jpg,IS_III_C03_D13,/kaggle/working/MDFS/data/CID2013/extracted/IS3/co3/IS_III_C03_D13.jpg,IS3,co3,18.86963630082039,25.20897674560547,0.3639665190003143,0
IS_III_C04_D02.jpg,IS_III_C04_D02,/kaggle/working/MDFS/data/CID2013/extracted/IS3/co4/IS_III_C04_D02.jpg,IS3,co4,72.29139163632611,19.517087936401367,0.3754679670000769,0
IS_III_C04_D04.jpg,IS_III_C04_D04,/kaggle/working/MDFS/data/CID2013/extracted/IS3/co4/IS_III_C04_D04.jpg,IS3,co4,74.37374844518921,19.941524505615234,0.3726720570011821,0
IS_III_C04_D06.jpg,IS_III_C04_D06,/kaggle/working/MDFS/data/CID2013/extracted/IS3/co4/IS_III_C04_D06.jpg,IS3,co4,63.23650236511895,20.963945388793945,0.3682551229994715,0
IS_III_C04_D08.jpg,IS_III_C04_D08,/kaggle/working/MDFS/data/CID2013/extracted/IS3/co4/IS_III_C04_D08.jpg,IS3,co4,58.08204841735834,20.333820343017578,0.3710400620002474,0
IS_III_C04_D10.jpg,IS_III_C04_D10,/kaggle/working/MDFS/data/CID2013/extracted/IS3/co4/IS_III_C04_D10.jpg,IS3,co4,69.79361818981096,19.929214477539062,0.3697628200006875,0
IS_III_C04_D12.jpg,IS_III_C04_D12,/kaggle/working/MDFS/data/CID2013/extracted/IS3/co4/IS_III_C04_D12.jpg,IS3,co4,70.69895227005054,19.3353214263916,0.3640096330000233,0
IS_III_C05_D01.jpg,IS_III_C05_D01,/kaggle/working/MDFS/data/CID2013/extracted/IS3/co5/IS_III_C05_D01.jpg,IS3,co5,68.70337127371833,19.09110450744629,0.3710615920008422,0
IS_III_C05_D03.jpg,IS_III_C05_D03,/kaggle/working/MDFS/data/CID2013/extracted/IS3/co5/IS_III_C05_D03.jpg,IS3,co5,72.31359980924002,19.9716739654541,0.37067926399868156,0
IS_III_C05_D05.jpg,IS_III_C05_D05,/kaggle/working/MDFS/data/CID2013/extracted/IS3/co5/IS_III_C05_D05.jpg,IS3,co5,37.67269416771985,20.685810089111328,0.3753987750005763,0
IS_III_C05_D07.jpg,IS_III_C05_D07,/kaggle/working/MDFS/data/CID2013/extracted/IS3/co5/IS_III_C05_D07.jpg,IS3,co5,45.717849584641634,20.582012176513672,0.3691831579999416,0
IS_III_C05_D09.jpg,IS_III_C05_D09,/kaggle/working/MDFS/data/CID2013/extracted/IS3/co5/IS_III_C05_D09.jpg,IS3,co5,75.9814337622023,19.15264320373535,0.3692126919995644,0
IS_III_C05_D11.jpg,IS_III_C05_D11,/kaggle/working/MDFS/data/CID2013/extracted/IS3/co5/IS_III_C05_D11.jpg,IS3,co5,66.61440972743593,19.7547607421875,0.3672923459998856,0
IS_III_C05_D13.jpg,IS_III_C05_D13,/kaggle/working/MDFS/data/CID2013/extracted/IS3/co5/IS_III_C05_D13.jpg,IS3,co5,42.95850525093065,20.36201286315918,0.36486049399900367,0
IS_III_C06_D02.jpg,IS_III_C06_D02,/kaggle/working/MDFS/data/CID2013/extracted/IS3/co6/IS_III_C06_D02.jpg,IS3,co6,70.16986846944143,18.85557746887207,0.36589728400031163,0
IS_III_C06_D04.jpg,IS_III_C06_D04,/kaggle/working/MDFS/data/CID2013/extracted/IS3/co6/IS_III_C06_D04.jpg,IS3,co6,39.7704797581003,19.7217960357666,0.3660965519993624,0
IS_III_C06_D06.jpg,IS_III_C06_D06,/kaggle/working/MDFS/data/CID2013/extracted/IS3/co6/IS_III_C06_D06.jpg,IS3,co6,32.97760807783587,21.39920425415039,0.36496680399977777,0
IS_III_C06_D08.jpg,IS_III_C06_D08,/kaggle/working/MDFS/data/CID2013/extracted/IS3/co6/IS_III_C06_D08.jpg,IS3,co6,71.01695617638894,19.260637283325195,0.36989799099865195,0
IS_III_C06_D10.jpg,IS_III_C06_D10,/kaggle/working/MDFS/data/CID2013/extracted/IS3/co6/IS_III_C06_D10.jpg,IS3,co6,50.87150007188238,19.932790756225586,0.3664221750004799,0
IS_III_C06_D12.jpg,IS_III_C06_D12,/kaggle/working/MDFS/data/CID2013/extracted/IS3/co6/IS_III_C06_D12.jpg,IS3,co6,61.91855705824222,19.259462356567383,0.3629849610006204,0
IS_IV_C01_D01.jpg,IS_IV_C01_D01,/kaggle/working/MDFS/data/CID2013/extracted/IS4/co1/IS_IV_C01_D01.jpg,IS4,co1,43.49990983873264,22.179357528686523,0.3584595780012023,0
IS_IV_C01_D03.jpg,IS_IV_C01_D03,/kaggle/working/MDFS/data/CID2013/extracted/IS4/co1/IS_IV_C01_D03.jpg,IS4,co1,61.04882767323344,21.15694808959961,0.3548323070008337,0
IS_IV_C01_D05.jpg,IS_IV_C01_D05,/kaggle/working/MDFS/data/CID2013/extracted/IS4/co1/IS_IV_C01_D05.jpg,IS4,co1,44.87920557363772,22.420656204223633,0.3558888190000289,0
IS_IV_C01_D07.jpg,IS_IV_C01_D07,/kaggle/working/MDFS/data/CID2013/extracted/IS4/co1/IS_IV_C01_D07.jpg,IS4,co1,40.14168509567246,22.61663818359375,0.34872968699892226,0
IS_IV_C01_D09.jpg,IS_IV_C01_D09,/kaggle/working/MDFS/data/CID2013/extracted/IS4/co1/IS_IV_C01_D09.jpg,IS4,co1,11.936528854033964,27.798677444458008,0.3585106030004681,0
IS_IV_C01_D11.jpg,IS_IV_C01_D11,/kaggle/working/MDFS/data/CID2013/extracted/IS4/co1/IS_IV_C01_D11.jpg,IS4,co1,20.52176281070946,28.243270874023438,0.3554478840014781,0
IS_IV_C01_D13.jpg,IS_IV_C01_D13,/kaggle/working/MDFS/data/CID2013/extracted/IS4/co1/IS_IV_C01_D13.jpg,IS4,co1,61.43362629968216,20.87845802307129,0.3511608459994022,0
IS_IV_C02_D02.jpg,IS_IV_C02_D02,/kaggle/working/MDFS/data/CID2013/extracted/IS4/co2/IS_IV_C02_D02.jpg,IS4,co2,56.92049734900057,19.236845016479492,0.3518006869999226,0
IS_IV_C02_D04.jpg,IS_IV_C02_D04,/kaggle/working/MDFS/data/CID2013/extracted/IS4/co2/IS_IV_C02_D04.jpg,IS4,co2,25.47289123449524,23.53555679321289,0.360520632000771,0
IS_IV_C02_D06.jpg,IS_IV_C02_D06,/kaggle/working/MDFS/data/CID2013/extracted/IS4/co2/IS_IV_C02_D06.jpg,IS4,co2,38.62855622568265,21.01836395263672,0.35908990499956417,0
IS_IV_C02_D08.jpg,IS_IV_C02_D08,/kaggle/working/MDFS/data/CID2013/extracted/IS4/co2/IS_IV_C02_D08.jpg,IS4,co2,28.58096560358272,22.949417114257812,0.35285788200053503,0
IS_IV_C02_D10.jpg,IS_IV_C02_D10,/kaggle/working/MDFS/data/CID2013/extracted/IS4/co2/IS_IV_C02_D10.jpg,IS4,co2,36.15943702751729,20.653118133544922,0.35887817700131563,0
IS_IV_C02_D12.jpg,IS_IV_C02_D12,/kaggle/working/MDFS/data/CID2013/extracted/IS4/co2/IS_IV_C02_D12.jpg,IS4,co2,32.4261305134986,23.084346771240234,0.3571520719997352,0
IS_IV_C03_D01.jpg,IS_IV_C03_D01,/kaggle/working/MDFS/data/CID2013/extracted/IS4/co3/IS_IV_C03_D01.jpg,IS4,co3,10.711468836145356,25.985734939575195,0.3553962860005413,0
IS_IV_C03_D03.jpg,IS_IV_C03_D03,/kaggle/working/MDFS/data/CID2013/extracted/IS4/co3/IS_IV_C03_D03.jpg,IS4,co3,39.81530323612281,21.056880950927734,0.3608977229996526,0
IS_IV_C03_D05.jpg,IS_IV_C03_D05,/kaggle/working/MDFS/data/CID2013/extracted/IS4/co3/IS_IV_C03_D05.jpg,IS4,co3,30.418010808651523,23.05308723449707,0.36029088600116665,0
IS_IV_C03_D07.jpg,IS_IV_C03_D07,/kaggle/working/MDFS/data/CID2013/extracted/IS4/co3/IS_IV_C03_D07.jpg,IS4,co3,20.18023470009961,23.370187759399414,0.3541172909990564,0
IS_IV_C03_D09.jpg,IS_IV_C03_D09,/kaggle/working/MDFS/data/CID2013/extracted/IS4/co3/IS_IV_C03_D09.jpg,IS4,co3,4.940605386279059,27.257978439331055,0.3579603779999161,0
IS_IV_C03_D11.jpg,IS_IV_C03_D11,/kaggle/working/MDFS/data/CID2013/extracted/IS4/co3/IS_IV_C03_D11.jpg,IS4,co3,9.078433889314155,26.92908477783203,0.3582219489999261,0
IS_IV_C03_D13.jpg,IS_IV_C03_D13,/kaggle/working/MDFS/data/CID2013/extracted/IS4/co3/IS_IV_C03_D13.jpg,IS4,co3,33.42559943429234,21.096508026123047,0.35358761499992397,0
IS_IV_C04_D02.jpg,IS_IV_C04_D02,/kaggle/working/MDFS/data/CID2013/extracted/IS4/co4/IS_IV_C04_D02.jpg,IS4,co4,79.5850904425369,18.61855697631836,0.3549848380007461,0
IS_IV_C04_D04.jpg,IS_IV_C04_D04,/kaggle/working/MDFS/data/CID2013/extracted/IS4/co4/IS_IV_C04_D04.jpg,IS4,co4,70.79510195871177,20.428970336914062,0.362834911000391,0
IS_IV_C04_D06.jpg,IS_IV_C04_D06,/kaggle/working/MDFS/data/CID2013/extracted/IS4/co4/IS_IV_C04_D06.jpg,IS4,co4,74.2400661820187,19.733352661132812,0.3642918200002896,0
IS_IV_C04_D08.jpg,IS_IV_C04_D08,/kaggle/working/MDFS/data/CID2013/extracted/IS4/co4/IS_IV_C04_D08.jpg,IS4,co4,74.71786777476454,20.051490783691406,0.3641879290007637,0
IS_IV_C04_D10.jpg,IS_IV_C04_D10,/kaggle/working/MDFS/data/CID2013/extracted/IS4/co4/IS_IV_C04_D10.jpg,IS4,co4,70.82122124387683,19.246734619140625,0.35510449200046423,0
IS_IV_C04_D12.jpg,IS_IV_C04_D12,/kaggle/working/MDFS/data/CID2013/extracted/IS4/co4/IS_IV_C04_D12.jpg,IS4,co4,70.19760691225507,19.618173599243164,0.35512393599856296,0
IS_IV_C05_D01.jpg,IS_IV_C05_D01,/kaggle/working/MDFS/data/CID2013/extracted/IS4/co5/IS_IV_C05_D01.jpg,IS4,co5,65.15314468621685,20.13483428955078,0.35058386200034874,0
IS_IV_C05_D03.jpg,IS_IV_C05_D03,/kaggle/working/MDFS/data/CID2013/extracted/IS4/co5/IS_IV_C05_D03.jpg,IS4,co5,50.42631934227258,20.318416595458984,0.3540107999997417,0
IS_IV_C05_D05.jpg,IS_IV_C05_D05,/kaggle/working/MDFS/data/CID2013/extracted/IS4/co5/IS_IV_C05_D05.jpg,IS4,co5,61.297002601352624,21.455650329589844,0.3586305690005247,0
IS_IV_C05_D07.jpg,IS_IV_C05_D07,/kaggle/working/MDFS/data/CID2013/extracted/IS4/co5/IS_IV_C05_D07.jpg,IS4,co5,66.33885887520432,19.894296646118164,0.35554077699998743,0
IS_IV_C05_D09.jpg,IS_IV_C05_D09,/kaggle/working/MDFS/data/CID2013/extracted/IS4/co5/IS_IV_C05_D09.jpg,IS4,co5,57.98018824096654,20.851531982421875,0.34894344599888427,0
IS_IV_C05_D11.jpg,IS_IV_C05_D11,/kaggle/working/MDFS/data/CID2013/extracted/IS4/co5/IS_IV_C05_D11.jpg,IS4,co5,54.89651342018922,21.521333694458008,0.34632471399891074,0
IS_IV_C05_D13.jpg,IS_IV_C05_D13,/kaggle/working/MDFS/data/CID2013/extracted/IS4/co5/IS_IV_C05_D13.jpg,IS4,co5,72.89572960181778,20.568328857421875,0.35100461699948937,0
IS_IV_C06_D02.jpg,IS_IV_C06_D02,/kaggle/working/MDFS/data/CID2013/extracted/IS4/co6/IS_IV_C06_D02.jpg,IS4,co6,79.90408598859365,18.483963012695312,0.343148193000161,0
IS_IV_C06_D04.jpg,IS_IV_C06_D04,/kaggle/working/MDFS/data/CID2013/extracted/IS4/co6/IS_IV_C06_D04.jpg,IS4,co6,26.306875313051687,23.2518367767334,0.34417067499998666,0
IS_IV_C06_D06.jpg,IS_IV_C06_D06,/kaggle/working/MDFS/data/CID2013/extracted/IS4/co6/IS_IV_C06_D06.jpg,IS4,co6,82.60292426918552,19.636615753173828,0.34417287399992347,0
IS_IV_C06_D08.jpg,IS_IV_C06_D08,/kaggle/working/MDFS/data/CID2013/extracted/IS4/co6/IS_IV_C06_D08.jpg,IS4,co6,74.43186203777306,19.993709564208984,0.3436190619995614,0
IS_IV_C06_D10.jpg,IS_IV_C06_D10,/kaggle/working/MDFS/data/CID2013/extracted/IS4/co6/IS_IV_C06_D10.jpg,IS4,co6,69.81359635225148,19.679105758666992,0.34527138599878526,0
IS_IV_C06_D12.jpg,IS_IV_C06_D12,/kaggle/working/MDFS/data/CID2013/extracted/IS4/co6/IS_IV_C06_D12.jpg,IS4,co6,67.36693144775266,20.161258697509766,0.35077134699895396,0
IS_V_C01_D01.jpg,IS_V_C01_D01,/kaggle/working/MDFS/data/CID2013/extracted/IS5/co1/IS_V_C01_D01.jpg,IS5,co1,42.09717512262773,23.110877990722656,0.3466854809994402,0
IS_V_C01_D03.jpg,IS_V_C01_D03,/kaggle/working/MDFS/data/CID2013/extracted/IS5/co1/IS_V_C01_D03.jpg,IS5,co1,69.39695296023112,21.687393188476562,0.34375654500036035,0
IS_V_C01_D05.jpg,IS_V_C01_D05,/kaggle/working/MDFS/data/CID2013/extracted/IS5/co1/IS_V_C01_D05.jpg,IS5,co1,7.901030783732065,33.37643051147461,0.33609320200048387,0
IS_V_C01_D07.jpg,IS_V_C01_D07,/kaggle/working/MDFS/data/CID2013/extracted/IS5/co1/IS_V_C01_D07.jpg,IS5,co1,59.49635527415279,20.73607635498047,0.3417616469996574,0
IS_V_C01_D09.jpg,IS_V_C01_D09,/kaggle/working/MDFS/data/CID2013/extracted/IS5/co1/IS_V_C01_D09.jpg,IS5,co1,71.35184395284485,21.03965187072754,0.345542093999029,0
IS_V_C01_D11.jpg,IS_V_C01_D11,/kaggle/working/MDFS/data/CID2013/extracted/IS5/co1/IS_V_C01_D11.jpg,IS5,co1,39.23934362924179,23.714500427246094,0.3341329249997216,0
IS_V_C02_D01.jpg,IS_V_C02_D01,/kaggle/working/MDFS/data/CID2013/extracted/IS5/co2/IS_V_C02_D01.jpg,IS5,co2,38.5272763473874,22.734601974487305,0.3461493350005185,0
IS_V_C02_D03.jpg,IS_V_C02_D03,/kaggle/working/MDFS/data/CID2013/extracted/IS5/co2/IS_V_C02_D03.jpg,IS5,co2,59.15179687139501,20.24864959716797,0.3492795729998761,0
IS_V_C02_D05.jpg,IS_V_C02_D05,/kaggle/working/MDFS/data/CID2013/extracted/IS5/co2/IS_V_C02_D05.jpg,IS5,co2,18.211012192081743,26.577404022216797,0.34243392600001243,0
IS_V_C02_D07.jpg,IS_V_C02_D07,/kaggle/working/MDFS/data/CID2013/extracted/IS5/co2/IS_V_C02_D07.jpg,IS5,co2,45.59335338348228,20.70343017578125,0.34750318700025673,0
IS_V_C02_D09.jpg,IS_V_C02_D09,/kaggle/working/MDFS/data/CID2013/extracted/IS5/co2/IS_V_C02_D09.jpg,IS5,co2,56.73271723255817,19.511518478393555,0.3405933100002585,0
IS_V_C02_D11.jpg,IS_V_C02_D11,/kaggle/working/MDFS/data/CID2013/extracted/IS5/co2/IS_V_C02_D11.jpg,IS5,co2,29.85044331361039,24.218807220458984,0.3425073189991963,0
IS_V_C03_D01.jpg,IS_V_C03_D01,/kaggle/working/MDFS/data/CID2013/extracted/IS5/co3/IS_V_C03_D01.jpg,IS5,co3,27.26195408144689,23.767261505126953,0.3517314829987299,0
IS_V_C03_D03.jpg,IS_V_C03_D03,/kaggle/working/MDFS/data/CID2013/extracted/IS5/co3/IS_V_C03_D03.jpg,IS5,co3,48.795248336348216,20.230566024780273,0.3433476589998463,0
IS_V_C03_D05.jpg,IS_V_C03_D05,/kaggle/working/MDFS/data/CID2013/extracted/IS5/co3/IS_V_C03_D05.jpg,IS5,co3,8.534633264632415,30.439783096313477,0.34071649799989245,0
IS_V_C03_D07.jpg,IS_V_C03_D07,/kaggle/working/MDFS/data/CID2013/extracted/IS5/co3/IS_V_C03_D07.jpg,IS5,co3,29.16198616438245,21.970247268676758,0.34387406700079737,0
IS_V_C03_D09.jpg,IS_V_C03_D09,/kaggle/working/MDFS/data/CID2013/extracted/IS5/co3/IS_V_C03_D09.jpg,IS5,co3,50.81344772348181,19.785602569580078,0.3493189920009172,0
IS_V_C03_D11.jpg,IS_V_C03_D11,/kaggle/working/MDFS/data/CID2013/extracted/IS5/co3/IS_V_C03_D11.jpg,IS5,co3,17.783626424031155,25.37855339050293,0.34050495499832323,0
IS_V_C05_D01.jpg,IS_V_C05_D01,/kaggle/working/MDFS/data/CID2013/extracted/IS5/co5/IS_V_C05_D01.jpg,IS5,co5,45.96027489660088,25.66537857055664,0.3409943160004332,0
IS_V_C05_D03.jpg,IS_V_C05_D03,/kaggle/working/MDFS/data/CID2013/extracted/IS5/co5/IS_V_C05_D03.jpg,IS5,co5,81.74901549136753,19.63294792175293,0.35764020399983565,0
IS_V_C05_D05.jpg,IS_V_C05_D05,/kaggle/working/MDFS/data/CID2013/extracted/IS5/co5/IS_V_C05_D05.jpg,IS5,co5,33.26197431249979,26.959930419921875,0.3381903359986609,0
IS_V_C05_D07.jpg,IS_V_C05_D07,/kaggle/working/MDFS/data/CID2013/extracted/IS5/co5/IS_V_C05_D07.jpg,IS5,co5,75.79882617818583,21.150495529174805,0.342588468998656,0
IS_V_C05_D09.jpg,IS_V_C05_D09,/kaggle/working/MDFS/data/CID2013/extracted/IS5/co5/IS_V_C05_D09.jpg,IS5,co5,81.53323810470349,20.496997833251953,0.34481700799915416,0
IS_V_C05_D11.jpg,IS_V_C05_D11,/kaggle/working/MDFS/data/CID2013/extracted/IS5/co5/IS_V_C05_D11.jpg,IS5,co5,46.41355047522044,26.426424026489258,0.343485490000603,0
IS_V_C06_D01.jpg,IS_V_C06_D01,/kaggle/working/MDFS/data/CID2013/extracted/IS5/co6/IS_V_C06_D01.jpg,IS5,co6,62.45561711920347,19.483640670776367,0.34710269199968025,0
IS_V_C06_D03.jpg,IS_V_C06_D03,/kaggle/working/MDFS/data/CID2013/extracted/IS5/co6/IS_V_C06_D03.jpg,IS5,co6,82.67039139413968,18.7310791015625,0.3441400909996446,0
IS_V_C06_D05.jpg,IS_V_C06_D05,/kaggle/working/MDFS/data/CID2013/extracted/IS5/co6/IS_V_C06_D05.jpg,IS5,co6,35.30363891539423,23.675201416015625,0.34037277800052834,0
IS_V_C06_D07.jpg,IS_V_C06_D07,/kaggle/working/MDFS/data/CID2013/extracted/IS5/co6/IS_V_C06_D07.jpg,IS5,co6,74.18347319290866,18.48556900024414,0.34513685300044017,0
IS_V_C06_D09.jpg,IS_V_C06_D09,/kaggle/working/MDFS/data/CID2013/extracted/IS5/co6/IS_V_C06_D09.jpg,IS5,co6,86.38814490175952,18.51620864868164,0.34414122800080804,0
IS_V_C06_D11.jpg,IS_V_C06_D11,/kaggle/working/MDFS/data/CID2013/extracted/IS5/co6/IS_V_C06_D11.jpg,IS5,co6,59.50607226753528,20.503149032592773,0.34473129300022265,0
IS_V_C08_D01.jpg,IS_V_C08_D01,/kaggle/working/MDFS/data/CID2013/extracted/IS5/co8/IS_V_C08_D01.jpg,IS5,co8,39.65242889464388,21.139068603515625,0.3415111020003678,0
IS_V_C08_D03.jpg,IS_V_C08_D03,/kaggle/working/MDFS/data/CID2013/extracted/IS5/co8/IS_V_C08_D03.jpg,IS5,co8,64.14188410765128,20.352949142456055,0.34173553100117715,0
IS_V_C08_D05.jpg,IS_V_C08_D05,/kaggle/working/MDFS/data/CID2013/extracted/IS5/co8/IS_V_C08_D05.jpg,IS5,co8,4.7599905870909325,25.80730628967285,0.34175636200052395,0
IS_V_C08_D07.jpg,IS_V_C08_D07,/kaggle/working/MDFS/data/CID2013/extracted/IS5/co8/IS_V_C08_D07.jpg,IS5,co8,55.519069982700586,20.94805908203125,0.3322505599990109,0
IS_V_C08_D09.jpg,IS_V_C08_D09,/kaggle/working/MDFS/data/CID2013/extracted/IS5/co8/IS_V_C08_D09.jpg,IS5,co8,63.24047875132198,20.22566032409668,0.337585751000006,0
IS_V_C08_D11.jpg,IS_V_C08_D11,/kaggle/working/MDFS/data/CID2013/extracted/IS5/co8/IS_V_C08_D11.jpg,IS5,co8,37.320815305875314,22.160736083984375,0.3434671550003259,0
IS_VI_C01_D01.jpg,IS_VI_C01_D01,/kaggle/working/MDFS/data/CID2013/extracted/IS6/co1/IS_VI_C01_D01.jpg,IS6,co1,3.192850703654879,34.74540710449219,0.33601936800005205,0
IS_VI_C01_D03.jpg,IS_VI_C01_D03,/kaggle/working/MDFS/data/CID2013/extracted/IS6/co1/IS_VI_C01_D03.jpg,IS6,co1,1.253204148337551,33.274906158447266,0.33142230000157724,0
IS_VI_C01_D05.jpg,IS_VI_C01_D05,/kaggle/working/MDFS/data/CID2013/extracted/IS6/co1/IS_VI_C01_D05.jpg,IS6,co1,29.96697976179616,24.29817008972168,0.34205872399979853,0
IS_VI_C01_D07.jpg,IS_VI_C01_D07,/kaggle/working/MDFS/data/CID2013/extracted/IS6/co1/IS_VI_C01_D07.jpg,IS6,co1,64.78111064670057,20.331823348999023,0.341408895999848,0
IS_VI_C01_D09.jpg,IS_VI_C01_D09,/kaggle/working/MDFS/data/CID2013/extracted/IS6/co1/IS_VI_C01_D09.jpg,IS6,co1,50.70736078815569,21.963525772094727,0.34591830399949686,0
IS_VI_C01_D11.jpg,IS_VI_C01_D11,/kaggle/working/MDFS/data/CID2013/extracted/IS6/co1/IS_VI_C01_D11.jpg,IS6,co1,65.01549084892265,20.848398208618164,0.3417166729996097,0
IS_VI_C01_D13.jpg,IS_VI_C01_D13,/kaggle/working/MDFS/data/CID2013/extracted/IS6/co1/IS_VI_C01_D13.jpg,IS6,co1,41.73208722041465,23.630844116210938,0.34188717500001076,0
IS_VI_C02_D01.jpg,IS_VI_C02_D01,/kaggle/working/MDFS/data/CID2013/extracted/IS6/co2/IS_VI_C02_D01.jpg,IS6,co2,15.299404424372227,26.453632354736328,0.3412496339988138,0
IS_VI_C02_D03.jpg,IS_VI_C02_D03,/kaggle/working/MDFS/data/CID2013/extracted/IS6/co2/IS_VI_C02_D03.jpg,IS6,co2,33.13377041814247,24.43282699584961,0.3402065659993241,0
IS_VI_C02_D05.jpg,IS_VI_C02_D05,/kaggle/working/MDFS/data/CID2013/extracted/IS6/co2/IS_VI_C02_D05.jpg,IS6,co2,29.36740506525532,24.530797958374023,0.3426351889993384,0
IS_VI_C02_D07.jpg,IS_VI_C02_D07,/kaggle/working/MDFS/data/CID2013/extracted/IS6/co2/IS_VI_C02_D07.jpg,IS6,co2,52.47195627055529,20.808855056762695,0.3438324240014481,0
IS_VI_C02_D09.jpg,IS_VI_C02_D09,/kaggle/working/MDFS/data/CID2013/extracted/IS6/co2/IS_VI_C02_D09.jpg,IS6,co2,43.64311856579607,23.63510513305664,0.34644452199972875,0
IS_VI_C02_D11.jpg,IS_VI_C02_D11,/kaggle/working/MDFS/data/CID2013/extracted/IS6/co2/IS_VI_C02_D11.jpg,IS6,co2,47.23021100787184,21.51420783996582,0.34287071200014907,0
IS_VI_C02_D13.jpg,IS_VI_C02_D13,/kaggle/working/MDFS/data/CID2013/extracted/IS6/co2/IS_VI_C02_D13.jpg,IS6,co2,35.06736693787043,23.067886352539062,0.33893647699915164,0
IS_VI_C03_D01.jpg,IS_VI_C03_D01,/kaggle/working/MDFS/data/CID2013/extracted/IS6/co3/IS_VI_C03_D01.jpg,IS6,co3,1.9607061325302624,28.20671844482422,0.34235594600068,0
IS_VI_C03_D03.jpg,IS_VI_C03_D03,/kaggle/working/MDFS/data/CID2013/extracted/IS6/co3/IS_VI_C03_D03.jpg,IS6,co3,2.2782403090726646,28.95825958251953,0.3358280940010445,0
IS_VI_C03_D05.jpg,IS_VI_C03_D05,/kaggle/working/MDFS/data/CID2013/extracted/IS6/co3/IS_VI_C03_D05.jpg,IS6,co3,11.424100466978423,26.143718719482422,0.34316524200039566,0
IS_VI_C03_D07.jpg,IS_VI_C03_D07,/kaggle/working/MDFS/data/CID2013/extracted/IS6/co3/IS_VI_C03_D07.jpg,IS6,co3,38.82461443879348,21.495765686035156,0.3434370909999416,0
IS_VI_C03_D09.jpg,IS_VI_C03_D09,/kaggle/working/MDFS/data/CID2013/extracted/IS6/co3/IS_VI_C03_D09.jpg,IS6,co3,27.05530194370121,23.43897819519043,0.34816500099987024,0
IS_VI_C03_D11.jpg,IS_VI_C03_D11,/kaggle/working/MDFS/data/CID2013/extracted/IS6/co3/IS_VI_C03_D11.jpg,IS6,co3,28.8326201158443,22.201194763183594,0.3417714070001239,0
IS_VI_C03_D13.jpg,IS_VI_C03_D13,/kaggle/working/MDFS/data/CID2013/extracted/IS6/co3/IS_VI_C03_D13.jpg,IS6,co3,25.097250970195216,23.83978843688965,0.3413805769996543,0
IS_VI_C06_D01.jpg,IS_VI_C06_D01,/kaggle/working/MDFS/data/CID2013/extracted/IS6/co6/IS_VI_C06_D01.jpg,IS6,co6,29.837869196392987,25.161680221557617,0.3386338229993271,0
IS_VI_C06_D03.jpg,IS_VI_C06_D03,/kaggle/working/MDFS/data/CID2013/extracted/IS6/co6/IS_VI_C06_D03.jpg,IS6,co6,46.24860204760765,22.18113899230957,0.33812346899867407,0
IS_VI_C06_D05.jpg,IS_VI_C06_D05,/kaggle/working/MDFS/data/CID2013/extracted/IS6/co6/IS_VI_C06_D05.jpg,IS6,co6,64.80544409554746,19.961074829101562,0.34327968600155145,0
IS_VI_C06_D07.jpg,IS_VI_C06_D07,/kaggle/working/MDFS/data/CID2013/extracted/IS6/co6/IS_VI_C06_D07.jpg,IS6,co6,84.14365234908934,18.448822021484375,0.3466307920007239,0
IS_VI_C06_D09.jpg,IS_VI_C06_D09,/kaggle/working/MDFS/data/CID2013/extracted/IS6/co6/IS_VI_C06_D09.jpg,IS6,co6,63.9353049070648,19.706846237182617,0.34541502699903504,0
IS_VI_C06_D11.jpg,IS_VI_C06_D11,/kaggle/working/MDFS/data/CID2013/extracted/IS6/co6/IS_VI_C06_D11.jpg,IS6,co6,74.8499793964274,19.07041358947754,0.3385087940005178,0
IS_VI_C06_D13.jpg,IS_VI_C06_D13,/kaggle/working/MDFS/data/CID2013/extracted/IS6/co6/IS_VI_C06_D13.jpg,IS6,co6,78.0896654028663,18.755891799926758,0.343701214000248,0
IS_VI_C07_D01.jpg,IS_VI_C07_D01,/kaggle/working/MDFS/data/CID2013/extracted/IS6/co7/IS_VI_C07_D01.jpg,IS6,co7,1.6737181102376206,29.949708938598633,0.33082831499996246,0
IS_VI_C07_D03.jpg,IS_VI_C07_D03,/kaggle/working/MDFS/data/CID2013/extracted/IS6/co7/IS_VI_C07_D03.jpg,IS6,co7,2.6358961153180007,27.249431610107422,0.328287618000104,0
IS_VI_C07_D05.jpg,IS_VI_C07_D05,/kaggle/working/MDFS/data/CID2013/extracted/IS6/co7/IS_VI_C07_D05.jpg,IS6,co7,27.38090193192233,25.37820816040039,0.33461876300134463,0
IS_VI_C07_D07.jpg,IS_VI_C07_D07,/kaggle/working/MDFS/data/CID2013/extracted/IS6/co7/IS_VI_C07_D07.jpg,IS6,co7,47.23644922492725,21.3568058013916,0.3392274660000112,0
IS_VI_C07_D09.jpg,IS_VI_C07_D09,/kaggle/working/MDFS/data/CID2013/extracted/IS6/co7/IS_VI_C07_D09.jpg,IS6,co7,27.064306772423727,24.413997650146484,0.33885569099948043,0
IS_VI_C07_D11.jpg,IS_VI_C07_D11,/kaggle/working/MDFS/data/CID2013/extracted/IS6/co7/IS_VI_C07_D11.jpg,IS6,co7,33.28059428580863,23.83758544921875,0.334855859999152,0
IS_VI_C07_D13.jpg,IS_VI_C07_D13,/kaggle/working/MDFS/data/CID2013/extracted/IS6/co7/IS_VI_C07_D13.jpg,IS6,co7,36.32252313648103,22.95153045654297,0.3361517940011254,0
IS_VI_C08_D01.jpg,IS_VI_C08_D01,/kaggle/working/MDFS/data/CID2013/extracted/IS6/co8/IS_VI_C08_D01.jpg,IS6,co8,12.771773450985435,24.428865432739258,0.3304036350000388,0
IS_VI_C08_D03.jpg,IS_VI_C08_D03,/kaggle/working/MDFS/data/CID2013/extracted/IS6/co8/IS_VI_C08_D03.jpg,IS6,co8,29.60191714610685,21.95815658569336,0.32876393600054143,0
IS_VI_C08_D05.jpg,IS_VI_C08_D05,/kaggle/working/MDFS/data/CID2013/extracted/IS6/co8/IS_VI_C08_D05.jpg,IS6,co8,39.58178989015835,21.003576278686523,0.33085539400053676,0
IS_VI_C08_D07.jpg,IS_VI_C08_D07,/kaggle/working/MDFS/data/CID2013/extracted/IS6/co8/IS_VI_C08_D07.jpg,IS6,co8,66.97423063412403,20.292795181274414,0.3393098779997672,0
IS_VI_C08_D09.jpg,IS_VI_C08_D09,/kaggle/working/MDFS/data/CID2013/extracted/IS6/co8/IS_VI_C08_D09.jpg,IS6,co8,29.93269701298715,21.29355812072754,0.33459066900104517,0
IS_VI_C08_D11.jpg,IS_VI_C08_D11,/kaggle/working/MDFS/data/CID2013/extracted/IS6/co8/IS_VI_C08_D11.jpg,IS6,co8,40.33472936699228,20.478551864624023,0.3366800490002788,0
IS_VI_C08_D13.jpg,IS_VI_C08_D13,/kaggle/working/MDFS/data/CID2013/extracted/IS6/co8/IS_VI_C08_D13.jpg,IS6,co8,50.25414986913692,21.397951126098633,0.3387920410004881,0
