filename,image_path,distortion_type,reference_path,mos
baby_blur_0.001_jpg_50.jpg,/kaggle/working/MDFS/data/MDIVL/extracted/MDIVL/MDIVL/Data_Blur_JPEG/baby_blur_0.001_jpg_50.jpg,Multiply Dist.,MDIVL/MDIVL/MD_IVLreference/OCEreferenceMD/baby.png,90.1947
baby_blur_0.001_jpg_20.jpg,/kaggle/working/MDFS/data/MDIVL/extracted/MDIVL/MDIVL/Data_Blur_JPEG/baby_blur_0.001_jpg_20.jpg,Multiply Dist.,MDIVL/MDIVL/MD_IVLreference/OCEreferenceMD/baby.png,55.0593
baby_blur_0.66_jpg_100.jpg,/kaggle/working/MDFS/data/MDIVL/extracted/MDIVL/MDIVL/Data_Blur_JPEG/baby_blur_0.66_jpg_100.jpg,Multiply Dist.,MDIVL/MDIVL/MD_IVLreference/OCEreferenceMD/baby.png,93.3151
baby_blur_0.66_jpg_30.jpg,/kaggle/working/MDFS/data/MDIVL/extracted/MDIVL/MDIVL/Data_Blur_JPEG/baby_blur_0.66_jpg_30.jpg,Multiply Dist.,MDIVL/MDIVL/MD_IVLreference/OCEreferenceMD/baby.png,70.6908
baby_blur_0.66_jpg_10.jpg,/kaggle/working/MDFS/data/MDIVL/extracted/MDIVL/MDIVL/Data_Blur_JPEG/baby_blur_0.66_jpg_10.jpg,Multiply Dist.,MDIVL/MDIVL/MD_IVLreference/OCEreferenceMD/baby.png,18.463
baby_blur_1.33_jpg_50.jpg,/kaggle/working/MDFS/data/MDIVL/extracted/MDIVL/MDIVL/Data_Blur_JPEG/baby_blur_1.33_jpg_50.jpg,Multiply Dist.,MDIVL/MDIVL/MD_IVLreference/OCEreferenceMD/baby.png,77.6471
baby_blur_1.33_jpg_20.jpg,/kaggle/working/MDFS/data/MDIVL/extracted/MDIVL/MDIVL/Data_Blur_JPEG/baby_blur_1.33_jpg_20.jpg,Multiply Dist.,MDIVL/MDIVL/MD_IVLreference/OCEreferenceMD/baby.png,31.0164
baby_blur_2_jpg_100.jpg,/kaggle/working/MDFS/data/MDIVL/extracted/MDIVL/MDIVL/Data_Blur_JPEG/baby_blur_2_jpg_100.jpg,Multiply Dist.,MDIVL/MDIVL/MD_IVLreference/OCEreferenceMD/baby.png,61.0287
baby_blur_2_jpg_30.jpg,/kaggle/working/MDFS/data/MDIVL/extracted/MDIVL/MDIVL/Data_Blur_JPEG/baby_blur_2_jpg_30.jpg,Multiply Dist.,MDIVL/MDIVL/MD_IVLreference/OCEreferenceMD/baby.png,54.3708
baby_blur_2_jpg_10.jpg,/kaggle/working/MDFS/data/MDIVL/extracted/MDIVL/MDIVL/Data_Blur_JPEG/baby_blur_2_jpg_10.jpg,Multiply Dist.,MDIVL/MDIVL/MD_IVLreference/OCEreferenceMD/baby.png,10.4106
baby_blur_2.66_jpg_50.jpg,/kaggle/working/MDFS/data/MDIVL/extracted/MDIVL/MDIVL/Data_Blur_JPEG/baby_blur_2.66_jpg_50.jpg,Multiply Dist.,MDIVL/MDIVL/MD_IVLreference/OCEreferenceMD/baby.png,52.1753
baby_blur_2.66_jpg_20.jpg,/kaggle/working/MDFS/data/MDIVL/extracted/MDIVL/MDIVL/Data_Blur_JPEG/baby_blur_2.66_jpg_20.jpg,Multiply Dist.,MDIVL/MDIVL/MD_IVLreference/OCEreferenceMD/baby.png,31.9761
baby_blur_3.33_jpg_100.jpg,/kaggle/working/MDFS/data/MDIVL/extracted/MDIVL/MDIVL/Data_Blur_JPEG/baby_blur_3.33_jpg_100.jpg,Multiply Dist.,MDIVL/MDIVL/MD_IVLreference/OCEreferenceMD/baby.png,33.4478
baby_blur_3.33_jpg_30.jpg,/kaggle/working/MDFS/data/MDIVL/extracted/MDIVL/MDIVL/Data_Blur_JPEG/baby_blur_3.33_jpg_30.jpg,Multiply Dist.,MDIVL/MDIVL/MD_IVLreference/OCEreferenceMD/baby.png,31.3958
baby_blur_3.33_jpg_10.jpg,/kaggle/working/MDFS/data/MDIVL/extracted/MDIVL/MDIVL/Data_Blur_JPEG/baby_blur_3.33_jpg_10.jpg,Multiply Dist.,MDIVL/MDIVL/MD_IVLreference/OCEreferenceMD/baby.png,13.9807
baby_blur_4_jpg_50.jpg,/kaggle/working/MDFS/data/MDIVL/extracted/MDIVL/MDIVL/Data_Blur_JPEG/baby_blur_4_jpg_50.jpg,Multiply Dist.,MDIVL/MDIVL/MD_IVLreference/OCEreferenceMD/baby.png,24.2533
baby_blur_4_jpg_20.jpg,/kaggle/working/MDFS/data/MDIVL/extracted/MDIVL/MDIVL/Data_Blur_JPEG/baby_blur_4_jpg_20.jpg,Multiply Dist.,MDIVL/MDIVL/MD_IVLreference/OCEreferenceMD/baby.png,27.5418
bus_blur_0.001_jpg_100.jpg,/kaggle/working/MDFS/data/MDIVL/extracted/MDIVL/MDIVL/Data_Blur_JPEG/bus_blur_0.001_jpg_100.jpg,Multiply Dist.,MDIVL/MDIVL/MD_IVLreference/OCEreferenceMD/bus.png,91.9614
bus_blur_0.001_jpg_30.jpg,/kaggle/working/MDFS/data/MDIVL/extracted/MDIVL/MDIVL/Data_Blur_JPEG/bus_blur_0.001_jpg_30.jpg,Multiply Dist.,MDIVL/MDIVL/MD_IVLreference/OCEreferenceMD/bus.png,75.2607
bus_blur_0.001_jpg_10.jpg,/kaggle/working/MDFS/data/MDIVL/extracted/MDIVL/MDIVL/Data_Blur_JPEG/bus_blur_0.001_jpg_10.jpg,Multiply Dist.,MDIVL/MDIVL/MD_IVLreference/OCEreferenceMD/bus.png,31.557
bus_blur_0.66_jpg_50.jpg,/kaggle/working/MDFS/data/MDIVL/extracted/MDIVL/MDIVL/Data_Blur_JPEG/bus_blur_0.66_jpg_50.jpg,Multiply Dist.,MDIVL/MDIVL/MD_IVLreference/OCEreferenceMD/bus.png,78.7099
bus_blur_0.66_jpg_20.jpg,/kaggle/working/MDFS/data/MDIVL/extracted/MDIVL/MDIVL/Data_Blur_JPEG/bus_blur_0.66_jpg_20.jpg,Multiply Dist.,MDIVL/MDIVL/MD_IVLreference/OCEreferenceMD/bus.png,64.121
bus_blur_1.33_jpg_100.jpg,/kaggle/working/MDFS/data/MDIVL/extracted/MDIVL/MDIVL/Data_Blur_JPEG/bus_blur_1.33_jpg_100.jpg,Multiply Dist.,MDIVL/MDIVL/MD_IVLreference/OCEreferenceMD/bus.png,49.8472
bus_blur_1.33_jpg_30.jpg,/kaggle/working/MDFS/data/MDIVL/extracted/MDIVL/MDIVL/Data_Blur_JPEG/bus_blur_1.33_jpg_30.jpg,Multiply Dist.,MDIVL/MDIVL/MD_IVLreference/OCEreferenceMD/bus.png,48.8382
bus_blur_1.33_jpg_10.jpg,/kaggle/working/MDFS/data/MDIVL/extracted/MDIVL/MDIVL/Data_Blur_JPEG/bus_blur_1.33_jpg_10.jpg,Multiply Dist.,MDIVL/MDIVL/MD_IVLreference/OCEreferenceMD/bus.png,21.0604
bus_blur_2_jpg_50.jpg,/kaggle/working/MDFS/data/MDIVL/extracted/MDIVL/MDIVL/Data_Blur_JPEG/bus_blur_2_jpg_50.jpg,Multiply Dist.,MDIVL/MDIVL/MD_IVLreference/OCEreferenceMD/bus.png,33.8499
bus_blur_2_jpg_20.jpg,/kaggle/working/MDFS/data/MDIVL/extracted/MDIVL/MDIVL/Data_Blur_JPEG/bus_blur_2_jpg_20.jpg,Multiply Dist.,MDIVL/MDIVL/MD_IVLreference/OCEreferenceMD/bus.png,28.0526
bus_blur_2.66_jpg_100.jpg,/kaggle/working/MDFS/data/MDIVL/extracted/MDIVL/MDIVL/Data_Blur_JPEG/bus_blur_2.66_jpg_100.jpg,Multiply Dist.,MDIVL/MDIVL/MD_IVLreference/OCEreferenceMD/bus.png,24.0281
bus_blur_2.66_jpg_30.jpg,/kaggle/working/MDFS/data/MDIVL/extracted/MDIVL/MDIVL/Data_Blur_JPEG/bus_blur_2.66_jpg_30.jpg,Multiply Dist.,MDIVL/MDIVL/MD_IVLreference/OCEreferenceMD/bus.png,22.9737
bus_blur_2.66_jpg_10.jpg,/kaggle/working/MDFS/data/MDIVL/extracted/MDIVL/MDIVL/Data_Blur_JPEG/bus_blur_2.66_jpg_10.jpg,Multiply Dist.,MDIVL/MDIVL/MD_IVLreference/OCEreferenceMD/bus.png,7.7519
bus_blur_3.33_jpg_50.jpg,/kaggle/working/MDFS/data/MDIVL/extracted/MDIVL/MDIVL/Data_Blur_JPEG/bus_blur_3.33_jpg_50.jpg,Multiply Dist.,MDIVL/MDIVL/MD_IVLreference/OCEreferenceMD/bus.png,20.2996
bus_blur_3.33_jpg_20.jpg,/kaggle/working/MDFS/data/MDIVL/extracted/MDIVL/MDIVL/Data_Blur_JPEG/bus_blur_3.33_jpg_20.jpg,Multiply Dist.,MDIVL/MDIVL/MD_IVLreference/OCEreferenceMD/bus.png,16.2147
bus_blur_4_jpg_100.jpg,/kaggle/working/MDFS/data/MDIVL/extracted/MDIVL/MDIVL/Data_Blur_JPEG/bus_blur_4_jpg_100.jpg,Multiply Dist.,MDIVL/MDIVL/MD_IVLreference/OCEreferenceMD/bus.png,20.4998
bus_blur_4_jpg_30.jpg,/kaggle/working/MDFS/data/MDIVL/extracted/MDIVL/MDIVL/Data_Blur_JPEG/bus_blur_4_jpg_30.jpg,Multiply Dist.,MDIVL/MDIVL/MD_IVLreference/OCEreferenceMD/bus.png,14.4165
bus_blur_4_jpg_10.jpg,/kaggle/working/MDFS/data/MDIVL/extracted/MDIVL/MDIVL/Data_Blur_JPEG/bus_blur_4_jpg_10.jpg,Multiply Dist.,MDIVL/MDIVL/MD_IVLreference/OCEreferenceMD/bus.png,6.4857
candies_blur_0.001_jpg_50.jpg,/kaggle/working/MDFS/data/MDIVL/extracted/MDIVL/MDIVL/Data_Blur_JPEG/candies_blur_0.001_jpg_50.jpg,Multiply Dist.,MDIVL/MDIVL/MD_IVLreference/OCEreferenceMD/candies.png,89.7824
candies_blur_0.001_jpg_20.jpg,/kaggle/working/MDFS/data/MDIVL/extracted/MDIVL/MDIVL/Data_Blur_JPEG/candies_blur_0.001_jpg_20.jpg,Multiply Dist.,MDIVL/MDIVL/MD_IVLreference/OCEreferenceMD/candies.png,80.7124
candies_blur_0.66_jpg_100.jpg,/kaggle/working/MDFS/data/MDIVL/extracted/MDIVL/MDIVL/Data_Blur_JPEG/candies_blur_0.66_jpg_100.jpg,Multiply Dist.,MDIVL/MDIVL/MD_IVLreference/OCEreferenceMD/candies.png,89.3454
candies_blur_0.66_jpg_30.jpg,/kaggle/working/MDFS/data/MDIVL/extracted/MDIVL/MDIVL/Data_Blur_JPEG/candies_blur_0.66_jpg_30.jpg,Multiply Dist.,MDIVL/MDIVL/MD_IVLreference/OCEreferenceMD/candies.png,78.2785
candies_blur_0.66_jpg_10.jpg,/kaggle/working/MDFS/data/MDIVL/extracted/MDIVL/MDIVL/Data_Blur_JPEG/candies_blur_0.66_jpg_10.jpg,Multiply Dist.,MDIVL/MDIVL/MD_IVLreference/OCEreferenceMD/candies.png,43.4106
candies_blur_1.33_jpg_50.jpg,/kaggle/working/MDFS/data/MDIVL/extracted/MDIVL/MDIVL/Data_Blur_JPEG/candies_blur_1.33_jpg_50.jpg,Multiply Dist.,MDIVL/MDIVL/MD_IVLreference/OCEreferenceMD/candies.png,59.7086
candies_blur_1.33_jpg_20.jpg,/kaggle/working/MDFS/data/MDIVL/extracted/MDIVL/MDIVL/Data_Blur_JPEG/candies_blur_1.33_jpg_20.jpg,Multiply Dist.,MDIVL/MDIVL/MD_IVLreference/OCEreferenceMD/candies.png,55.248
candies_blur_2_jpg_100.jpg,/kaggle/working/MDFS/data/MDIVL/extracted/MDIVL/MDIVL/Data_Blur_JPEG/candies_blur_2_jpg_100.jpg,Multiply Dist.,MDIVL/MDIVL/MD_IVLreference/OCEreferenceMD/candies.png,43.9692
candies_blur_2_jpg_30.jpg,/kaggle/working/MDFS/data/MDIVL/extracted/MDIVL/MDIVL/Data_Blur_JPEG/candies_blur_2_jpg_30.jpg,Multiply Dist.,MDIVL/MDIVL/MD_IVLreference/OCEreferenceMD/candies.png,34.7955
candies_blur_2_jpg_10.jpg,/kaggle/working/MDFS/data/MDIVL/extracted/MDIVL/MDIVL/Data_Blur_JPEG/candies_blur_2_jpg_10.jpg,Multiply Dist.,MDIVL/MDIVL/MD_IVLreference/OCEreferenceMD/candies.png,22.3415
candies_blur_2.66_jpg_50.jpg,/kaggle/working/MDFS/data/MDIVL/extracted/MDIVL/MDIVL/Data_Blur_JPEG/candies_blur_2.66_jpg_50.jpg,Multiply Dist.,MDIVL/MDIVL/MD_IVLreference/OCEreferenceMD/candies.png,25.1522
candies_blur_2.66_jpg_20.jpg,/kaggle/working/MDFS/data/MDIVL/extracted/MDIVL/MDIVL/Data_Blur_JPEG/candies_blur_2.66_jpg_20.jpg,Multiply Dist.,MDIVL/MDIVL/MD_IVLreference/OCEreferenceMD/candies.png,25.2023
candies_blur_3.33_jpg_100.jpg,/kaggle/working/MDFS/data/MDIVL/extracted/MDIVL/MDIVL/Data_Blur_JPEG/candies_blur_3.33_jpg_100.jpg,Multiply Dist.,MDIVL/MDIVL/MD_IVLreference/OCEreferenceMD/candies.png,20.6604
candies_blur_3.33_jpg_30.jpg,/kaggle/working/MDFS/data/MDIVL/extracted/MDIVL/MDIVL/Data_Blur_JPEG/candies_blur_3.33_jpg_30.jpg,Multiply Dist.,MDIVL/MDIVL/MD_IVLreference/OCEreferenceMD/candies.png,23.1299
candies_blur_3.33_jpg_10.jpg,/kaggle/working/MDFS/data/MDIVL/extracted/MDIVL/MDIVL/Data_Blur_JPEG/candies_blur_3.33_jpg_10.jpg,Multiply Dist.,MDIVL/MDIVL/MD_IVLreference/OCEreferenceMD/candies.png,12.3469
candies_blur_4_jpg_50.jpg,/kaggle/working/MDFS/data/MDIVL/extracted/MDIVL/MDIVL/Data_Blur_JPEG/candies_blur_4_jpg_50.jpg,Multiply Dist.,MDIVL/MDIVL/MD_IVLreference/OCEreferenceMD/candies.png,13.7526
candies_blur_4_jpg_20.jpg,/kaggle/working/MDFS/data/MDIVL/extracted/MDIVL/MDIVL/Data_Blur_JPEG/candies_blur_4_jpg_20.jpg,Multiply Dist.,MDIVL/MDIVL/MD_IVLreference/OCEreferenceMD/candies.png,11.9278
chianti_blur_0.001_jpg_100.jpg,/kaggle/working/MDFS/data/MDIVL/extracted/MDIVL/MDIVL/Data_Blur_JPEG/chianti_blur_0.001_jpg_100.jpg,Multiply Dist.,MDIVL/MDIVL/MD_IVLreference/OCEreferenceMD/chianti.png,88.9741
chianti_blur_0.001_jpg_30.jpg,/kaggle/working/MDFS/data/MDIVL/extracted/MDIVL/MDIVL/Data_Blur_JPEG/chianti_blur_0.001_jpg_30.jpg,Multiply Dist.,MDIVL/MDIVL/MD_IVLreference/OCEreferenceMD/chianti.png,68.1893
chianti_blur_0.001_jpg_10.jpg,/kaggle/working/MDFS/data/MDIVL/extracted/MDIVL/MDIVL/Data_Blur_JPEG/chianti_blur_0.001_jpg_10.jpg,Multiply Dist.,MDIVL/MDIVL/MD_IVLreference/OCEreferenceMD/chianti.png,19.464
chianti_blur_0.66_jpg_50.jpg,/kaggle/working/MDFS/data/MDIVL/extracted/MDIVL/MDIVL/Data_Blur_JPEG/chianti_blur_0.66_jpg_50.jpg,Multiply Dist.,MDIVL/MDIVL/MD_IVLreference/OCEreferenceMD/chianti.png,68.9999
chianti_blur_0.66_jpg_20.jpg,/kaggle/working/MDFS/data/MDIVL/extracted/MDIVL/MDIVL/Data_Blur_JPEG/chianti_blur_0.66_jpg_20.jpg,Multiply Dist.,MDIVL/MDIVL/MD_IVLreference/OCEreferenceMD/chianti.png,48.8117
chianti_blur_1.33_jpg_100.jpg,/kaggle/working/MDFS/data/MDIVL/extracted/MDIVL/MDIVL/Data_Blur_JPEG/chianti_blur_1.33_jpg_100.jpg,Multiply Dist.,MDIVL/MDIVL/MD_IVLreference/OCEreferenceMD/chianti.png,60.0749
chianti_blur_1.33_jpg_30.jpg,/kaggle/working/MDFS/data/MDIVL/extracted/MDIVL/MDIVL/Data_Blur_JPEG/chianti_blur_1.33_jpg_30.jpg,Multiply Dist.,MDIVL/MDIVL/MD_IVLreference/OCEreferenceMD/chianti.png,41.0478
chianti_blur_1.33_jpg_10.jpg,/kaggle/working/MDFS/data/MDIVL/extracted/MDIVL/MDIVL/Data_Blur_JPEG/chianti_blur_1.33_jpg_10.jpg,Multiply Dist.,MDIVL/MDIVL/MD_IVLreference/OCEreferenceMD/chianti.png,17.2282
chianti_blur_2_jpg_50.jpg,/kaggle/working/MDFS/data/MDIVL/extracted/MDIVL/MDIVL/Data_Blur_JPEG/chianti_blur_2_jpg_50.jpg,Multiply Dist.,MDIVL/MDIVL/MD_IVLreference/OCEreferenceMD/chianti.png,31.0234
chianti_blur_2_jpg_20.jpg,/kaggle/working/MDFS/data/MDIVL/extracted/MDIVL/MDIVL/Data_Blur_JPEG/chianti_blur_2_jpg_20.jpg,Multiply Dist.,MDIVL/MDIVL/MD_IVLreference/OCEreferenceMD/chianti.png,25.7743
chianti_blur_2.66_jpg_100.jpg,/kaggle/working/MDFS/data/MDIVL/extracted/MDIVL/MDIVL/Data_Blur_JPEG/chianti_blur_2.66_jpg_100.jpg,Multiply Dist.,MDIVL/MDIVL/MD_IVLreference/OCEreferenceMD/chianti.png,32.6454
chianti_blur_2.66_jpg_30.jpg,/kaggle/working/MDFS/data/MDIVL/extracted/MDIVL/MDIVL/Data_Blur_JPEG/chianti_blur_2.66_jpg_30.jpg,Multiply Dist.,MDIVL/MDIVL/MD_IVLreference/OCEreferenceMD/chianti.png,23.4227
chianti_blur_2.66_jpg_10.jpg,/kaggle/working/MDFS/data/MDIVL/extracted/MDIVL/MDIVL/Data_Blur_JPEG/chianti_blur_2.66_jpg_10.jpg,Multiply Dist.,MDIVL/MDIVL/MD_IVLreference/OCEreferenceMD/chianti.png,12.437
chianti_blur_3.33_jpg_50.jpg,/kaggle/working/MDFS/data/MDIVL/extracted/MDIVL/MDIVL/Data_Blur_JPEG/chianti_blur_3.33_jpg_50.jpg,Multiply Dist.,MDIVL/MDIVL/MD_IVLreference/OCEreferenceMD/chianti.png,20.2631
chianti_blur_3.33_jpg_20.jpg,/kaggle/working/MDFS/data/MDIVL/extracted/MDIVL/MDIVL/Data_Blur_JPEG/chianti_blur_3.33_jpg_20.jpg,Multiply Dist.,MDIVL/MDIVL/MD_IVLreference/OCEreferenceMD/chianti.png,21.5503
chianti_blur_4_jpg_100.jpg,/kaggle/working/MDFS/data/MDIVL/extracted/MDIVL/MDIVL/Data_Blur_JPEG/chianti_blur_4_jpg_100.jpg,Multiply Dist.,MDIVL/MDIVL/MD_IVLreference/OCEreferenceMD/chianti.png,15.2435
chianti_blur_4_jpg_30.jpg,/kaggle/working/MDFS/data/MDIVL/extracted/MDIVL/MDIVL/Data_Blur_JPEG/chianti_blur_4_jpg_30.jpg,Multiply Dist.,MDIVL/MDIVL/MD_IVLreference/OCEreferenceMD/chianti.png,18.043
chianti_blur_4_jpg_10.jpg,/kaggle/working/MDFS/data/MDIVL/extracted/MDIVL/MDIVL/Data_Blur_JPEG/chianti_blur_4_jpg_10.jpg,Multiply Dist.,MDIVL/MDIVL/MD_IVLreference/OCEreferenceMD/chianti.png,4.6732
dancers1_blur_0.001_jpg_50.jpg,/kaggle/working/MDFS/data/MDIVL/extracted/MDIVL/MDIVL/Data_Blur_JPEG/dancers1_blur_0.001_jpg_50.jpg,Multiply Dist.,MDIVL/MDIVL/MD_IVLreference/OCEreferenceMD/dancers1.png,72.5012
dancers1_blur_0.001_jpg_20.jpg,/kaggle/working/MDFS/data/MDIVL/extracted/MDIVL/MDIVL/Data_Blur_JPEG/dancers1_blur_0.001_jpg_20.jpg,Multiply Dist.,MDIVL/MDIVL/MD_IVLreference/OCEreferenceMD/dancers1.png,49.428
dancers1_blur_0.66_jpg_100.jpg,/kaggle/working/MDFS/data/MDIVL/extracted/MDIVL/MDIVL/Data_Blur_JPEG/dancers1_blur_0.66_jpg_100.jpg,Multiply Dist.,MDIVL/MDIVL/MD_IVLreference/OCEreferenceMD/dancers1.png,77.9161
dancers1_blur_0.66_jpg_30.jpg,/kaggle/working/MDFS/data/MDIVL/extracted/MDIVL/MDIVL/Data_Blur_JPEG/dancers1_blur_0.66_jpg_30.jpg,Multiply Dist.,MDIVL/MDIVL/MD_IVLreference/OCEreferenceMD/dancers1.png,62.4951
dancers1_blur_0.66_jpg_10.jpg,/kaggle/working/MDFS/data/MDIVL/extracted/MDIVL/MDIVL/Data_Blur_JPEG/dancers1_blur_0.66_jpg_10.jpg,Multiply Dist.,MDIVL/MDIVL/MD_IVLreference/OCEreferenceMD/dancers1.png,22.9941
dancers1_blur_1.33_jpg_50.jpg,/kaggle/working/MDFS/data/MDIVL/extracted/MDIVL/MDIVL/Data_Blur_JPEG/dancers1_blur_1.33_jpg_50.jpg,Multiply Dist.,MDIVL/MDIVL/MD_IVLreference/OCEreferenceMD/dancers1.png,67.274
dancers1_blur_1.33_jpg_20.jpg,/kaggle/working/MDFS/data/MDIVL/extracted/MDIVL/MDIVL/Data_Blur_JPEG/dancers1_blur_1.33_jpg_20.jpg,Multiply Dist.,MDIVL/MDIVL/MD_IVLreference/OCEreferenceMD/dancers1.png,45.4185
dancers1_blur_2_jpg_100.jpg,/kaggle/working/MDFS/data/MDIVL/extracted/MDIVL/MDIVL/Data_Blur_JPEG/dancers1_blur_2_jpg_100.jpg,Multiply Dist.,MDIVL/MDIVL/MD_IVLreference/OCEreferenceMD/dancers1.png,44.8103
dancers1_blur_2_jpg_30.jpg,/kaggle/working/MDFS/data/MDIVL/extracted/MDIVL/MDIVL/Data_Blur_JPEG/dancers1_blur_2_jpg_30.jpg,Multiply Dist.,MDIVL/MDIVL/MD_IVLreference/OCEreferenceMD/dancers1.png,40.708
dancers1_blur_2_jpg_10.jpg,/kaggle/working/MDFS/data/MDIVL/extracted/MDIVL/MDIVL/Data_Blur_JPEG/dancers1_blur_2_jpg_10.jpg,Multiply Dist.,MDIVL/MDIVL/MD_IVLreference/OCEreferenceMD/dancers1.png,15.5176
dancers1_blur_2.66_jpg_50.jpg,/kaggle/working/MDFS/data/MDIVL/extracted/MDIVL/MDIVL/Data_Blur_JPEG/dancers1_blur_2.66_jpg_50.jpg,Multiply Dist.,MDIVL/MDIVL/MD_IVLreference/OCEreferenceMD/dancers1.png,35.9178
dancers1_blur_2.66_jpg_20.jpg,/kaggle/working/MDFS/data/MDIVL/extracted/MDIVL/MDIVL/Data_Blur_JPEG/dancers1_blur_2.66_jpg_20.jpg,Multiply Dist.,MDIVL/MDIVL/MD_IVLreference/OCEreferenceMD/dancers1.png,21.7499
dancers1_blur_3.33_jpg_100.jpg,/kaggle/working/MDFS/data/MDIVL/extracted/MDIVL/MDIVL/Data_Blur_JPEG/dancers1_blur_3.33_jpg_100.jpg,Multiply Dist.,MDIVL/MDIVL/MD_IVLreference/OCEreferenceMD/dancers1.png,30.0896
dancers1_blur_3.33_jpg_30.jpg,/kaggle/working/MDFS/data/MDIVL/extracted/MDIVL/MDIVL/Data_Blur_JPEG/dancers1_blur_3.33_jpg_30.jpg,Multiply Dist.,MDIVL/MDIVL/MD_IVLreference/OCEreferenceMD/dancers1.png,32.2298
dancers1_blur_3.33_jpg_10.jpg,/kaggle/working/MDFS/data/MDIVL/extracted/MDIVL/MDIVL/Data_Blur_JPEG/dancers1_blur_3.33_jpg_10.jpg,Multiply Dist.,MDIVL/MDIVL/MD_IVLreference/OCEreferenceMD/dancers1.png,9.4537
dancers1_blur_4_jpg_50.jpg,/kaggle/working/MDFS/data/MDIVL/extracted/MDIVL/MDIVL/Data_Blur_JPEG/dancers1_blur_4_jpg_50.jpg,Multiply Dist.,MDIVL/MDIVL/MD_IVLreference/OCEreferenceMD/dancers1.png,18.976
dancers1_blur_4_jpg_20.jpg,/kaggle/working/MDFS/data/MDIVL/extracted/MDIVL/MDIVL/Data_Blur_JPEG/dancers1_blur_4_jpg_20.jpg,Multiply Dist.,MDIVL/MDIVL/MD_IVLreference/OCEreferenceMD/dancers1.png,10.5771
home_blur_0.001_jpg_100.jpg,/kaggle/working/MDFS/data/MDIVL/extracted/MDIVL/MDIVL/Data_Blur_JPEG/home_blur_0.001_jpg_100.jpg,Multiply Dist.,MDIVL/MDIVL/MD_IVLreference/OCEreferenceMD/home.png,95.2376
home_blur_0.001_jpg_30.jpg,/kaggle/working/MDFS/data/MDIVL/extracted/MDIVL/MDIVL/Data_Blur_JPEG/home_blur_0.001_jpg_30.jpg,Multiply Dist.,MDIVL/MDIVL/MD_IVLreference/OCEreferenceMD/home.png,70.1706
home_blur_0.001_jpg_10.jpg,/kaggle/working/MDFS/data/MDIVL/extracted/MDIVL/MDIVL/Data_Blur_JPEG/home_blur_0.001_jpg_10.jpg,Multiply Dist.,MDIVL/MDIVL/MD_IVLreference/OCEreferenceMD/home.png,22.3661
home_blur_0.66_jpg_50.jpg,/kaggle/working/MDFS/data/MDIVL/extracted/MDIVL/MDIVL/Data_Blur_JPEG/home_blur_0.66_jpg_50.jpg,Multiply Dist.,MDIVL/MDIVL/MD_IVLreference/OCEreferenceMD/home.png,84.4434
home_blur_0.66_jpg_20.jpg,/kaggle/working/MDFS/data/MDIVL/extracted/MDIVL/MDIVL/Data_Blur_JPEG/home_blur_0.66_jpg_20.jpg,Multiply Dist.,MDIVL/MDIVL/MD_IVLreference/OCEreferenceMD/home.png,52.9201
home_blur_1.33_jpg_100.jpg,/kaggle/working/MDFS/data/MDIVL/extracted/MDIVL/MDIVL/Data_Blur_JPEG/home_blur_1.33_jpg_100.jpg,Multiply Dist.,MDIVL/MDIVL/MD_IVLreference/OCEreferenceMD/home.png,57.2823
home_blur_1.33_jpg_30.jpg,/kaggle/working/MDFS/data/MDIVL/extracted/MDIVL/MDIVL/Data_Blur_JPEG/home_blur_1.33_jpg_30.jpg,Multiply Dist.,MDIVL/MDIVL/MD_IVLreference/OCEreferenceMD/home.png,60.5851
home_blur_1.33_jpg_10.jpg,/kaggle/working/MDFS/data/MDIVL/extracted/MDIVL/MDIVL/Data_Blur_JPEG/home_blur_1.33_jpg_10.jpg,Multiply Dist.,MDIVL/MDIVL/MD_IVLreference/OCEreferenceMD/home.png,10.6636
home_blur_2_jpg_50.jpg,/kaggle/working/MDFS/data/MDIVL/extracted/MDIVL/MDIVL/Data_Blur_JPEG/home_blur_2_jpg_50.jpg,Multiply Dist.,MDIVL/MDIVL/MD_IVLreference/OCEreferenceMD/home.png,38.2801
home_blur_2_jpg_20.jpg,/kaggle/working/MDFS/data/MDIVL/extracted/MDIVL/MDIVL/Data_Blur_JPEG/home_blur_2_jpg_20.jpg,Multiply Dist.,MDIVL/MDIVL/MD_IVLreference/OCEreferenceMD/home.png,31.9986
home_blur_2.66_jpg_100.jpg,/kaggle/working/MDFS/data/MDIVL/extracted/MDIVL/MDIVL/Data_Blur_JPEG/home_blur_2.66_jpg_100.jpg,Multiply Dist.,MDIVL/MDIVL/MD_IVLreference/OCEreferenceMD/home.png,28.6059
home_blur_2.66_jpg_30.jpg,/kaggle/working/MDFS/data/MDIVL/extracted/MDIVL/MDIVL/Data_Blur_JPEG/home_blur_2.66_jpg_30.jpg,Multiply Dist.,MDIVL/MDIVL/MD_IVLreference/OCEreferenceMD/home.png,27.6464
home_blur_2.66_jpg_10.jpg,/kaggle/working/MDFS/data/MDIVL/extracted/MDIVL/MDIVL/Data_Blur_JPEG/home_blur_2.66_jpg_10.jpg,Multiply Dist.,MDIVL/MDIVL/MD_IVLreference/OCEreferenceMD/home.png,7.1954
home_blur_3.33_jpg_50.jpg,/kaggle/working/MDFS/data/MDIVL/extracted/MDIVL/MDIVL/Data_Blur_JPEG/home_blur_3.33_jpg_50.jpg,Multiply Dist.,MDIVL/MDIVL/MD_IVLreference/OCEreferenceMD/home.png,25.56
home_blur_3.33_jpg_20.jpg,/kaggle/working/MDFS/data/MDIVL/extracted/MDIVL/MDIVL/Data_Blur_JPEG/home_blur_3.33_jpg_20.jpg,Multiply Dist.,MDIVL/MDIVL/MD_IVLreference/OCEreferenceMD/home.png,18.4819
home_blur_4_jpg_100.jpg,/kaggle/working/MDFS/data/MDIVL/extracted/MDIVL/MDIVL/Data_Blur_JPEG/home_blur_4_jpg_100.jpg,Multiply Dist.,MDIVL/MDIVL/MD_IVLreference/OCEreferenceMD/home.png,15.1149
home_blur_4_jpg_30.jpg,/kaggle/working/MDFS/data/MDIVL/extracted/MDIVL/MDIVL/Data_Blur_JPEG/home_blur_4_jpg_30.jpg,Multiply Dist.,MDIVL/MDIVL/MD_IVLreference/OCEreferenceMD/home.png,10.0564
home_blur_4_jpg_10.jpg,/kaggle/working/MDFS/data/MDIVL/extracted/MDIVL/MDIVL/Data_Blur_JPEG/home_blur_4_jpg_10.jpg,Multiply Dist.,MDIVL/MDIVL/MD_IVLreference/OCEreferenceMD/home.png,5.0479
manikin_blur_0.001_jpg_50.jpg,/kaggle/working/MDFS/data/MDIVL/extracted/MDIVL/MDIVL/Data_Blur_JPEG/manikin_blur_0.001_jpg_50.jpg,Multiply Dist.,MDIVL/MDIVL/MD_IVLreference/OCEreferenceMD/manikin.png,91.9119
manikin_blur_0.001_jpg_20.jpg,/kaggle/working/MDFS/data/MDIVL/extracted/MDIVL/MDIVL/Data_Blur_JPEG/manikin_blur_0.001_jpg_20.jpg,Multiply Dist.,MDIVL/MDIVL/MD_IVLreference/OCEreferenceMD/manikin.png,44.6775
manikin_blur_0.66_jpg_100.jpg,/kaggle/working/MDFS/data/MDIVL/extracted/MDIVL/MDIVL/Data_Blur_JPEG/manikin_blur_0.66_jpg_100.jpg,Multiply Dist.,MDIVL/MDIVL/MD_IVLreference/OCEreferenceMD/manikin.png,89.9733
manikin_blur_0.66_jpg_30.jpg,/kaggle/working/MDFS/data/MDIVL/extracted/MDIVL/MDIVL/Data_Blur_JPEG/manikin_blur_0.66_jpg_30.jpg,Multiply Dist.,MDIVL/MDIVL/MD_IVLreference/OCEreferenceMD/manikin.png,64.6386
manikin_blur_0.66_jpg_10.jpg,/kaggle/working/MDFS/data/MDIVL/extracted/MDIVL/MDIVL/Data_Blur_JPEG/manikin_blur_0.66_jpg_10.jpg,Multiply Dist.,MDIVL/MDIVL/MD_IVLreference/OCEreferenceMD/manikin.png,22.0216
manikin_blur_1.33_jpg_50.jpg,/kaggle/working/MDFS/data/MDIVL/extracted/MDIVL/MDIVL/Data_Blur_JPEG/manikin_blur_1.33_jpg_50.jpg,Multiply Dist.,MDIVL/MDIVL/MD_IVLreference/OCEreferenceMD/manikin.png,65.4741
manikin_blur_1.33_jpg_20.jpg,/kaggle/working/MDFS/data/MDIVL/extracted/MDIVL/MDIVL/Data_Blur_JPEG/manikin_blur_1.33_jpg_20.jpg,Multiply Dist.,MDIVL/MDIVL/MD_IVLreference/OCEreferenceMD/manikin.png,30.7624
manikin_blur_2_jpg_100.jpg,/kaggle/working/MDFS/data/MDIVL/extracted/MDIVL/MDIVL/Data_Blur_JPEG/manikin_blur_2_jpg_100.jpg,Multiply Dist.,MDIVL/MDIVL/MD_IVLreference/OCEreferenceMD/manikin.png,48.9526
manikin_blur_2_jpg_30.jpg,/kaggle/working/MDFS/data/MDIVL/extracted/MDIVL/MDIVL/Data_Blur_JPEG/manikin_blur_2_jpg_30.jpg,Multiply Dist.,MDIVL/MDIVL/MD_IVLreference/OCEreferenceMD/manikin.png,41.8676
manikin_blur_2_jpg_10.jpg,/kaggle/working/MDFS/data/MDIVL/extracted/MDIVL/MDIVL/Data_Blur_JPEG/manikin_blur_2_jpg_10.jpg,Multiply Dist.,MDIVL/MDIVL/MD_IVLreference/OCEreferenceMD/manikin.png,9.8655
manikin_blur_2.66_jpg_50.jpg,/kaggle/working/MDFS/data/MDIVL/extracted/MDIVL/MDIVL/Data_Blur_JPEG/manikin_blur_2.66_jpg_50.jpg,Multiply Dist.,MDIVL/MDIVL/MD_IVLreference/OCEreferenceMD/manikin.png,32.5201
manikin_blur_2.66_jpg_20.jpg,/kaggle/working/MDFS/data/MDIVL/extracted/MDIVL/MDIVL/Data_Blur_JPEG/manikin_blur_2.66_jpg_20.jpg,Multiply Dist.,MDIVL/MDIVL/MD_IVLreference/OCEreferenceMD/manikin.png,31.8736
manikin_blur_3.33_jpg_100.jpg,/kaggle/working/MDFS/data/MDIVL/extracted/MDIVL/MDIVL/Data_Blur_JPEG/manikin_blur_3.33_jpg_100.jpg,Multiply Dist.,MDIVL/MDIVL/MD_IVLreference/OCEreferenceMD/manikin.png,28.3113
manikin_blur_3.33_jpg_30.jpg,/kaggle/working/MDFS/data/MDIVL/extracted/MDIVL/MDIVL/Data_Blur_JPEG/manikin_blur_3.33_jpg_30.jpg,Multiply Dist.,MDIVL/MDIVL/MD_IVLreference/OCEreferenceMD/manikin.png,20.6734
manikin_blur_3.33_jpg_10.jpg,/kaggle/working/MDFS/data/MDIVL/extracted/MDIVL/MDIVL/Data_Blur_JPEG/manikin_blur_3.33_jpg_10.jpg,Multiply Dist.,MDIVL/MDIVL/MD_IVLreference/OCEreferenceMD/manikin.png,7.6577
manikin_blur_4_jpg_50.jpg,/kaggle/working/MDFS/data/MDIVL/extracted/MDIVL/MDIVL/Data_Blur_JPEG/manikin_blur_4_jpg_50.jpg,Multiply Dist.,MDIVL/MDIVL/MD_IVLreference/OCEreferenceMD/manikin.png,21.1254
manikin_blur_4_jpg_20.jpg,/kaggle/working/MDFS/data/MDIVL/extracted/MDIVL/MDIVL/Data_Blur_JPEG/manikin_blur_4_jpg_20.jpg,Multiply Dist.,MDIVL/MDIVL/MD_IVLreference/OCEreferenceMD/manikin.png,12.9788
metro_blur_0.001_jpg_100.jpg,/kaggle/working/MDFS/data/MDIVL/extracted/MDIVL/MDIVL/Data_Blur_JPEG/metro_blur_0.001_jpg_100.jpg,Multiply Dist.,MDIVL/MDIVL/MD_IVLreference/OCEreferenceMD/metro.png,91.058
metro_blur_0.001_jpg_30.jpg,/kaggle/working/MDFS/data/MDIVL/extracted/MDIVL/MDIVL/Data_Blur_JPEG/metro_blur_0.001_jpg_30.jpg,Multiply Dist.,MDIVL/MDIVL/MD_IVLreference/OCEreferenceMD/metro.png,48.954
metro_blur_0.001_jpg_10.jpg,/kaggle/working/MDFS/data/MDIVL/extracted/MDIVL/MDIVL/Data_Blur_JPEG/metro_blur_0.001_jpg_10.jpg,Multiply Dist.,MDIVL/MDIVL/MD_IVLreference/OCEreferenceMD/metro.png,30.3593
metro_blur_0.66_jpg_50.jpg,/kaggle/working/MDFS/data/MDIVL/extracted/MDIVL/MDIVL/Data_Blur_JPEG/metro_blur_0.66_jpg_50.jpg,Multiply Dist.,MDIVL/MDIVL/MD_IVLreference/OCEreferenceMD/metro.png,73.5081
metro_blur_0.66_jpg_20.jpg,/kaggle/working/MDFS/data/MDIVL/extracted/MDIVL/MDIVL/Data_Blur_JPEG/metro_blur_0.66_jpg_20.jpg,Multiply Dist.,MDIVL/MDIVL/MD_IVLreference/OCEreferenceMD/metro.png,34.5443
metro_blur_1.33_jpg_100.jpg,/kaggle/working/MDFS/data/MDIVL/extracted/MDIVL/MDIVL/Data_Blur_JPEG/metro_blur_1.33_jpg_100.jpg,Multiply Dist.,MDIVL/MDIVL/MD_IVLreference/OCEreferenceMD/metro.png,74.9311
metro_blur_1.33_jpg_30.jpg,/kaggle/working/MDFS/data/MDIVL/extracted/MDIVL/MDIVL/Data_Blur_JPEG/metro_blur_1.33_jpg_30.jpg,Multiply Dist.,MDIVL/MDIVL/MD_IVLreference/OCEreferenceMD/metro.png,44.0323
metro_blur_1.33_jpg_10.jpg,/kaggle/working/MDFS/data/MDIVL/extracted/MDIVL/MDIVL/Data_Blur_JPEG/metro_blur_1.33_jpg_10.jpg,Multiply Dist.,MDIVL/MDIVL/MD_IVLreference/OCEreferenceMD/metro.png,13.4481
metro_blur_2_jpg_50.jpg,/kaggle/working/MDFS/data/MDIVL/extracted/MDIVL/MDIVL/Data_Blur_JPEG/metro_blur_2_jpg_50.jpg,Multiply Dist.,MDIVL/MDIVL/MD_IVLreference/OCEreferenceMD/metro.png,48.7182
metro_blur_2_jpg_20.jpg,/kaggle/working/MDFS/data/MDIVL/extracted/MDIVL/MDIVL/Data_Blur_JPEG/metro_blur_2_jpg_20.jpg,Multiply Dist.,MDIVL/MDIVL/MD_IVLreference/OCEreferenceMD/metro.png,28.9014
metro_blur_2.66_jpg_100.jpg,/kaggle/working/MDFS/data/MDIVL/extracted/MDIVL/MDIVL/Data_Blur_JPEG/metro_blur_2.66_jpg_100.jpg,Multiply Dist.,MDIVL/MDIVL/MD_IVLreference/OCEreferenceMD/metro.png,40.785
metro_blur_2.66_jpg_30.jpg,/kaggle/working/MDFS/data/MDIVL/extracted/MDIVL/MDIVL/Data_Blur_JPEG/metro_blur_2.66_jpg_30.jpg,Multiply Dist.,MDIVL/MDIVL/MD_IVLreference/OCEreferenceMD/metro.png,27.4851
metro_blur_2.66_jpg_10.jpg,/kaggle/working/MDFS/data/MDIVL/extracted/MDIVL/MDIVL/Data_Blur_JPEG/metro_blur_2.66_jpg_10.jpg,Multiply Dist.,MDIVL/MDIVL/MD_IVLreference/OCEreferenceMD/metro.png,16.0144
metro_blur_3.33_jpg_50.jpg,/kaggle/working/MDFS/data/MDIVL/extracted/MDIVL/MDIVL/Data_Blur_JPEG/metro_blur_3.33_jpg_50.jpg,Multiply Dist.,MDIVL/MDIVL/MD_IVLreference/OCEreferenceMD/metro.png,25.918
metro_blur_3.33_jpg_20.jpg,/kaggle/working/MDFS/data/MDIVL/extracted/MDIVL/MDIVL/Data_Blur_JPEG/metro_blur_3.33_jpg_20.jpg,Multiply Dist.,MDIVL/MDIVL/MD_IVLreference/OCEreferenceMD/metro.png,18.9431
metro_blur_4_jpg_100.jpg,/kaggle/working/MDFS/data/MDIVL/extracted/MDIVL/MDIVL/Data_Blur_JPEG/metro_blur_4_jpg_100.jpg,Multiply Dist.,MDIVL/MDIVL/MD_IVLreference/OCEreferenceMD/metro.png,27.9643
metro_blur_4_jpg_30.jpg,/kaggle/working/MDFS/data/MDIVL/extracted/MDIVL/MDIVL/Data_Blur_JPEG/metro_blur_4_jpg_30.jpg,Multiply Dist.,MDIVL/MDIVL/MD_IVLreference/OCEreferenceMD/metro.png,22.9729
metro_blur_4_jpg_10.jpg,/kaggle/working/MDFS/data/MDIVL/extracted/MDIVL/MDIVL/Data_Blur_JPEG/metro_blur_4_jpg_10.jpg,Multiply Dist.,MDIVL/MDIVL/MD_IVLreference/OCEreferenceMD/metro.png,10.6571
mountain_blur_0.001_jpg_50.jpg,/kaggle/working/MDFS/data/MDIVL/extracted/MDIVL/MDIVL/Data_Blur_JPEG/mountain_blur_0.001_jpg_50.jpg,Multiply Dist.,MDIVL/MDIVL/MD_IVLreference/OCEreferenceMD/mountain.png,89.7108
mountain_blur_0.001_jpg_20.jpg,/kaggle/working/MDFS/data/MDIVL/extracted/MDIVL/MDIVL/Data_Blur_JPEG/mountain_blur_0.001_jpg_20.jpg,Multiply Dist.,MDIVL/MDIVL/MD_IVLreference/OCEreferenceMD/mountain.png,46.4658
mountain_blur_0.66_jpg_100.jpg,/kaggle/working/MDFS/data/MDIVL/extracted/MDIVL/MDIVL/Data_Blur_JPEG/mountain_blur_0.66_jpg_100.jpg,Multiply Dist.,MDIVL/MDIVL/MD_IVLreference/OCEreferenceMD/mountain.png,87.3094
mountain_blur_0.66_jpg_30.jpg,/kaggle/working/MDFS/data/MDIVL/extracted/MDIVL/MDIVL/Data_Blur_JPEG/mountain_blur_0.66_jpg_30.jpg,Multiply Dist.,MDIVL/MDIVL/MD_IVLreference/OCEreferenceMD/mountain.png,76.3188
mountain_blur_0.66_jpg_10.jpg,/kaggle/working/MDFS/data/MDIVL/extracted/MDIVL/MDIVL/Data_Blur_JPEG/mountain_blur_0.66_jpg_10.jpg,Multiply Dist.,MDIVL/MDIVL/MD_IVLreference/OCEreferenceMD/mountain.png,17.0872
mountain_blur_1.33_jpg_50.jpg,/kaggle/working/MDFS/data/MDIVL/extracted/MDIVL/MDIVL/Data_Blur_JPEG/mountain_blur_1.33_jpg_50.jpg,Multiply Dist.,MDIVL/MDIVL/MD_IVLreference/OCEreferenceMD/mountain.png,59.5908
mountain_blur_1.33_jpg_20.jpg,/kaggle/working/MDFS/data/MDIVL/extracted/MDIVL/MDIVL/Data_Blur_JPEG/mountain_blur_1.33_jpg_20.jpg,Multiply Dist.,MDIVL/MDIVL/MD_IVLreference/OCEreferenceMD/mountain.png,33.3898
mountain_blur_2_jpg_100.jpg,/kaggle/working/MDFS/data/MDIVL/extracted/MDIVL/MDIVL/Data_Blur_JPEG/mountain_blur_2_jpg_100.jpg,Multiply Dist.,MDIVL/MDIVL/MD_IVLreference/OCEreferenceMD/mountain.png,43.7539
mountain_blur_2_jpg_30.jpg,/kaggle/working/MDFS/data/MDIVL/extracted/MDIVL/MDIVL/Data_Blur_JPEG/mountain_blur_2_jpg_30.jpg,Multiply Dist.,MDIVL/MDIVL/MD_IVLreference/OCEreferenceMD/mountain.png,32.5248
mountain_blur_2_jpg_10.jpg,/kaggle/working/MDFS/data/MDIVL/extracted/MDIVL/MDIVL/Data_Blur_JPEG/mountain_blur_2_jpg_10.jpg,Multiply Dist.,MDIVL/MDIVL/MD_IVLreference/OCEreferenceMD/mountain.png,8.3261
mountain_blur_2.66_jpg_50.jpg,/kaggle/working/MDFS/data/MDIVL/extracted/MDIVL/MDIVL/Data_Blur_JPEG/mountain_blur_2.66_jpg_50.jpg,Multiply Dist.,MDIVL/MDIVL/MD_IVLreference/OCEreferenceMD/mountain.png,24.1465
mountain_blur_2.66_jpg_20.jpg,/kaggle/working/MDFS/data/MDIVL/extracted/MDIVL/MDIVL/Data_Blur_JPEG/mountain_blur_2.66_jpg_20.jpg,Multiply Dist.,MDIVL/MDIVL/MD_IVLreference/OCEreferenceMD/mountain.png,19.1217
mountain_blur_3.33_jpg_100.jpg,/kaggle/working/MDFS/data/MDIVL/extracted/MDIVL/MDIVL/Data_Blur_JPEG/mountain_blur_3.33_jpg_100.jpg,Multiply Dist.,MDIVL/MDIVL/MD_IVLreference/OCEreferenceMD/mountain.png,17.9889
mountain_blur_3.33_jpg_30.jpg,/kaggle/working/MDFS/data/MDIVL/extracted/MDIVL/MDIVL/Data_Blur_JPEG/mountain_blur_3.33_jpg_30.jpg,Multiply Dist.,MDIVL/MDIVL/MD_IVLreference/OCEreferenceMD/mountain.png,20.2648
mountain_blur_3.33_jpg_10.jpg,/kaggle/working/MDFS/data/MDIVL/extracted/MDIVL/MDIVL/Data_Blur_JPEG/mountain_blur_3.33_jpg_10.jpg,Multiply Dist.,MDIVL/MDIVL/MD_IVLreference/OCEreferenceMD/mountain.png,10.202
mountain_blur_4_jpg_50.jpg,/kaggle/working/MDFS/data/MDIVL/extracted/MDIVL/MDIVL/Data_Blur_JPEG/mountain_blur_4_jpg_50.jpg,Multiply Dist.,MDIVL/MDIVL/MD_IVLreference/OCEreferenceMD/mountain.png,14.3902
mountain_blur_4_jpg_20.jpg,/kaggle/working/MDFS/data/MDIVL/extracted/MDIVL/MDIVL/Data_Blur_JPEG/mountain_blur_4_jpg_20.jpg,Multiply Dist.,MDIVL/MDIVL/MD_IVLreference/OCEreferenceMD/mountain.png,14.2993
snow_blur_0.001_jpg_100.jpg,/kaggle/working/MDFS/data/MDIVL/extracted/MDIVL/MDIVL/Data_Blur_JPEG/snow_blur_0.001_jpg_100.jpg,Multiply Dist.,MDIVL/MDIVL/MD_IVLreference/OCEreferenceMD/snow.png,96.0861
snow_blur_0.001_jpg_30.jpg,/kaggle/working/MDFS/data/MDIVL/extracted/MDIVL/MDIVL/Data_Blur_JPEG/snow_blur_0.001_jpg_30.jpg,Multiply Dist.,MDIVL/MDIVL/MD_IVLreference/OCEreferenceMD/snow.png,79.7047
snow_blur_0.001_jpg_10.jpg,/kaggle/working/MDFS/data/MDIVL/extracted/MDIVL/MDIVL/Data_Blur_JPEG/snow_blur_0.001_jpg_10.jpg,Multiply Dist.,MDIVL/MDIVL/MD_IVLreference/OCEreferenceMD/snow.png,33.0176
snow_blur_0.66_jpg_50.jpg,/kaggle/working/MDFS/data/MDIVL/extracted/MDIVL/MDIVL/Data_Blur_JPEG/snow_blur_0.66_jpg_50.jpg,Multiply Dist.,MDIVL/MDIVL/MD_IVLreference/OCEreferenceMD/snow.png,81.9711
snow_blur_0.66_jpg_20.jpg,/kaggle/working/MDFS/data/MDIVL/extracted/MDIVL/MDIVL/Data_Blur_JPEG/snow_blur_0.66_jpg_20.jpg,Multiply Dist.,MDIVL/MDIVL/MD_IVLreference/OCEreferenceMD/snow.png,54.8917
snow_blur_1.33_jpg_100.jpg,/kaggle/working/MDFS/data/MDIVL/extracted/MDIVL/MDIVL/Data_Blur_JPEG/snow_blur_1.33_jpg_100.jpg,Multiply Dist.,MDIVL/MDIVL/MD_IVLreference/OCEreferenceMD/snow.png,60.9606
snow_blur_1.33_jpg_30.jpg,/kaggle/working/MDFS/data/MDIVL/extracted/MDIVL/MDIVL/Data_Blur_JPEG/snow_blur_1.33_jpg_30.jpg,Multiply Dist.,MDIVL/MDIVL/MD_IVLreference/OCEreferenceMD/snow.png,58.8186
snow_blur_1.33_jpg_10.jpg,/kaggle/working/MDFS/data/MDIVL/extracted/MDIVL/MDIVL/Data_Blur_JPEG/snow_blur_1.33_jpg_10.jpg,Multiply Dist.,MDIVL/MDIVL/MD_IVLreference/OCEreferenceMD/snow.png,28.2804
snow_blur_2_jpg_50.jpg,/kaggle/working/MDFS/data/MDIVL/extracted/MDIVL/MDIVL/Data_Blur_JPEG/snow_blur_2_jpg_50.jpg,Multiply Dist.,MDIVL/MDIVL/MD_IVLreference/OCEreferenceMD/snow.png,30.6011
snow_blur_2_jpg_20.jpg,/kaggle/working/MDFS/data/MDIVL/extracted/MDIVL/MDIVL/Data_Blur_JPEG/snow_blur_2_jpg_20.jpg,Multiply Dist.,MDIVL/MDIVL/MD_IVLreference/OCEreferenceMD/snow.png,40.306
snow_blur_2.66_jpg_100.jpg,/kaggle/working/MDFS/data/MDIVL/extracted/MDIVL/MDIVL/Data_Blur_JPEG/snow_blur_2.66_jpg_100.jpg,Multiply Dist.,MDIVL/MDIVL/MD_IVLreference/OCEreferenceMD/snow.png,31.6557
snow_blur_2.66_jpg_30.jpg,/kaggle/working/MDFS/data/MDIVL/extracted/MDIVL/MDIVL/Data_Blur_JPEG/snow_blur_2.66_jpg_30.jpg,Multiply Dist.,MDIVL/MDIVL/MD_IVLreference/OCEreferenceMD/snow.png,42.8162
snow_blur_2.66_jpg_10.jpg,/kaggle/working/MDFS/data/MDIVL/extracted/MDIVL/MDIVL/Data_Blur_JPEG/snow_blur_2.66_jpg_10.jpg,Multiply Dist.,MDIVL/MDIVL/MD_IVLreference/OCEreferenceMD/snow.png,16.6746
snow_blur_3.33_jpg_50.jpg,/kaggle/working/MDFS/data/MDIVL/extracted/MDIVL/MDIVL/Data_Blur_JPEG/snow_blur_3.33_jpg_50.jpg,Multiply Dist.,MDIVL/MDIVL/MD_IVLreference/OCEreferenceMD/snow.png,23.7397
snow_blur_3.33_jpg_20.jpg,/kaggle/working/MDFS/data/MDIVL/extracted/MDIVL/MDIVL/Data_Blur_JPEG/snow_blur_3.33_jpg_20.jpg,Multiply Dist.,MDIVL/MDIVL/MD_IVLreference/OCEreferenceMD/snow.png,19.912
snow_blur_4_jpg_100.jpg,/kaggle/working/MDFS/data/MDIVL/extracted/MDIVL/MDIVL/Data_Blur_JPEG/snow_blur_4_jpg_100.jpg,Multiply Dist.,MDIVL/MDIVL/MD_IVLreference/OCEreferenceMD/snow.png,17.2783
snow_blur_4_jpg_30.jpg,/kaggle/working/MDFS/data/MDIVL/extracted/MDIVL/MDIVL/Data_Blur_JPEG/snow_blur_4_jpg_30.jpg,Multiply Dist.,MDIVL/MDIVL/MD_IVLreference/OCEreferenceMD/snow.png,17.1172
snow_blur_4_jpg_10.jpg,/kaggle/working/MDFS/data/MDIVL/extracted/MDIVL/MDIVL/Data_Blur_JPEG/snow_blur_4_jpg_10.jpg,Multiply Dist.,MDIVL/MDIVL/MD_IVLreference/OCEreferenceMD/snow.png,7.2461
baby_noise_1_jpg_50.jpg,/kaggle/working/MDFS/data/MDIVL/extracted/MDIVL/MDIVL/Data_Noise_JPEG/baby_noise_1_jpg_50.jpg,Multiply Dist.,MDIVL/MDIVL/MD_IVLreference/OCEreferenceMD/baby.png,78.9218
baby_noise_1_jpg_10.jpg,/kaggle/working/MDFS/data/MDIVL/extracted/MDIVL/MDIVL/Data_Noise_JPEG/baby_noise_1_jpg_10.jpg,Multiply Dist.,MDIVL/MDIVL/MD_IVLreference/OCEreferenceMD/baby.png,8.7065
baby_noise_2_jpg_50.jpg,/kaggle/working/MDFS/data/MDIVL/extracted/MDIVL/MDIVL/Data_Noise_JPEG/baby_noise_2_jpg_50.jpg,Multiply Dist.,MDIVL/MDIVL/MD_IVLreference/OCEreferenceMD/baby.png,82.5519
baby_noise_2_jpg_10.jpg,/kaggle/working/MDFS/data/MDIVL/extracted/MDIVL/MDIVL/Data_Noise_JPEG/baby_noise_2_jpg_10.jpg,Multiply Dist.,MDIVL/MDIVL/MD_IVLreference/OCEreferenceMD/baby.png,8.0194
baby_noise_3_jpg_50.jpg,/kaggle/working/MDFS/data/MDIVL/extracted/MDIVL/MDIVL/Data_Noise_JPEG/baby_noise_3_jpg_50.jpg,Multiply Dist.,MDIVL/MDIVL/MD_IVLreference/OCEreferenceMD/baby.png,66.8644
baby_noise_3_jpg_10.jpg,/kaggle/working/MDFS/data/MDIVL/extracted/MDIVL/MDIVL/Data_Noise_JPEG/baby_noise_3_jpg_10.jpg,Multiply Dist.,MDIVL/MDIVL/MD_IVLreference/OCEreferenceMD/baby.png,5.9587
baby_noise_4_jpg_50.jpg,/kaggle/working/MDFS/data/MDIVL/extracted/MDIVL/MDIVL/Data_Noise_JPEG/baby_noise_4_jpg_50.jpg,Multiply Dist.,MDIVL/MDIVL/MD_IVLreference/OCEreferenceMD/baby.png,74.6128
baby_noise_4_jpg_10.jpg,/kaggle/working/MDFS/data/MDIVL/extracted/MDIVL/MDIVL/Data_Noise_JPEG/baby_noise_4_jpg_10.jpg,Multiply Dist.,MDIVL/MDIVL/MD_IVLreference/OCEreferenceMD/baby.png,21.35
baby_noise_5_jpg_50.jpg,/kaggle/working/MDFS/data/MDIVL/extracted/MDIVL/MDIVL/Data_Noise_JPEG/baby_noise_5_jpg_50.jpg,Multiply Dist.,MDIVL/MDIVL/MD_IVLreference/OCEreferenceMD/baby.png,57.0163
baby_noise_5_jpg_10.jpg,/kaggle/working/MDFS/data/MDIVL/extracted/MDIVL/MDIVL/Data_Noise_JPEG/baby_noise_5_jpg_10.jpg,Multiply Dist.,MDIVL/MDIVL/MD_IVLreference/OCEreferenceMD/baby.png,15.3864
baby_noise_6_jpg_50.jpg,/kaggle/working/MDFS/data/MDIVL/extracted/MDIVL/MDIVL/Data_Noise_JPEG/baby_noise_6_jpg_50.jpg,Multiply Dist.,MDIVL/MDIVL/MD_IVLreference/OCEreferenceMD/baby.png,47.0149
baby_noise_6_jpg_10.jpg,/kaggle/working/MDFS/data/MDIVL/extracted/MDIVL/MDIVL/Data_Noise_JPEG/baby_noise_6_jpg_10.jpg,Multiply Dist.,MDIVL/MDIVL/MD_IVLreference/OCEreferenceMD/baby.png,9.4128
baby_noise_8_jpg_50.jpg,/kaggle/working/MDFS/data/MDIVL/extracted/MDIVL/MDIVL/Data_Noise_JPEG/baby_noise_8_jpg_50.jpg,Multiply Dist.,MDIVL/MDIVL/MD_IVLreference/OCEreferenceMD/baby.png,35.6045
baby_noise_8_jpg_10.jpg,/kaggle/working/MDFS/data/MDIVL/extracted/MDIVL/MDIVL/Data_Noise_JPEG/baby_noise_8_jpg_10.jpg,Multiply Dist.,MDIVL/MDIVL/MD_IVLreference/OCEreferenceMD/baby.png,8.9813
baby_noise_10_jpg_50.jpg,/kaggle/working/MDFS/data/MDIVL/extracted/MDIVL/MDIVL/Data_Noise_JPEG/baby_noise_10_jpg_50.jpg,Multiply Dist.,MDIVL/MDIVL/MD_IVLreference/OCEreferenceMD/baby.png,27.4404
baby_noise_10_jpg_10.jpg,/kaggle/working/MDFS/data/MDIVL/extracted/MDIVL/MDIVL/Data_Noise_JPEG/baby_noise_10_jpg_10.jpg,Multiply Dist.,MDIVL/MDIVL/MD_IVLreference/OCEreferenceMD/baby.png,8.2909
baby_noise_12_jpg_50.jpg,/kaggle/working/MDFS/data/MDIVL/extracted/MDIVL/MDIVL/Data_Noise_JPEG/baby_noise_12_jpg_50.jpg,Multiply Dist.,MDIVL/MDIVL/MD_IVLreference/OCEreferenceMD/baby.png,20.7609
baby_noise_12_jpg_10.jpg,/kaggle/working/MDFS/data/MDIVL/extracted/MDIVL/MDIVL/Data_Noise_JPEG/baby_noise_12_jpg_10.jpg,Multiply Dist.,MDIVL/MDIVL/MD_IVLreference/OCEreferenceMD/baby.png,5.4013
baby_noise_14_jpg_50.jpg,/kaggle/working/MDFS/data/MDIVL/extracted/MDIVL/MDIVL/Data_Noise_JPEG/baby_noise_14_jpg_50.jpg,Multiply Dist.,MDIVL/MDIVL/MD_IVLreference/OCEreferenceMD/baby.png,18.6604
baby_noise_14_jpg_10.jpg,/kaggle/working/MDFS/data/MDIVL/extracted/MDIVL/MDIVL/Data_Noise_JPEG/baby_noise_14_jpg_10.jpg,Multiply Dist.,MDIVL/MDIVL/MD_IVLreference/OCEreferenceMD/baby.png,19.7783
bus_noise_1_jpg_50.jpg,/kaggle/working/MDFS/data/MDIVL/extracted/MDIVL/MDIVL/Data_Noise_JPEG/bus_noise_1_jpg_50.jpg,Multiply Dist.,MDIVL/MDIVL/MD_IVLreference/OCEreferenceMD/bus.png,83.1667
bus_noise_1_jpg_10.jpg,/kaggle/working/MDFS/data/MDIVL/extracted/MDIVL/MDIVL/Data_Noise_JPEG/bus_noise_1_jpg_10.jpg,Multiply Dist.,MDIVL/MDIVL/MD_IVLreference/OCEreferenceMD/bus.png,23.7787
bus_noise_2_jpg_50.jpg,/kaggle/working/MDFS/data/MDIVL/extracted/MDIVL/MDIVL/Data_Noise_JPEG/bus_noise_2_jpg_50.jpg,Multiply Dist.,MDIVL/MDIVL/MD_IVLreference/OCEreferenceMD/bus.png,72.9624
bus_noise_2_jpg_10.jpg,/kaggle/working/MDFS/data/MDIVL/extracted/MDIVL/MDIVL/Data_Noise_JPEG/bus_noise_2_jpg_10.jpg,Multiply Dist.,MDIVL/MDIVL/MD_IVLreference/OCEreferenceMD/bus.png,42.6856
bus_noise_3_jpg_50.jpg,/kaggle/working/MDFS/data/MDIVL/extracted/MDIVL/MDIVL/Data_Noise_JPEG/bus_noise_3_jpg_50.jpg,Multiply Dist.,MDIVL/MDIVL/MD_IVLreference/OCEreferenceMD/bus.png,73.4094
bus_noise_3_jpg_10.jpg,/kaggle/working/MDFS/data/MDIVL/extracted/MDIVL/MDIVL/Data_Noise_JPEG/bus_noise_3_jpg_10.jpg,Multiply Dist.,MDIVL/MDIVL/MD_IVLreference/OCEreferenceMD/bus.png,18.3322
bus_noise_4_jpg_50.jpg,/kaggle/working/MDFS/data/MDIVL/extracted/MDIVL/MDIVL/Data_Noise_JPEG/bus_noise_4_jpg_50.jpg,Multiply Dist.,MDIVL/MDIVL/MD_IVLreference/OCEreferenceMD/bus.png,72.0415
bus_noise_4_jpg_10.jpg,/kaggle/working/MDFS/data/MDIVL/extracted/MDIVL/MDIVL/Data_Noise_JPEG/bus_noise_4_jpg_10.jpg,Multiply Dist.,MDIVL/MDIVL/MD_IVLreference/OCEreferenceMD/bus.png,43.0497
bus_noise_5_jpg_50.jpg,/kaggle/working/MDFS/data/MDIVL/extracted/MDIVL/MDIVL/Data_Noise_JPEG/bus_noise_5_jpg_50.jpg,Multiply Dist.,MDIVL/MDIVL/MD_IVLreference/OCEreferenceMD/bus.png,67.214
bus_noise_5_jpg_10.jpg,/kaggle/working/MDFS/data/MDIVL/extracted/MDIVL/MDIVL/Data_Noise_JPEG/bus_noise_5_jpg_10.jpg,Multiply Dist.,MDIVL/MDIVL/MD_IVLreference/OCEreferenceMD/bus.png,21.7887
bus_noise_6_jpg_50.jpg,/kaggle/working/MDFS/data/MDIVL/extracted/MDIVL/MDIVL/Data_Noise_JPEG/bus_noise_6_jpg_50.jpg,Multiply Dist.,MDIVL/MDIVL/MD_IVLreference/OCEreferenceMD/bus.png,49.8779
bus_noise_6_jpg_10.jpg,/kaggle/working/MDFS/data/MDIVL/extracted/MDIVL/MDIVL/Data_Noise_JPEG/bus_noise_6_jpg_10.jpg,Multiply Dist.,MDIVL/MDIVL/MD_IVLreference/OCEreferenceMD/bus.png,21.2658
bus_noise_8_jpg_50.jpg,/kaggle/working/MDFS/data/MDIVL/extracted/MDIVL/MDIVL/Data_Noise_JPEG/bus_noise_8_jpg_50.jpg,Multiply Dist.,MDIVL/MDIVL/MD_IVLreference/OCEreferenceMD/bus.png,41.9226
bus_noise_8_jpg_10.jpg,/kaggle/working/MDFS/data/MDIVL/extracted/MDIVL/MDIVL/Data_Noise_JPEG/bus_noise_8_jpg_10.jpg,Multiply Dist.,MDIVL/MDIVL/MD_IVLreference/OCEreferenceMD/bus.png,21.786
bus_noise_10_jpg_50.jpg,/kaggle/working/MDFS/data/MDIVL/extracted/MDIVL/MDIVL/Data_Noise_JPEG/bus_noise_10_jpg_50.jpg,Multiply Dist.,MDIVL/MDIVL/MD_IVLreference/OCEreferenceMD/bus.png,35.9845
bus_noise_10_jpg_10.jpg,/kaggle/working/MDFS/data/MDIVL/extracted/MDIVL/MDIVL/Data_Noise_JPEG/bus_noise_10_jpg_10.jpg,Multiply Dist.,MDIVL/MDIVL/MD_IVLreference/OCEreferenceMD/bus.png,16.0053
bus_noise_12_jpg_50.jpg,/kaggle/working/MDFS/data/MDIVL/extracted/MDIVL/MDIVL/Data_Noise_JPEG/bus_noise_12_jpg_50.jpg,Multiply Dist.,MDIVL/MDIVL/MD_IVLreference/OCEreferenceMD/bus.png,31.7447
bus_noise_12_jpg_10.jpg,/kaggle/working/MDFS/data/MDIVL/extracted/MDIVL/MDIVL/Data_Noise_JPEG/bus_noise_12_jpg_10.jpg,Multiply Dist.,MDIVL/MDIVL/MD_IVLreference/OCEreferenceMD/bus.png,25.5965
bus_noise_14_jpg_50.jpg,/kaggle/working/MDFS/data/MDIVL/extracted/MDIVL/MDIVL/Data_Noise_JPEG/bus_noise_14_jpg_50.jpg,Multiply Dist.,MDIVL/MDIVL/MD_IVLreference/OCEreferenceMD/bus.png,27.6046
bus_noise_14_jpg_10.jpg,/kaggle/working/MDFS/data/MDIVL/extracted/MDIVL/MDIVL/Data_Noise_JPEG/bus_noise_14_jpg_10.jpg,Multiply Dist.,MDIVL/MDIVL/MD_IVLreference/OCEreferenceMD/bus.png,9.15
candies_noise_1_jpg_50.jpg,/kaggle/working/MDFS/data/MDIVL/extracted/MDIVL/MDIVL/Data_Noise_JPEG/candies_noise_1_jpg_50.jpg,Multiply Dist.,MDIVL/MDIVL/MD_IVLreference/OCEreferenceMD/candies.png,89.1221
candies_noise_1_jpg_10.jpg,/kaggle/working/MDFS/data/MDIVL/extracted/MDIVL/MDIVL/Data_Noise_JPEG/candies_noise_1_jpg_10.jpg,Multiply Dist.,MDIVL/MDIVL/MD_IVLreference/OCEreferenceMD/candies.png,56.5551
candies_noise_2_jpg_50.jpg,/kaggle/working/MDFS/data/MDIVL/extracted/MDIVL/MDIVL/Data_Noise_JPEG/candies_noise_2_jpg_50.jpg,Multiply Dist.,MDIVL/MDIVL/MD_IVLreference/OCEreferenceMD/candies.png,84.0729
candies_noise_2_jpg_10.jpg,/kaggle/working/MDFS/data/MDIVL/extracted/MDIVL/MDIVL/Data_Noise_JPEG/candies_noise_2_jpg_10.jpg,Multiply Dist.,MDIVL/MDIVL/MD_IVLreference/OCEreferenceMD/candies.png,39.9062
candies_noise_3_jpg_50.jpg,/kaggle/working/MDFS/data/MDIVL/extracted/MDIVL/MDIVL/Data_Noise_JPEG/candies_noise_3_jpg_50.jpg,Multiply Dist.,MDIVL/MDIVL/MD_IVLreference/OCEreferenceMD/candies.png,82.1172
candies_noise_3_jpg_10.jpg,/kaggle/working/MDFS/data/MDIVL/extracted/MDIVL/MDIVL/Data_Noise_JPEG/candies_noise_3_jpg_10.jpg,Multiply Dist.,MDIVL/MDIVL/MD_IVLreference/OCEreferenceMD/candies.png,41.6013
candies_noise_4_jpg_50.jpg,/kaggle/working/MDFS/data/MDIVL/extracted/MDIVL/MDIVL/Data_Noise_JPEG/candies_noise_4_jpg_50.jpg,Multiply Dist.,MDIVL/MDIVL/MD_IVLreference/OCEreferenceMD/candies.png,52.2376
candies_noise_4_jpg_10.jpg,/kaggle/working/MDFS/data/MDIVL/extracted/MDIVL/MDIVL/Data_Noise_JPEG/candies_noise_4_jpg_10.jpg,Multiply Dist.,MDIVL/MDIVL/MD_IVLreference/OCEreferenceMD/candies.png,29.1501
candies_noise_5_jpg_50.jpg,/kaggle/working/MDFS/data/MDIVL/extracted/MDIVL/MDIVL/Data_Noise_JPEG/candies_noise_5_jpg_50.jpg,Multiply Dist.,MDIVL/MDIVL/MD_IVLreference/OCEreferenceMD/candies.png,66.8633
candies_noise_5_jpg_10.jpg,/kaggle/working/MDFS/data/MDIVL/extracted/MDIVL/MDIVL/Data_Noise_JPEG/candies_noise_5_jpg_10.jpg,Multiply Dist.,MDIVL/MDIVL/MD_IVLreference/OCEreferenceMD/candies.png,31.3875
candies_noise_6_jpg_50.jpg,/kaggle/working/MDFS/data/MDIVL/extracted/MDIVL/MDIVL/Data_Noise_JPEG/candies_noise_6_jpg_50.jpg,Multiply Dist.,MDIVL/MDIVL/MD_IVLreference/OCEreferenceMD/candies.png,57.0429
candies_noise_6_jpg_10.jpg,/kaggle/working/MDFS/data/MDIVL/extracted/MDIVL/MDIVL/Data_Noise_JPEG/candies_noise_6_jpg_10.jpg,Multiply Dist.,MDIVL/MDIVL/MD_IVLreference/OCEreferenceMD/candies.png,40.197
candies_noise_8_jpg_50.jpg,/kaggle/working/MDFS/data/MDIVL/extracted/MDIVL/MDIVL/Data_Noise_JPEG/candies_noise_8_jpg_50.jpg,Multiply Dist.,MDIVL/MDIVL/MD_IVLreference/OCEreferenceMD/candies.png,49.3967
candies_noise_8_jpg_10.jpg,/kaggle/working/MDFS/data/MDIVL/extracted/MDIVL/MDIVL/Data_Noise_JPEG/candies_noise_8_jpg_10.jpg,Multiply Dist.,MDIVL/MDIVL/MD_IVLreference/OCEreferenceMD/candies.png,29.2392
candies_noise_10_jpg_50.jpg,/kaggle/working/MDFS/data/MDIVL/extracted/MDIVL/MDIVL/Data_Noise_JPEG/candies_noise_10_jpg_50.jpg,Multiply Dist.,MDIVL/MDIVL/MD_IVLreference/OCEreferenceMD/candies.png,49.3723
candies_noise_10_jpg_10.jpg,/kaggle/working/MDFS/data/MDIVL/extracted/MDIVL/MDIVL/Data_Noise_JPEG/candies_noise_10_jpg_10.jpg,Multiply Dist.,MDIVL/MDIVL/MD_IVLreference/OCEreferenceMD/candies.png,41.6195
candies_noise_12_jpg_50.jpg,/kaggle/working/MDFS/data/MDIVL/extracted/MDIVL/MDIVL/Data_Noise_JPEG/candies_noise_12_jpg_50.jpg,Multiply Dist.,MDIVL/MDIVL/MD_IVLreference/OCEreferenceMD/candies.png,35.5803
candies_noise_12_jpg_10.jpg,/kaggle/working/MDFS/data/MDIVL/extracted/MDIVL/MDIVL/Data_Noise_JPEG/candies_noise_12_jpg_10.jpg,Multiply Dist.,MDIVL/MDIVL/MD_IVLreference/OCEreferenceMD/candies.png,36.5594
candies_noise_14_jpg_50.jpg,/kaggle/working/MDFS/data/MDIVL/extracted/MDIVL/MDIVL/Data_Noise_JPEG/candies_noise_14_jpg_50.jpg,Multiply Dist.,MDIVL/MDIVL/MD_IVLreference/OCEreferenceMD/candies.png,31.9124
candies_noise_14_jpg_10.jpg,/kaggle/working/MDFS/data/MDIVL/extracted/MDIVL/MDIVL/Data_Noise_JPEG/candies_noise_14_jpg_10.jpg,Multiply Dist.,MDIVL/MDIVL/MD_IVLreference/OCEreferenceMD/candies.png,33.0672
chianti_noise_1_jpg_50.jpg,/kaggle/working/MDFS/data/MDIVL/extracted/MDIVL/MDIVL/Data_Noise_JPEG/chianti_noise_1_jpg_50.jpg,Multiply Dist.,MDIVL/MDIVL/MD_IVLreference/OCEreferenceMD/chianti.png,69.2225
chianti_noise_1_jpg_10.jpg,/kaggle/working/MDFS/data/MDIVL/extracted/MDIVL/MDIVL/Data_Noise_JPEG/chianti_noise_1_jpg_10.jpg,Multiply Dist.,MDIVL/MDIVL/MD_IVLreference/OCEreferenceMD/chianti.png,14.6002
chianti_noise_2_jpg_50.jpg,/kaggle/working/MDFS/data/MDIVL/extracted/MDIVL/MDIVL/Data_Noise_JPEG/chianti_noise_2_jpg_50.jpg,Multiply Dist.,MDIVL/MDIVL/MD_IVLreference/OCEreferenceMD/chianti.png,75.8955
chianti_noise_2_jpg_10.jpg,/kaggle/working/MDFS/data/MDIVL/extracted/MDIVL/MDIVL/Data_Noise_JPEG/chianti_noise_2_jpg_10.jpg,Multiply Dist.,MDIVL/MDIVL/MD_IVLreference/OCEreferenceMD/chianti.png,15.0052
chianti_noise_3_jpg_50.jpg,/kaggle/working/MDFS/data/MDIVL/extracted/MDIVL/MDIVL/Data_Noise_JPEG/chianti_noise_3_jpg_50.jpg,Multiply Dist.,MDIVL/MDIVL/MD_IVLreference/OCEreferenceMD/chianti.png,59.9987
chianti_noise_3_jpg_10.jpg,/kaggle/working/MDFS/data/MDIVL/extracted/MDIVL/MDIVL/Data_Noise_JPEG/chianti_noise_3_jpg_10.jpg,Multiply Dist.,MDIVL/MDIVL/MD_IVLreference/OCEreferenceMD/chianti.png,22.4938
chianti_noise_4_jpg_50.jpg,/kaggle/working/MDFS/data/MDIVL/extracted/MDIVL/MDIVL/Data_Noise_JPEG/chianti_noise_4_jpg_50.jpg,Multiply Dist.,MDIVL/MDIVL/MD_IVLreference/OCEreferenceMD/chianti.png,48.7317
chianti_noise_4_jpg_10.jpg,/kaggle/working/MDFS/data/MDIVL/extracted/MDIVL/MDIVL/Data_Noise_JPEG/chianti_noise_4_jpg_10.jpg,Multiply Dist.,MDIVL/MDIVL/MD_IVLreference/OCEreferenceMD/chianti.png,10.6845
chianti_noise_5_jpg_50.jpg,/kaggle/working/MDFS/data/MDIVL/extracted/MDIVL/MDIVL/Data_Noise_JPEG/chianti_noise_5_jpg_50.jpg,Multiply Dist.,MDIVL/MDIVL/MD_IVLreference/OCEreferenceMD/chianti.png,38.2502
chianti_noise_5_jpg_10.jpg,/kaggle/working/MDFS/data/MDIVL/extracted/MDIVL/MDIVL/Data_Noise_JPEG/chianti_noise_5_jpg_10.jpg,Multiply Dist.,MDIVL/MDIVL/MD_IVLreference/OCEreferenceMD/chianti.png,11.9914
chianti_noise_6_jpg_50.jpg,/kaggle/working/MDFS/data/MDIVL/extracted/MDIVL/MDIVL/Data_Noise_JPEG/chianti_noise_6_jpg_50.jpg,Multiply Dist.,MDIVL/MDIVL/MD_IVLreference/OCEreferenceMD/chianti.png,38.9325
chianti_noise_6_jpg_10.jpg,/kaggle/working/MDFS/data/MDIVL/extracted/MDIVL/MDIVL/Data_Noise_JPEG/chianti_noise_6_jpg_10.jpg,Multiply Dist.,MDIVL/MDIVL/MD_IVLreference/OCEreferenceMD/chianti.png,14.7689
chianti_noise_8_jpg_50.jpg,/kaggle/working/MDFS/data/MDIVL/extracted/MDIVL/MDIVL/Data_Noise_JPEG/chianti_noise_8_jpg_50.jpg,Multiply Dist.,MDIVL/MDIVL/MD_IVLreference/OCEreferenceMD/chianti.png,29.3765
chianti_noise_8_jpg_10.jpg,/kaggle/working/MDFS/data/MDIVL/extracted/MDIVL/MDIVL/Data_Noise_JPEG/chianti_noise_8_jpg_10.jpg,Multiply Dist.,MDIVL/MDIVL/MD_IVLreference/OCEreferenceMD/chianti.png,14.5842
chianti_noise_10_jpg_50.jpg,/kaggle/working/MDFS/data/MDIVL/extracted/MDIVL/MDIVL/Data_Noise_JPEG/chianti_noise_10_jpg_50.jpg,Multiply Dist.,MDIVL/MDIVL/MD_IVLreference/OCEreferenceMD/chianti.png,21.5783
chianti_noise_10_jpg_10.jpg,/kaggle/working/MDFS/data/MDIVL/extracted/MDIVL/MDIVL/Data_Noise_JPEG/chianti_noise_10_jpg_10.jpg,Multiply Dist.,MDIVL/MDIVL/MD_IVLreference/OCEreferenceMD/chianti.png,16.4284
chianti_noise_12_jpg_50.jpg,/kaggle/working/MDFS/data/MDIVL/extracted/MDIVL/MDIVL/Data_Noise_JPEG/chianti_noise_12_jpg_50.jpg,Multiply Dist.,MDIVL/MDIVL/MD_IVLreference/OCEreferenceMD/chianti.png,25.5205
chianti_noise_12_jpg_10.jpg,/kaggle/working/MDFS/data/MDIVL/extracted/MDIVL/MDIVL/Data_Noise_JPEG/chianti_noise_12_jpg_10.jpg,Multiply Dist.,MDIVL/MDIVL/MD_IVLreference/OCEreferenceMD/chianti.png,14.3751
chianti_noise_14_jpg_50.jpg,/kaggle/working/MDFS/data/MDIVL/extracted/MDIVL/MDIVL/Data_Noise_JPEG/chianti_noise_14_jpg_50.jpg,Multiply Dist.,MDIVL/MDIVL/MD_IVLreference/OCEreferenceMD/chianti.png,23.0679
chianti_noise_14_jpg_10.jpg,/kaggle/working/MDFS/data/MDIVL/extracted/MDIVL/MDIVL/Data_Noise_JPEG/chianti_noise_14_jpg_10.jpg,Multiply Dist.,MDIVL/MDIVL/MD_IVLreference/OCEreferenceMD/chianti.png,15.2456
dancers1_noise_1_jpg_50.jpg,/kaggle/working/MDFS/data/MDIVL/extracted/MDIVL/MDIVL/Data_Noise_JPEG/dancers1_noise_1_jpg_50.jpg,Multiply Dist.,MDIVL/MDIVL/MD_IVLreference/OCEreferenceMD/dancers1.png,74.4718
dancers1_noise_1_jpg_10.jpg,/kaggle/working/MDFS/data/MDIVL/extracted/MDIVL/MDIVL/Data_Noise_JPEG/dancers1_noise_1_jpg_10.jpg,Multiply Dist.,MDIVL/MDIVL/MD_IVLreference/OCEreferenceMD/dancers1.png,16.1862
dancers1_noise_2_jpg_50.jpg,/kaggle/working/MDFS/data/MDIVL/extracted/MDIVL/MDIVL/Data_Noise_JPEG/dancers1_noise_2_jpg_50.jpg,Multiply Dist.,MDIVL/MDIVL/MD_IVLreference/OCEreferenceMD/dancers1.png,74.3518
dancers1_noise_2_jpg_10.jpg,/kaggle/working/MDFS/data/MDIVL/extracted/MDIVL/MDIVL/Data_Noise_JPEG/dancers1_noise_2_jpg_10.jpg,Multiply Dist.,MDIVL/MDIVL/MD_IVLreference/OCEreferenceMD/dancers1.png,22.617
dancers1_noise_3_jpg_50.jpg,/kaggle/working/MDFS/data/MDIVL/extracted/MDIVL/MDIVL/Data_Noise_JPEG/dancers1_noise_3_jpg_50.jpg,Multiply Dist.,MDIVL/MDIVL/MD_IVLreference/OCEreferenceMD/dancers1.png,68.0847
dancers1_noise_3_jpg_10.jpg,/kaggle/working/MDFS/data/MDIVL/extracted/MDIVL/MDIVL/Data_Noise_JPEG/dancers1_noise_3_jpg_10.jpg,Multiply Dist.,MDIVL/MDIVL/MD_IVLreference/OCEreferenceMD/dancers1.png,17.4367
dancers1_noise_4_jpg_50.jpg,/kaggle/working/MDFS/data/MDIVL/extracted/MDIVL/MDIVL/Data_Noise_JPEG/dancers1_noise_4_jpg_50.jpg,Multiply Dist.,MDIVL/MDIVL/MD_IVLreference/OCEreferenceMD/dancers1.png,54.1325
dancers1_noise_4_jpg_10.jpg,/kaggle/working/MDFS/data/MDIVL/extracted/MDIVL/MDIVL/Data_Noise_JPEG/dancers1_noise_4_jpg_10.jpg,Multiply Dist.,MDIVL/MDIVL/MD_IVLreference/OCEreferenceMD/dancers1.png,19.1011
dancers1_noise_5_jpg_50.jpg,/kaggle/working/MDFS/data/MDIVL/extracted/MDIVL/MDIVL/Data_Noise_JPEG/dancers1_noise_5_jpg_50.jpg,Multiply Dist.,MDIVL/MDIVL/MD_IVLreference/OCEreferenceMD/dancers1.png,58.3595
dancers1_noise_5_jpg_10.jpg,/kaggle/working/MDFS/data/MDIVL/extracted/MDIVL/MDIVL/Data_Noise_JPEG/dancers1_noise_5_jpg_10.jpg,Multiply Dist.,MDIVL/MDIVL/MD_IVLreference/OCEreferenceMD/dancers1.png,15.9314
dancers1_noise_6_jpg_50.jpg,/kaggle/working/MDFS/data/MDIVL/extracted/MDIVL/MDIVL/Data_Noise_JPEG/dancers1_noise_6_jpg_50.jpg,Multiply Dist.,MDIVL/MDIVL/MD_IVLreference/OCEreferenceMD/dancers1.png,41.4065
dancers1_noise_6_jpg_10.jpg,/kaggle/working/MDFS/data/MDIVL/extracted/MDIVL/MDIVL/Data_Noise_JPEG/dancers1_noise_6_jpg_10.jpg,Multiply Dist.,MDIVL/MDIVL/MD_IVLreference/OCEreferenceMD/dancers1.png,21.905
dancers1_noise_8_jpg_50.jpg,/kaggle/working/MDFS/data/MDIVL/extracted/MDIVL/MDIVL/Data_Noise_JPEG/dancers1_noise_8_jpg_50.jpg,Multiply Dist.,MDIVL/MDIVL/MD_IVLreference/OCEreferenceMD/dancers1.png,34.6379
dancers1_noise_8_jpg_10.jpg,/kaggle/working/MDFS/data/MDIVL/extracted/MDIVL/MDIVL/Data_Noise_JPEG/dancers1_noise_8_jpg_10.jpg,Multiply Dist.,MDIVL/MDIVL/MD_IVLreference/OCEreferenceMD/dancers1.png,16.9056
dancers1_noise_10_jpg_50.jpg,/kaggle/working/MDFS/data/MDIVL/extracted/MDIVL/MDIVL/Data_Noise_JPEG/dancers1_noise_10_jpg_50.jpg,Multiply Dist.,MDIVL/MDIVL/MD_IVLreference/OCEreferenceMD/dancers1.png,33.7059
dancers1_noise_10_jpg_10.jpg,/kaggle/working/MDFS/data/MDIVL/extracted/MDIVL/MDIVL/Data_Noise_JPEG/dancers1_noise_10_jpg_10.jpg,Multiply Dist.,MDIVL/MDIVL/MD_IVLreference/OCEreferenceMD/dancers1.png,20.2863
dancers1_noise_12_jpg_50.jpg,/kaggle/working/MDFS/data/MDIVL/extracted/MDIVL/MDIVL/Data_Noise_JPEG/dancers1_noise_12_jpg_50.jpg,Multiply Dist.,MDIVL/MDIVL/MD_IVLreference/OCEreferenceMD/dancers1.png,23.2009
dancers1_noise_12_jpg_10.jpg,/kaggle/working/MDFS/data/MDIVL/extracted/MDIVL/MDIVL/Data_Noise_JPEG/dancers1_noise_12_jpg_10.jpg,Multiply Dist.,MDIVL/MDIVL/MD_IVLreference/OCEreferenceMD/dancers1.png,16.3527
dancers1_noise_14_jpg_50.jpg,/kaggle/working/MDFS/data/MDIVL/extracted/MDIVL/MDIVL/Data_Noise_JPEG/dancers1_noise_14_jpg_50.jpg,Multiply Dist.,MDIVL/MDIVL/MD_IVLreference/OCEreferenceMD/dancers1.png,24.2188
dancers1_noise_14_jpg_10.jpg,/kaggle/working/MDFS/data/MDIVL/extracted/MDIVL/MDIVL/Data_Noise_JPEG/dancers1_noise_14_jpg_10.jpg,Multiply Dist.,MDIVL/MDIVL/MD_IVLreference/OCEreferenceMD/dancers1.png,7.5904
home_noise_1_jpg_50.jpg,/kaggle/working/MDFS/data/MDIVL/extracted/MDIVL/MDIVL/Data_Noise_JPEG/home_noise_1_jpg_50.jpg,Multiply Dist.,MDIVL/MDIVL/MD_IVLreference/OCEreferenceMD/home.png,81.5705
home_noise_1_jpg_10.jpg,/kaggle/working/MDFS/data/MDIVL/extracted/MDIVL/MDIVL/Data_Noise_JPEG/home_noise_1_jpg_10.jpg,Multiply Dist.,MDIVL/MDIVL/MD_IVLreference/OCEreferenceMD/home.png,13.5195
home_noise_2_jpg_50.jpg,/kaggle/working/MDFS/data/MDIVL/extracted/MDIVL/MDIVL/Data_Noise_JPEG/home_noise_2_jpg_50.jpg,Multiply Dist.,MDIVL/MDIVL/MD_IVLreference/OCEreferenceMD/home.png,80.6447
home_noise_2_jpg_10.jpg,/kaggle/working/MDFS/data/MDIVL/extracted/MDIVL/MDIVL/Data_Noise_JPEG/home_noise_2_jpg_10.jpg,Multiply Dist.,MDIVL/MDIVL/MD_IVLreference/OCEreferenceMD/home.png,21.145
home_noise_3_jpg_50.jpg,/kaggle/working/MDFS/data/MDIVL/extracted/MDIVL/MDIVL/Data_Noise_JPEG/home_noise_3_jpg_50.jpg,Multiply Dist.,MDIVL/MDIVL/MD_IVLreference/OCEreferenceMD/home.png,79.1332
home_noise_3_jpg_10.jpg,/kaggle/working/MDFS/data/MDIVL/extracted/MDIVL/MDIVL/Data_Noise_JPEG/home_noise_3_jpg_10.jpg,Multiply Dist.,MDIVL/MDIVL/MD_IVLreference/OCEreferenceMD/home.png,20.2837
home_noise_4_jpg_50.jpg,/kaggle/working/MDFS/data/MDIVL/extracted/MDIVL/MDIVL/Data_Noise_JPEG/home_noise_4_jpg_50.jpg,Multiply Dist.,MDIVL/MDIVL/MD_IVLreference/OCEreferenceMD/home.png,58.9123
home_noise_4_jpg_10.jpg,/kaggle/working/MDFS/data/MDIVL/extracted/MDIVL/MDIVL/Data_Noise_JPEG/home_noise_4_jpg_10.jpg,Multiply Dist.,MDIVL/MDIVL/MD_IVLreference/OCEreferenceMD/home.png,19.5246
home_noise_5_jpg_50.jpg,/kaggle/working/MDFS/data/MDIVL/extracted/MDIVL/MDIVL/Data_Noise_JPEG/home_noise_5_jpg_50.jpg,Multiply Dist.,MDIVL/MDIVL/MD_IVLreference/OCEreferenceMD/home.png,53.0567
home_noise_5_jpg_10.jpg,/kaggle/working/MDFS/data/MDIVL/extracted/MDIVL/MDIVL/Data_Noise_JPEG/home_noise_5_jpg_10.jpg,Multiply Dist.,MDIVL/MDIVL/MD_IVLreference/OCEreferenceMD/home.png,12.8108
home_noise_6_jpg_50.jpg,/kaggle/working/MDFS/data/MDIVL/extracted/MDIVL/MDIVL/Data_Noise_JPEG/home_noise_6_jpg_50.jpg,Multiply Dist.,MDIVL/MDIVL/MD_IVLreference/OCEreferenceMD/home.png,39.2376
home_noise_6_jpg_10.jpg,/kaggle/working/MDFS/data/MDIVL/extracted/MDIVL/MDIVL/Data_Noise_JPEG/home_noise_6_jpg_10.jpg,Multiply Dist.,MDIVL/MDIVL/MD_IVLreference/OCEreferenceMD/home.png,16.5367
home_noise_8_jpg_50.jpg,/kaggle/working/MDFS/data/MDIVL/extracted/MDIVL/MDIVL/Data_Noise_JPEG/home_noise_8_jpg_50.jpg,Multiply Dist.,MDIVL/MDIVL/MD_IVLreference/OCEreferenceMD/home.png,38.5762
home_noise_8_jpg_10.jpg,/kaggle/working/MDFS/data/MDIVL/extracted/MDIVL/MDIVL/Data_Noise_JPEG/home_noise_8_jpg_10.jpg,Multiply Dist.,MDIVL/MDIVL/MD_IVLreference/OCEreferenceMD/home.png,16.7576
home_noise_10_jpg_50.jpg,/kaggle/working/MDFS/data/MDIVL/extracted/MDIVL/MDIVL/Data_Noise_JPEG/home_noise_10_jpg_50.jpg,Multiply Dist.,MDIVL/MDIVL/MD_IVLreference/OCEreferenceMD/home.png,25.0309
home_noise_10_jpg_10.jpg,/kaggle/working/MDFS/data/MDIVL/extracted/MDIVL/MDIVL/Data_Noise_JPEG/home_noise_10_jpg_10.jpg,Multiply Dist.,MDIVL/MDIVL/MD_IVLreference/OCEreferenceMD/home.png,20.8681
home_noise_12_jpg_50.jpg,/kaggle/working/MDFS/data/MDIVL/extracted/MDIVL/MDIVL/Data_Noise_JPEG/home_noise_12_jpg_50.jpg,Multiply Dist.,MDIVL/MDIVL/MD_IVLreference/OCEreferenceMD/home.png,20.6473
home_noise_12_jpg_10.jpg,/kaggle/working/MDFS/data/MDIVL/extracted/MDIVL/MDIVL/Data_Noise_JPEG/home_noise_12_jpg_10.jpg,Multiply Dist.,MDIVL/MDIVL/MD_IVLreference/OCEreferenceMD/home.png,16.0584
home_noise_14_jpg_50.jpg,/kaggle/working/MDFS/data/MDIVL/extracted/MDIVL/MDIVL/Data_Noise_JPEG/home_noise_14_jpg_50.jpg,Multiply Dist.,MDIVL/MDIVL/MD_IVLreference/OCEreferenceMD/home.png,17.7142
home_noise_14_jpg_10.jpg,/kaggle/working/MDFS/data/MDIVL/extracted/MDIVL/MDIVL/Data_Noise_JPEG/home_noise_14_jpg_10.jpg,Multiply Dist.,MDIVL/MDIVL/MD_IVLreference/OCEreferenceMD/home.png,10.8862
manikin_noise_1_jpg_50.jpg,/kaggle/working/MDFS/data/MDIVL/extracted/MDIVL/MDIVL/Data_Noise_JPEG/manikin_noise_1_jpg_50.jpg,Multiply Dist.,MDIVL/MDIVL/MD_IVLreference/OCEreferenceMD/manikin.png,79.5541
manikin_noise_1_jpg_10.jpg,/kaggle/working/MDFS/data/MDIVL/extracted/MDIVL/MDIVL/Data_Noise_JPEG/manikin_noise_1_jpg_10.jpg,Multiply Dist.,MDIVL/MDIVL/MD_IVLreference/OCEreferenceMD/manikin.png,16.9112
manikin_noise_2_jpg_50.jpg,/kaggle/working/MDFS/data/MDIVL/extracted/MDIVL/MDIVL/Data_Noise_JPEG/manikin_noise_2_jpg_50.jpg,Multiply Dist.,MDIVL/MDIVL/MD_IVLreference/OCEreferenceMD/manikin.png,69.1026
manikin_noise_2_jpg_10.jpg,/kaggle/working/MDFS/data/MDIVL/extracted/MDIVL/MDIVL/Data_Noise_JPEG/manikin_noise_2_jpg_10.jpg,Multiply Dist.,MDIVL/MDIVL/MD_IVLreference/OCEreferenceMD/manikin.png,18.3248
manikin_noise_3_jpg_50.jpg,/kaggle/working/MDFS/data/MDIVL/extracted/MDIVL/MDIVL/Data_Noise_JPEG/manikin_noise_3_jpg_50.jpg,Multiply Dist.,MDIVL/MDIVL/MD_IVLreference/OCEreferenceMD/manikin.png,59.3308
manikin_noise_3_jpg_10.jpg,/kaggle/working/MDFS/data/MDIVL/extracted/MDIVL/MDIVL/Data_Noise_JPEG/manikin_noise_3_jpg_10.jpg,Multiply Dist.,MDIVL/MDIVL/MD_IVLreference/OCEreferenceMD/manikin.png,14.5427
manikin_noise_4_jpg_50.jpg,/kaggle/working/MDFS/data/MDIVL/extracted/MDIVL/MDIVL/Data_Noise_JPEG/manikin_noise_4_jpg_50.jpg,Multiply Dist.,MDIVL/MDIVL/MD_IVLreference/OCEreferenceMD/manikin.png,53.6275
manikin_noise_4_jpg_10.jpg,/kaggle/working/MDFS/data/MDIVL/extracted/MDIVL/MDIVL/Data_Noise_JPEG/manikin_noise_4_jpg_10.jpg,Multiply Dist.,MDIVL/MDIVL/MD_IVLreference/OCEreferenceMD/manikin.png,11.5379
manikin_noise_5_jpg_50.jpg,/kaggle/working/MDFS/data/MDIVL/extracted/MDIVL/MDIVL/Data_Noise_JPEG/manikin_noise_5_jpg_50.jpg,Multiply Dist.,MDIVL/MDIVL/MD_IVLreference/OCEreferenceMD/manikin.png,46.884
manikin_noise_5_jpg_10.jpg,/kaggle/working/MDFS/data/MDIVL/extracted/MDIVL/MDIVL/Data_Noise_JPEG/manikin_noise_5_jpg_10.jpg,Multiply Dist.,MDIVL/MDIVL/MD_IVLreference/OCEreferenceMD/manikin.png,12.3085
manikin_noise_6_jpg_50.jpg,/kaggle/working/MDFS/data/MDIVL/extracted/MDIVL/MDIVL/Data_Noise_JPEG/manikin_noise_6_jpg_50.jpg,Multiply Dist.,MDIVL/MDIVL/MD_IVLreference/OCEreferenceMD/manikin.png,39.5233
manikin_noise_6_jpg_10.jpg,/kaggle/working/MDFS/data/MDIVL/extracted/MDIVL/MDIVL/Data_Noise_JPEG/manikin_noise_6_jpg_10.jpg,Multiply Dist.,MDIVL/MDIVL/MD_IVLreference/OCEreferenceMD/manikin.png,16.1937
manikin_noise_8_jpg_50.jpg,/kaggle/working/MDFS/data/MDIVL/extracted/MDIVL/MDIVL/Data_Noise_JPEG/manikin_noise_8_jpg_50.jpg,Multiply Dist.,MDIVL/MDIVL/MD_IVLreference/OCEreferenceMD/manikin.png,29.0687
manikin_noise_8_jpg_10.jpg,/kaggle/working/MDFS/data/MDIVL/extracted/MDIVL/MDIVL/Data_Noise_JPEG/manikin_noise_8_jpg_10.jpg,Multiply Dist.,MDIVL/MDIVL/MD_IVLreference/OCEreferenceMD/manikin.png,14.5779
manikin_noise_10_jpg_50.jpg,/kaggle/working/MDFS/data/MDIVL/extracted/MDIVL/MDIVL/Data_Noise_JPEG/manikin_noise_10_jpg_50.jpg,Multiply Dist.,MDIVL/MDIVL/MD_IVLreference/OCEreferenceMD/manikin.png,31.3318
manikin_noise_10_jpg_10.jpg,/kaggle/working/MDFS/data/MDIVL/extracted/MDIVL/MDIVL/Data_Noise_JPEG/manikin_noise_10_jpg_10.jpg,Multiply Dist.,MDIVL/MDIVL/MD_IVLreference/OCEreferenceMD/manikin.png,10.5859
manikin_noise_12_jpg_50.jpg,/kaggle/working/MDFS/data/MDIVL/extracted/MDIVL/MDIVL/Data_Noise_JPEG/manikin_noise_12_jpg_50.jpg,Multiply Dist.,MDIVL/MDIVL/MD_IVLreference/OCEreferenceMD/manikin.png,27.953
manikin_noise_12_jpg_10.jpg,/kaggle/working/MDFS/data/MDIVL/extracted/MDIVL/MDIVL/Data_Noise_JPEG/manikin_noise_12_jpg_10.jpg,Multiply Dist.,MDIVL/MDIVL/MD_IVLreference/OCEreferenceMD/manikin.png,12.3324
manikin_noise_14_jpg_50.jpg,/kaggle/working/MDFS/data/MDIVL/extracted/MDIVL/MDIVL/Data_Noise_JPEG/manikin_noise_14_jpg_50.jpg,Multiply Dist.,MDIVL/MDIVL/MD_IVLreference/OCEreferenceMD/manikin.png,17.4697
manikin_noise_14_jpg_10.jpg,/kaggle/working/MDFS/data/MDIVL/extracted/MDIVL/MDIVL/Data_Noise_JPEG/manikin_noise_14_jpg_10.jpg,Multiply Dist.,MDIVL/MDIVL/MD_IVLreference/OCEreferenceMD/manikin.png,11.4447
metro_noise_1_jpg_50.jpg,/kaggle/working/MDFS/data/MDIVL/extracted/MDIVL/MDIVL/Data_Noise_JPEG/metro_noise_1_jpg_50.jpg,Multiply Dist.,MDIVL/MDIVL/MD_IVLreference/OCEreferenceMD/metro.png,85.2034
metro_noise_1_jpg_10.jpg,/kaggle/working/MDFS/data/MDIVL/extracted/MDIVL/MDIVL/Data_Noise_JPEG/metro_noise_1_jpg_10.jpg,Multiply Dist.,MDIVL/MDIVL/MD_IVLreference/OCEreferenceMD/metro.png,23.3902
metro_noise_2_jpg_50.jpg,/kaggle/working/MDFS/data/MDIVL/extracted/MDIVL/MDIVL/Data_Noise_JPEG/metro_noise_2_jpg_50.jpg,Multiply Dist.,MDIVL/MDIVL/MD_IVLreference/OCEreferenceMD/metro.png,69.0786
metro_noise_2_jpg_10.jpg,/kaggle/working/MDFS/data/MDIVL/extracted/MDIVL/MDIVL/Data_Noise_JPEG/metro_noise_2_jpg_10.jpg,Multiply Dist.,MDIVL/MDIVL/MD_IVLreference/OCEreferenceMD/metro.png,15.6673
metro_noise_3_jpg_50.jpg,/kaggle/working/MDFS/data/MDIVL/extracted/MDIVL/MDIVL/Data_Noise_JPEG/metro_noise_3_jpg_50.jpg,Multiply Dist.,MDIVL/MDIVL/MD_IVLreference/OCEreferenceMD/metro.png,70.3192
metro_noise_3_jpg_10.jpg,/kaggle/working/MDFS/data/MDIVL/extracted/MDIVL/MDIVL/Data_Noise_JPEG/metro_noise_3_jpg_10.jpg,Multiply Dist.,MDIVL/MDIVL/MD_IVLreference/OCEreferenceMD/metro.png,12.6857
metro_noise_4_jpg_50.jpg,/kaggle/working/MDFS/data/MDIVL/extracted/MDIVL/MDIVL/Data_Noise_JPEG/metro_noise_4_jpg_50.jpg,Multiply Dist.,MDIVL/MDIVL/MD_IVLreference/OCEreferenceMD/metro.png,50.2769
metro_noise_4_jpg_10.jpg,/kaggle/working/MDFS/data/MDIVL/extracted/MDIVL/MDIVL/Data_Noise_JPEG/metro_noise_4_jpg_10.jpg,Multiply Dist.,MDIVL/MDIVL/MD_IVLreference/OCEreferenceMD/metro.png,18.4481
metro_noise_5_jpg_50.jpg,/kaggle/working/MDFS/data/MDIVL/extracted/MDIVL/MDIVL/Data_Noise_JPEG/metro_noise_5_jpg_50.jpg,Multiply Dist.,MDIVL/MDIVL/MD_IVLreference/OCEreferenceMD/metro.png,57.3382
metro_noise_5_jpg_10.jpg,/kaggle/working/MDFS/data/MDIVL/extracted/MDIVL/MDIVL/Data_Noise_JPEG/metro_noise_5_jpg_10.jpg,Multiply Dist.,MDIVL/MDIVL/MD_IVLreference/OCEreferenceMD/metro.png,14.9929
metro_noise_6_jpg_50.jpg,/kaggle/working/MDFS/data/MDIVL/extracted/MDIVL/MDIVL/Data_Noise_JPEG/metro_noise_6_jpg_50.jpg,Multiply Dist.,MDIVL/MDIVL/MD_IVLreference/OCEreferenceMD/metro.png,40.902
metro_noise_6_jpg_10.jpg,/kaggle/working/MDFS/data/MDIVL/extracted/MDIVL/MDIVL/Data_Noise_JPEG/metro_noise_6_jpg_10.jpg,Multiply Dist.,MDIVL/MDIVL/MD_IVLreference/OCEreferenceMD/metro.png,11.6633
metro_noise_8_jpg_50.jpg,/kaggle/working/MDFS/data/MDIVL/extracted/MDIVL/MDIVL/Data_Noise_JPEG/metro_noise_8_jpg_50.jpg,Multiply Dist.,MDIVL/MDIVL/MD_IVLreference/OCEreferenceMD/metro.png,26.1179
metro_noise_8_jpg_10.jpg,/kaggle/working/MDFS/data/MDIVL/extracted/MDIVL/MDIVL/Data_Noise_JPEG/metro_noise_8_jpg_10.jpg,Multiply Dist.,MDIVL/MDIVL/MD_IVLreference/OCEreferenceMD/metro.png,13.769
metro_noise_10_jpg_50.jpg,/kaggle/working/MDFS/data/MDIVL/extracted/MDIVL/MDIVL/Data_Noise_JPEG/metro_noise_10_jpg_50.jpg,Multiply Dist.,MDIVL/MDIVL/MD_IVLreference/OCEreferenceMD/metro.png,32.1706
metro_noise_10_jpg_10.jpg,/kaggle/working/MDFS/data/MDIVL/extracted/MDIVL/MDIVL/Data_Noise_JPEG/metro_noise_10_jpg_10.jpg,Multiply Dist.,MDIVL/MDIVL/MD_IVLreference/OCEreferenceMD/metro.png,18.7715
metro_noise_12_jpg_50.jpg,/kaggle/working/MDFS/data/MDIVL/extracted/MDIVL/MDIVL/Data_Noise_JPEG/metro_noise_12_jpg_50.jpg,Multiply Dist.,MDIVL/MDIVL/MD_IVLreference/OCEreferenceMD/metro.png,30.4355
metro_noise_12_jpg_10.jpg,/kaggle/working/MDFS/data/MDIVL/extracted/MDIVL/MDIVL/Data_Noise_JPEG/metro_noise_12_jpg_10.jpg,Multiply Dist.,MDIVL/MDIVL/MD_IVLreference/OCEreferenceMD/metro.png,16.592
metro_noise_14_jpg_50.jpg,/kaggle/working/MDFS/data/MDIVL/extracted/MDIVL/MDIVL/Data_Noise_JPEG/metro_noise_14_jpg_50.jpg,Multiply Dist.,MDIVL/MDIVL/MD_IVLreference/OCEreferenceMD/metro.png,17.5699
metro_noise_14_jpg_10.jpg,/kaggle/working/MDFS/data/MDIVL/extracted/MDIVL/MDIVL/Data_Noise_JPEG/metro_noise_14_jpg_10.jpg,Multiply Dist.,MDIVL/MDIVL/MD_IVLreference/OCEreferenceMD/metro.png,15.4826
mountain_noise_1_jpg_50.jpg,/kaggle/working/MDFS/data/MDIVL/extracted/MDIVL/MDIVL/Data_Noise_JPEG/mountain_noise_1_jpg_50.jpg,Multiply Dist.,MDIVL/MDIVL/MD_IVLreference/OCEreferenceMD/mountain.png,78.0113
mountain_noise_1_jpg_10.jpg,/kaggle/working/MDFS/data/MDIVL/extracted/MDIVL/MDIVL/Data_Noise_JPEG/mountain_noise_1_jpg_10.jpg,Multiply Dist.,MDIVL/MDIVL/MD_IVLreference/OCEreferenceMD/mountain.png,12.2319
mountain_noise_2_jpg_50.jpg,/kaggle/working/MDFS/data/MDIVL/extracted/MDIVL/MDIVL/Data_Noise_JPEG/mountain_noise_2_jpg_50.jpg,Multiply Dist.,MDIVL/MDIVL/MD_IVLreference/OCEreferenceMD/mountain.png,76.5568
mountain_noise_2_jpg_10.jpg,/kaggle/working/MDFS/data/MDIVL/extracted/MDIVL/MDIVL/Data_Noise_JPEG/mountain_noise_2_jpg_10.jpg,Multiply Dist.,MDIVL/MDIVL/MD_IVLreference/OCEreferenceMD/mountain.png,6.9992
mountain_noise_3_jpg_50.jpg,/kaggle/working/MDFS/data/MDIVL/extracted/MDIVL/MDIVL/Data_Noise_JPEG/mountain_noise_3_jpg_50.jpg,Multiply Dist.,MDIVL/MDIVL/MD_IVLreference/OCEreferenceMD/mountain.png,68.5132
mountain_noise_3_jpg_10.jpg,/kaggle/working/MDFS/data/MDIVL/extracted/MDIVL/MDIVL/Data_Noise_JPEG/mountain_noise_3_jpg_10.jpg,Multiply Dist.,MDIVL/MDIVL/MD_IVLreference/OCEreferenceMD/mountain.png,25.4389
mountain_noise_4_jpg_50.jpg,/kaggle/working/MDFS/data/MDIVL/extracted/MDIVL/MDIVL/Data_Noise_JPEG/mountain_noise_4_jpg_50.jpg,Multiply Dist.,MDIVL/MDIVL/MD_IVLreference/OCEreferenceMD/mountain.png,51.5317
mountain_noise_4_jpg_10.jpg,/kaggle/working/MDFS/data/MDIVL/extracted/MDIVL/MDIVL/Data_Noise_JPEG/mountain_noise_4_jpg_10.jpg,Multiply Dist.,MDIVL/MDIVL/MD_IVLreference/OCEreferenceMD/mountain.png,16.3342
mountain_noise_5_jpg_50.jpg,/kaggle/working/MDFS/data/MDIVL/extracted/MDIVL/MDIVL/Data_Noise_JPEG/mountain_noise_5_jpg_50.jpg,Multiply Dist.,MDIVL/MDIVL/MD_IVLreference/OCEreferenceMD/mountain.png,45.0935
mountain_noise_5_jpg_10.jpg,/kaggle/working/MDFS/data/MDIVL/extracted/MDIVL/MDIVL/Data_Noise_JPEG/mountain_noise_5_jpg_10.jpg,Multiply Dist.,MDIVL/MDIVL/MD_IVLreference/OCEreferenceMD/mountain.png,23.6219
mountain_noise_6_jpg_50.jpg,/kaggle/working/MDFS/data/MDIVL/extracted/MDIVL/MDIVL/Data_Noise_JPEG/mountain_noise_6_jpg_50.jpg,Multiply Dist.,MDIVL/MDIVL/MD_IVLreference/OCEreferenceMD/mountain.png,42.5074
mountain_noise_6_jpg_10.jpg,/kaggle/working/MDFS/data/MDIVL/extracted/MDIVL/MDIVL/Data_Noise_JPEG/mountain_noise_6_jpg_10.jpg,Multiply Dist.,MDIVL/MDIVL/MD_IVLreference/OCEreferenceMD/mountain.png,21.1958
mountain_noise_8_jpg_50.jpg,/kaggle/working/MDFS/data/MDIVL/extracted/MDIVL/MDIVL/Data_Noise_JPEG/mountain_noise_8_jpg_50.jpg,Multiply Dist.,MDIVL/MDIVL/MD_IVLreference/OCEreferenceMD/mountain.png,36.2886
mountain_noise_8_jpg_10.jpg,/kaggle/working/MDFS/data/MDIVL/extracted/MDIVL/MDIVL/Data_Noise_JPEG/mountain_noise_8_jpg_10.jpg,Multiply Dist.,MDIVL/MDIVL/MD_IVLreference/OCEreferenceMD/mountain.png,15.6966
mountain_noise_10_jpg_50.jpg,/kaggle/working/MDFS/data/MDIVL/extracted/MDIVL/MDIVL/Data_Noise_JPEG/mountain_noise_10_jpg_50.jpg,Multiply Dist.,MDIVL/MDIVL/MD_IVLreference/OCEreferenceMD/mountain.png,28.9457
mountain_noise_10_jpg_10.jpg,/kaggle/working/MDFS/data/MDIVL/extracted/MDIVL/MDIVL/Data_Noise_JPEG/mountain_noise_10_jpg_10.jpg,Multiply Dist.,MDIVL/MDIVL/MD_IVLreference/OCEreferenceMD/mountain.png,8.765
mountain_noise_12_jpg_50.jpg,/kaggle/working/MDFS/data/MDIVL/extracted/MDIVL/MDIVL/Data_Noise_JPEG/mountain_noise_12_jpg_50.jpg,Multiply Dist.,MDIVL/MDIVL/MD_IVLreference/OCEreferenceMD/mountain.png,26.502
mountain_noise_12_jpg_10.jpg,/kaggle/working/MDFS/data/MDIVL/extracted/MDIVL/MDIVL/Data_Noise_JPEG/mountain_noise_12_jpg_10.jpg,Multiply Dist.,MDIVL/MDIVL/MD_IVLreference/OCEreferenceMD/mountain.png,15.7024
mountain_noise_14_jpg_50.jpg,/kaggle/working/MDFS/data/MDIVL/extracted/MDIVL/MDIVL/Data_Noise_JPEG/mountain_noise_14_jpg_50.jpg,Multiply Dist.,MDIVL/MDIVL/MD_IVLreference/OCEreferenceMD/mountain.png,23.1372
mountain_noise_14_jpg_10.jpg,/kaggle/working/MDFS/data/MDIVL/extracted/MDIVL/MDIVL/Data_Noise_JPEG/mountain_noise_14_jpg_10.jpg,Multiply Dist.,MDIVL/MDIVL/MD_IVLreference/OCEreferenceMD/mountain.png,9.7082
snow_noise_1_jpg_50.jpg,/kaggle/working/MDFS/data/MDIVL/extracted/MDIVL/MDIVL/Data_Noise_JPEG/snow_noise_1_jpg_50.jpg,Multiply Dist.,MDIVL/MDIVL/MD_IVLreference/OCEreferenceMD/snow.png,78.7838
snow_noise_1_jpg_10.jpg,/kaggle/working/MDFS/data/MDIVL/extracted/MDIVL/MDIVL/Data_Noise_JPEG/snow_noise_1_jpg_10.jpg,Multiply Dist.,MDIVL/MDIVL/MD_IVLreference/OCEreferenceMD/snow.png,18.2198
snow_noise_2_jpg_50.jpg,/kaggle/working/MDFS/data/MDIVL/extracted/MDIVL/MDIVL/Data_Noise_JPEG/snow_noise_2_jpg_50.jpg,Multiply Dist.,MDIVL/MDIVL/MD_IVLreference/OCEreferenceMD/snow.png,81.2304
snow_noise_2_jpg_10.jpg,/kaggle/working/MDFS/data/MDIVL/extracted/MDIVL/MDIVL/Data_Noise_JPEG/snow_noise_2_jpg_10.jpg,Multiply Dist.,MDIVL/MDIVL/MD_IVLreference/OCEreferenceMD/snow.png,18.5008
snow_noise_3_jpg_50.jpg,/kaggle/working/MDFS/data/MDIVL/extracted/MDIVL/MDIVL/Data_Noise_JPEG/snow_noise_3_jpg_50.jpg,Multiply Dist.,MDIVL/MDIVL/MD_IVLreference/OCEreferenceMD/snow.png,64.3158
snow_noise_3_jpg_10.jpg,/kaggle/working/MDFS/data/MDIVL/extracted/MDIVL/MDIVL/Data_Noise_JPEG/snow_noise_3_jpg_10.jpg,Multiply Dist.,MDIVL/MDIVL/MD_IVLreference/OCEreferenceMD/snow.png,21.6237
snow_noise_4_jpg_50.jpg,/kaggle/working/MDFS/data/MDIVL/extracted/MDIVL/MDIVL/Data_Noise_JPEG/snow_noise_4_jpg_50.jpg,Multiply Dist.,MDIVL/MDIVL/MD_IVLreference/OCEreferenceMD/snow.png,59.6537
snow_noise_4_jpg_10.jpg,/kaggle/working/MDFS/data/MDIVL/extracted/MDIVL/MDIVL/Data_Noise_JPEG/snow_noise_4_jpg_10.jpg,Multiply Dist.,MDIVL/MDIVL/MD_IVLreference/OCEreferenceMD/snow.png,23.1576
snow_noise_5_jpg_50.jpg,/kaggle/working/MDFS/data/MDIVL/extracted/MDIVL/MDIVL/Data_Noise_JPEG/snow_noise_5_jpg_50.jpg,Multiply Dist.,MDIVL/MDIVL/MD_IVLreference/OCEreferenceMD/snow.png,51.4719
snow_noise_5_jpg_10.jpg,/kaggle/working/MDFS/data/MDIVL/extracted/MDIVL/MDIVL/Data_Noise_JPEG/snow_noise_5_jpg_10.jpg,Multiply Dist.,MDIVL/MDIVL/MD_IVLreference/OCEreferenceMD/snow.png,18.5849
snow_noise_6_jpg_50.jpg,/kaggle/working/MDFS/data/MDIVL/extracted/MDIVL/MDIVL/Data_Noise_JPEG/snow_noise_6_jpg_50.jpg,Multiply Dist.,MDIVL/MDIVL/MD_IVLreference/OCEreferenceMD/snow.png,42.6306
snow_noise_6_jpg_10.jpg,/kaggle/working/MDFS/data/MDIVL/extracted/MDIVL/MDIVL/Data_Noise_JPEG/snow_noise_6_jpg_10.jpg,Multiply Dist.,MDIVL/MDIVL/MD_IVLreference/OCEreferenceMD/snow.png,27.3696
snow_noise_8_jpg_50.jpg,/kaggle/working/MDFS/data/MDIVL/extracted/MDIVL/MDIVL/Data_Noise_JPEG/snow_noise_8_jpg_50.jpg,Multiply Dist.,MDIVL/MDIVL/MD_IVLreference/OCEreferenceMD/snow.png,42.8729
snow_noise_8_jpg_10.jpg,/kaggle/working/MDFS/data/MDIVL/extracted/MDIVL/MDIVL/Data_Noise_JPEG/snow_noise_8_jpg_10.jpg,Multiply Dist.,MDIVL/MDIVL/MD_IVLreference/OCEreferenceMD/snow.png,14.5749
snow_noise_10_jpg_50.jpg,/kaggle/working/MDFS/data/MDIVL/extracted/MDIVL/MDIVL/Data_Noise_JPEG/snow_noise_10_jpg_50.jpg,Multiply Dist.,MDIVL/MDIVL/MD_IVLreference/OCEreferenceMD/snow.png,29.5497
snow_noise_10_jpg_10.jpg,/kaggle/working/MDFS/data/MDIVL/extracted/MDIVL/MDIVL/Data_Noise_JPEG/snow_noise_10_jpg_10.jpg,Multiply Dist.,MDIVL/MDIVL/MD_IVLreference/OCEreferenceMD/snow.png,12.05
snow_noise_12_jpg_50.jpg,/kaggle/working/MDFS/data/MDIVL/extracted/MDIVL/MDIVL/Data_Noise_JPEG/snow_noise_12_jpg_50.jpg,Multiply Dist.,MDIVL/MDIVL/MD_IVLreference/OCEreferenceMD/snow.png,23.1596
snow_noise_12_jpg_10.jpg,/kaggle/working/MDFS/data/MDIVL/extracted/MDIVL/MDIVL/Data_Noise_JPEG/snow_noise_12_jpg_10.jpg,Multiply Dist.,MDIVL/MDIVL/MD_IVLreference/OCEreferenceMD/snow.png,14.2365
snow_noise_14_jpg_50.jpg,/kaggle/working/MDFS/data/MDIVL/extracted/MDIVL/MDIVL/Data_Noise_JPEG/snow_noise_14_jpg_50.jpg,Multiply Dist.,MDIVL/MDIVL/MD_IVLreference/OCEreferenceMD/snow.png,19.3714
snow_noise_14_jpg_10.jpg,/kaggle/working/MDFS/data/MDIVL/extracted/MDIVL/MDIVL/Data_Noise_JPEG/snow_noise_14_jpg_10.jpg,Multiply Dist.,MDIVL/MDIVL/MD_IVLreference/OCEreferenceMD/snow.png,6.2775
