filename,image_path,distortion_type,reference_path,mos,mdfs_raw_score,runtime_seconds,worker_gpu
baby_blur_0.001_jpg_100.jpg,/kaggle/working/MDFS/data/MDIVL/extracted/MDIVL/MDIVL/Data_Blur_JPEG/baby_blur_0.001_jpg_100.jpg,Multiply Dist.,MDIVL/MDIVL/MD_IVLreference/OCEreferenceMD/baby.png,96.8683,20.048677444458008,0.537474550999832,0
baby_blur_0.001_jpg_30.jpg,/kaggle/working/MDFS/data/MDIVL/extracted/MDIVL/MDIVL/Data_Blur_JPEG/baby_blur_0.001_jpg_30.jpg,Multiply Dist.,MDIVL/MDIVL/MD_IVLreference/OCEreferenceMD/baby.png,68.3884,25.69971466064453,0.1037857229985093,0
baby_blur_0.001_jpg_10.jpg,/kaggle/working/MDFS/data/MDIVL/extracted/MDIVL/MDIVL/Data_Blur_JPEG/baby_blur_0.001_jpg_10.jpg,Multiply Dist.,MDIVL/MDIVL/MD_IVLreference/OCEreferenceMD/baby.png,16.3002,32.642845153808594,0.09531540799980576,0
baby_blur_0.66_jpg_50.jpg,/kaggle/working/MDFS/data/MDIVL/extracted/MDIVL/MDIVL/Data_Blur_JPEG/baby_blur_0.66_jpg_50.jpg,Multiply Dist.,MDIVL/MDIVL/MD_IVLreference/OCEreferenceMD/baby.png,84.0241,23.694990158081055,0.08539088299949071,0
baby_blur_0.66_jpg_20.jpg,/kaggle/working/MDFS/data/MDIVL/extracted/MDIVL/MDIVL/Data_Blur_JPEG/baby_blur_0.66_jpg_20.jpg,Multiply Dist.,MDIVL/MDIVL/MD_IVLreference/OCEreferenceMD/baby.png,50.9056,28.889989852905273,0.0847590150005999,0
baby_blur_1.33_jpg_100.jpg,/kaggle/working/MDFS/data/MDIVL/extracted/MDIVL/MDIVL/Data_Blur_JPEG/baby_blur_1.33_jpg_100.jpg,Multiply Dist.,MDIVL/MDIVL/MD_IVLreference/OCEreferenceMD/baby.png,77.5018,24.227798461914062,0.08884616600153095,0
baby_blur_1.33_jpg_30.jpg,/kaggle/working/MDFS/data/MDIVL/extracted/MDIVL/MDIVL/Data_Blur_JPEG/baby_blur_1.33_jpg_30.jpg,Multiply Dist.,MDIVL/MDIVL/MD_IVLreference/OCEreferenceMD/baby.png,68.713,27.347265243530273,0.08535416900122073,0
baby_blur_1.33_jpg_10.jpg,/kaggle/working/MDFS/data/MDIVL/extracted/MDIVL/MDIVL/Data_Blur_JPEG/baby_blur_1.33_jpg_10.jpg,Multiply Dist.,MDIVL/MDIVL/MD_IVLreference/OCEreferenceMD/baby.png,16.9657,33.36626434326172,0.0843943069994566,0
baby_blur_2_jpg_50.jpg,/kaggle/working/MDFS/data/MDIVL/extracted/MDIVL/MDIVL/Data_Blur_JPEG/baby_blur_2_jpg_50.jpg,Multiply Dist.,MDIVL/MDIVL/MD_IVLreference/OCEreferenceMD/baby.png,66.136,25.90997886657715,0.0848075109988713,0
baby_blur_2_jpg_20.jpg,/kaggle/working/MDFS/data/MDIVL/extracted/MDIVL/MDIVL/Data_Blur_JPEG/baby_blur_2_jpg_20.jpg,Multiply Dist.,MDIVL/MDIVL/MD_IVLreference/OCEreferenceMD/baby.png,39.4276,30.39435386657715,0.08430866100025014,0
baby_blur_2.66_jpg_100.jpg,/kaggle/working/MDFS/data/MDIVL/extracted/MDIVL/MDIVL/Data_Blur_JPEG/baby_blur_2.66_jpg_100.jpg,Multiply Dist.,MDIVL/MDIVL/MD_IVLreference/OCEreferenceMD/baby.png,46.9969,33.04226303100586,0.08658649300014076,0
baby_blur_2.66_jpg_30.jpg,/kaggle/working/MDFS/data/MDIVL/extracted/MDIVL/MDIVL/Data_Blur_JPEG/baby_blur_2.66_jpg_30.jpg,Multiply Dist.,MDIVL/MDIVL/MD_IVLreference/OCEreferenceMD/baby.png,35.1571,28.869617462158203,0.08547549700051604,0
baby_blur_2.66_jpg_10.jpg,/kaggle/working/MDFS/data/MDIVL/extracted/MDIVL/MDIVL/Data_Blur_JPEG/baby_blur_2.66_jpg_10.jpg,Multiply Dist.,MDIVL/MDIVL/MD_IVLreference/OCEreferenceMD/baby.png,8.8482,34.38016128540039,0.08381161099896417,0
baby_blur_3.33_jpg_50.jpg,/kaggle/working/MDFS/data/MDIVL/extracted/MDIVL/MDIVL/Data_Blur_JPEG/baby_blur_3.33_jpg_50.jpg,Multiply Dist.,MDIVL/MDIVL/MD_IVLreference/OCEreferenceMD/baby.png,31.5803,27.61168670654297,0.0844205069988675,0
baby_blur_3.33_jpg_20.jpg,/kaggle/working/MDFS/data/MDIVL/extracted/MDIVL/MDIVL/Data_Blur_JPEG/baby_blur_3.33_jpg_20.jpg,Multiply Dist.,MDIVL/MDIVL/MD_IVLreference/OCEreferenceMD/baby.png,26.8548,31.055749893188477,0.0852873969997745,0
baby_blur_4_jpg_100.jpg,/kaggle/working/MDFS/data/MDIVL/extracted/MDIVL/MDIVL/Data_Blur_JPEG/baby_blur_4_jpg_100.jpg,Multiply Dist.,MDIVL/MDIVL/MD_IVLreference/OCEreferenceMD/baby.png,28.3057,36.76393127441406,0.08653799999956391,0
baby_blur_4_jpg_30.jpg,/kaggle/working/MDFS/data/MDIVL/extracted/MDIVL/MDIVL/Data_Blur_JPEG/baby_blur_4_jpg_30.jpg,Multiply Dist.,MDIVL/MDIVL/MD_IVLreference/OCEreferenceMD/baby.png,21.5057,30.23399543762207,0.08493185499901301,0
baby_blur_4_jpg_10.jpg,/kaggle/working/MDFS/data/MDIVL/extracted/MDIVL/MDIVL/Data_Blur_JPEG/baby_blur_4_jpg_10.jpg,Multiply Dist.,MDIVL/MDIVL/MD_IVLreference/OCEreferenceMD/baby.png,1.4105,35.52579116821289,0.08547122300115007,0
bus_blur_0.001_jpg_50.jpg,/kaggle/working/MDFS/data/MDIVL/extracted/MDIVL/MDIVL/Data_Blur_JPEG/bus_blur_0.001_jpg_50.jpg,Multiply Dist.,MDIVL/MDIVL/MD_IVLreference/OCEreferenceMD/bus.png,87.1131,20.02368927001953,0.08616060399981507,0
bus_blur_0.001_jpg_20.jpg,/kaggle/working/MDFS/data/MDIVL/extracted/MDIVL/MDIVL/Data_Blur_JPEG/bus_blur_0.001_jpg_20.jpg,Multiply Dist.,MDIVL/MDIVL/MD_IVLreference/OCEreferenceMD/bus.png,73.3856,22.04682731628418,0.08558504999928118,0
bus_blur_0.66_jpg_100.jpg,/kaggle/working/MDFS/data/MDIVL/extracted/MDIVL/MDIVL/Data_Blur_JPEG/bus_blur_0.66_jpg_100.jpg,Multiply Dist.,MDIVL/MDIVL/MD_IVLreference/OCEreferenceMD/bus.png,77.5686,19.73421859741211,0.08949406899955648,0
bus_blur_0.66_jpg_30.jpg,/kaggle/working/MDFS/data/MDIVL/extracted/MDIVL/MDIVL/Data_Blur_JPEG/bus_blur_0.66_jpg_30.jpg,Multiply Dist.,MDIVL/MDIVL/MD_IVLreference/OCEreferenceMD/bus.png,69.695,21.672069549560547,0.0856951690002461,0
bus_blur_0.66_jpg_10.jpg,/kaggle/working/MDFS/data/MDIVL/extracted/MDIVL/MDIVL/Data_Blur_JPEG/bus_blur_0.66_jpg_10.jpg,Multiply Dist.,MDIVL/MDIVL/MD_IVLreference/OCEreferenceMD/bus.png,25.9957,26.508132934570312,0.08575492700038012,0
bus_blur_1.33_jpg_50.jpg,/kaggle/working/MDFS/data/MDIVL/extracted/MDIVL/MDIVL/Data_Blur_JPEG/bus_blur_1.33_jpg_50.jpg,Multiply Dist.,MDIVL/MDIVL/MD_IVLreference/OCEreferenceMD/bus.png,53.0881,22.924636840820312,0.08507592900059535,0
bus_blur_1.33_jpg_20.jpg,/kaggle/working/MDFS/data/MDIVL/extracted/MDIVL/MDIVL/Data_Blur_JPEG/bus_blur_1.33_jpg_20.jpg,Multiply Dist.,MDIVL/MDIVL/MD_IVLreference/OCEreferenceMD/bus.png,46.7907,25.226768493652344,0.0844720259992755,0
bus_blur_2_jpg_100.jpg,/kaggle/working/MDFS/data/MDIVL/extracted/MDIVL/MDIVL/Data_Blur_JPEG/bus_blur_2_jpg_100.jpg,Multiply Dist.,MDIVL/MDIVL/MD_IVLreference/OCEreferenceMD/bus.png,45.3331,27.564115524291992,0.08812929500163591,0
bus_blur_2_jpg_30.jpg,/kaggle/working/MDFS/data/MDIVL/extracted/MDIVL/MDIVL/Data_Blur_JPEG/bus_blur_2_jpg_30.jpg,Multiply Dist.,MDIVL/MDIVL/MD_IVLreference/OCEreferenceMD/bus.png,29.8978,25.724557876586914,0.08551973899920995,0
bus_blur_2_jpg_10.jpg,/kaggle/working/MDFS/data/MDIVL/extracted/MDIVL/MDIVL/Data_Blur_JPEG/bus_blur_2_jpg_10.jpg,Multiply Dist.,MDIVL/MDIVL/MD_IVLreference/OCEreferenceMD/bus.png,14.3476,30.85244369506836,0.08488875500006543,0
bus_blur_2.66_jpg_50.jpg,/kaggle/working/MDFS/data/MDIVL/extracted/MDIVL/MDIVL/Data_Blur_JPEG/bus_blur_2.66_jpg_50.jpg,Multiply Dist.,MDIVL/MDIVL/MD_IVLreference/OCEreferenceMD/bus.png,33.3824,25.528013229370117,0.08525265999924159,0
bus_blur_2.66_jpg_20.jpg,/kaggle/working/MDFS/data/MDIVL/extracted/MDIVL/MDIVL/Data_Blur_JPEG/bus_blur_2.66_jpg_20.jpg,Multiply Dist.,MDIVL/MDIVL/MD_IVLreference/OCEreferenceMD/bus.png,21.9161,28.057659149169922,0.08607736299927637,0
bus_blur_3.33_jpg_100.jpg,/kaggle/working/MDFS/data/MDIVL/extracted/MDIVL/MDIVL/Data_Blur_JPEG/bus_blur_3.33_jpg_100.jpg,Multiply Dist.,MDIVL/MDIVL/MD_IVLreference/OCEreferenceMD/bus.png,16.9926,33.91425323486328,0.08815665899965097,0
bus_blur_3.33_jpg_30.jpg,/kaggle/working/MDFS/data/MDIVL/extracted/MDIVL/MDIVL/Data_Blur_JPEG/bus_blur_3.33_jpg_30.jpg,Multiply Dist.,MDIVL/MDIVL/MD_IVLreference/OCEreferenceMD/bus.png,20.7842,27.444862365722656,0.0855079660013871,0
bus_blur_3.33_jpg_10.jpg,/kaggle/working/MDFS/data/MDIVL/extracted/MDIVL/MDIVL/Data_Blur_JPEG/bus_blur_3.33_jpg_10.jpg,Multiply Dist.,MDIVL/MDIVL/MD_IVLreference/OCEreferenceMD/bus.png,6.5769,32.797080993652344,0.08419244600008824,0
bus_blur_4_jpg_50.jpg,/kaggle/working/MDFS/data/MDIVL/extracted/MDIVL/MDIVL/Data_Blur_JPEG/bus_blur_4_jpg_50.jpg,Multiply Dist.,MDIVL/MDIVL/MD_IVLreference/OCEreferenceMD/bus.png,14.1316,26.860246658325195,0.08635267600038787,0
bus_blur_4_jpg_20.jpg,/kaggle/working/MDFS/data/MDIVL/extracted/MDIVL/MDIVL/Data_Blur_JPEG/bus_blur_4_jpg_20.jpg,Multiply Dist.,MDIVL/MDIVL/MD_IVLreference/OCEreferenceMD/bus.png,14.2646,29.73392105102539,0.08514158400066663,0
candies_blur_0.001_jpg_100.jpg,/kaggle/working/MDFS/data/MDIVL/extracted/MDIVL/MDIVL/Data_Blur_JPEG/candies_blur_0.001_jpg_100.jpg,Multiply Dist.,MDIVL/MDIVL/MD_IVLreference/OCEreferenceMD/candies.png,94.9847,20.04281234741211,0.08962970900029177,0
candies_blur_0.001_jpg_30.jpg,/kaggle/working/MDFS/data/MDIVL/extracted/MDIVL/MDIVL/Data_Blur_JPEG/candies_blur_0.001_jpg_30.jpg,Multiply Dist.,MDIVL/MDIVL/MD_IVLreference/OCEreferenceMD/candies.png,87.6286,21.8999080657959,0.08613199499995972,0
candies_blur_0.001_jpg_10.jpg,/kaggle/working/MDFS/data/MDIVL/extracted/MDIVL/MDIVL/Data_Blur_JPEG/candies_blur_0.001_jpg_10.jpg,Multiply Dist.,MDIVL/MDIVL/MD_IVLreference/OCEreferenceMD/candies.png,55.1869,26.991209030151367,0.08594829300091078,0
candies_blur_0.66_jpg_50.jpg,/kaggle/working/MDFS/data/MDIVL/extracted/MDIVL/MDIVL/Data_Blur_JPEG/candies_blur_0.66_jpg_50.jpg,Multiply Dist.,MDIVL/MDIVL/MD_IVLreference/OCEreferenceMD/candies.png,82.0205,21.79245948791504,0.08640265299982275,0
candies_blur_0.66_jpg_20.jpg,/kaggle/working/MDFS/data/MDIVL/extracted/MDIVL/MDIVL/Data_Blur_JPEG/candies_blur_0.66_jpg_20.jpg,Multiply Dist.,MDIVL/MDIVL/MD_IVLreference/OCEreferenceMD/candies.png,67.546,24.41655921936035,0.08486858700052835,0
candies_blur_1.33_jpg_100.jpg,/kaggle/working/MDFS/data/MDIVL/extracted/MDIVL/MDIVL/Data_Blur_JPEG/candies_blur_1.33_jpg_100.jpg,Multiply Dist.,MDIVL/MDIVL/MD_IVLreference/OCEreferenceMD/candies.png,67.3601,25.73077964782715,0.088148638000348,0
candies_blur_1.33_jpg_30.jpg,/kaggle/working/MDFS/data/MDIVL/extracted/MDIVL/MDIVL/Data_Blur_JPEG/candies_blur_1.33_jpg_30.jpg,Multiply Dist.,MDIVL/MDIVL/MD_IVLreference/OCEreferenceMD/candies.png,55.4641,24.81011390686035,0.0864740310007619,0
candies_blur_1.33_jpg_10.jpg,/kaggle/working/MDFS/data/MDIVL/extracted/MDIVL/MDIVL/Data_Blur_JPEG/candies_blur_1.33_jpg_10.jpg,Multiply Dist.,MDIVL/MDIVL/MD_IVLreference/OCEreferenceMD/candies.png,36.1696,30.066518783569336,0.08592445000067528,0
candies_blur_2_jpg_50.jpg,/kaggle/working/MDFS/data/MDIVL/extracted/MDIVL/MDIVL/Data_Blur_JPEG/candies_blur_2_jpg_50.jpg,Multiply Dist.,MDIVL/MDIVL/MD_IVLreference/OCEreferenceMD/candies.png,35.9169,25.180814743041992,0.08518396799991024,0
candies_blur_2_jpg_20.jpg,/kaggle/working/MDFS/data/MDIVL/extracted/MDIVL/MDIVL/Data_Blur_JPEG/candies_blur_2_jpg_20.jpg,Multiply Dist.,MDIVL/MDIVL/MD_IVLreference/OCEreferenceMD/candies.png,30.7136,28.150009155273438,0.08644951099995524,0
candies_blur_2.66_jpg_100.jpg,/kaggle/working/MDFS/data/MDIVL/extracted/MDIVL/MDIVL/Data_Blur_JPEG/candies_blur_2.66_jpg_100.jpg,Multiply Dist.,MDIVL/MDIVL/MD_IVLreference/OCEreferenceMD/candies.png,26.2224,32.56367111206055,0.08787996300088707,0
candies_blur_2.66_jpg_30.jpg,/kaggle/working/MDFS/data/MDIVL/extracted/MDIVL/MDIVL/Data_Blur_JPEG/candies_blur_2.66_jpg_30.jpg,Multiply Dist.,MDIVL/MDIVL/MD_IVLreference/OCEreferenceMD/candies.png,23.2028,27.194334030151367,0.08668280599886202,0
candies_blur_2.66_jpg_10.jpg,/kaggle/working/MDFS/data/MDIVL/extracted/MDIVL/MDIVL/Data_Blur_JPEG/candies_blur_2.66_jpg_10.jpg,Multiply Dist.,MDIVL/MDIVL/MD_IVLreference/OCEreferenceMD/candies.png,18.0195,33.092105865478516,0.08507829900008801,0
candies_blur_3.33_jpg_50.jpg,/kaggle/working/MDFS/data/MDIVL/extracted/MDIVL/MDIVL/Data_Blur_JPEG/candies_blur_3.33_jpg_50.jpg,Multiply Dist.,MDIVL/MDIVL/MD_IVLreference/OCEreferenceMD/candies.png,18.8824,27.382266998291016,0.08682219199909014,0
candies_blur_3.33_jpg_20.jpg,/kaggle/working/MDFS/data/MDIVL/extracted/MDIVL/MDIVL/Data_Blur_JPEG/candies_blur_3.33_jpg_20.jpg,Multiply Dist.,MDIVL/MDIVL/MD_IVLreference/OCEreferenceMD/candies.png,17.2774,30.330562591552734,0.08605434100172715,0
candies_blur_4_jpg_100.jpg,/kaggle/working/MDFS/data/MDIVL/extracted/MDIVL/MDIVL/Data_Blur_JPEG/candies_blur_4_jpg_100.jpg,Multiply Dist.,MDIVL/MDIVL/MD_IVLreference/OCEreferenceMD/candies.png,20.1541,36.777462005615234,0.08768643500116013,0
candies_blur_4_jpg_30.jpg,/kaggle/working/MDFS/data/MDIVL/extracted/MDIVL/MDIVL/Data_Blur_JPEG/candies_blur_4_jpg_30.jpg,Multiply Dist.,MDIVL/MDIVL/MD_IVLreference/OCEreferenceMD/candies.png,20.9755,29.29517364501953,0.08527029599827074,0
candies_blur_4_jpg_10.jpg,/kaggle/working/MDFS/data/MDIVL/extracted/MDIVL/MDIVL/Data_Blur_JPEG/candies_blur_4_jpg_10.jpg,Multiply Dist.,MDIVL/MDIVL/MD_IVLreference/OCEreferenceMD/candies.png,2.5819,33.854896545410156,0.0854734680015099,0
chianti_blur_0.001_jpg_50.jpg,/kaggle/working/MDFS/data/MDIVL/extracted/MDIVL/MDIVL/Data_Blur_JPEG/chianti_blur_0.001_jpg_50.jpg,Multiply Dist.,MDIVL/MDIVL/MD_IVLreference/OCEreferenceMD/chianti.png,82.8294,20.56475067138672,0.08677932700084057,0
chianti_blur_0.001_jpg_20.jpg,/kaggle/working/MDFS/data/MDIVL/extracted/MDIVL/MDIVL/Data_Blur_JPEG/chianti_blur_0.001_jpg_20.jpg,Multiply Dist.,MDIVL/MDIVL/MD_IVLreference/OCEreferenceMD/chianti.png,41.2645,23.968103408813477,0.0860914730001241,0
chianti_blur_0.66_jpg_100.jpg,/kaggle/working/MDFS/data/MDIVL/extracted/MDIVL/MDIVL/Data_Blur_JPEG/chianti_blur_0.66_jpg_100.jpg,Multiply Dist.,MDIVL/MDIVL/MD_IVLreference/OCEreferenceMD/chianti.png,87.3786,20.192459106445312,0.08941818200037233,0
chianti_blur_0.66_jpg_30.jpg,/kaggle/working/MDFS/data/MDIVL/extracted/MDIVL/MDIVL/Data_Blur_JPEG/chianti_blur_0.66_jpg_30.jpg,Multiply Dist.,MDIVL/MDIVL/MD_IVLreference/OCEreferenceMD/chianti.png,57.2551,22.916318893432617,0.08628020200012543,0
chianti_blur_0.66_jpg_10.jpg,/kaggle/working/MDFS/data/MDIVL/extracted/MDIVL/MDIVL/Data_Blur_JPEG/chianti_blur_0.66_jpg_10.jpg,Multiply Dist.,MDIVL/MDIVL/MD_IVLreference/OCEreferenceMD/chianti.png,27.4122,28.851459503173828,0.08648848099983297,0
chianti_blur_1.33_jpg_50.jpg,/kaggle/working/MDFS/data/MDIVL/extracted/MDIVL/MDIVL/Data_Blur_JPEG/chianti_blur_1.33_jpg_50.jpg,Multiply Dist.,MDIVL/MDIVL/MD_IVLreference/OCEreferenceMD/chianti.png,44.1619,22.888845443725586,0.08655099099996733,0
chianti_blur_1.33_jpg_20.jpg,/kaggle/working/MDFS/data/MDIVL/extracted/MDIVL/MDIVL/Data_Blur_JPEG/chianti_blur_1.33_jpg_20.jpg,Multiply Dist.,MDIVL/MDIVL/MD_IVLreference/OCEreferenceMD/chianti.png,30.8894,26.283687591552734,0.0846929999988788,0
chianti_blur_2_jpg_100.jpg,/kaggle/working/MDFS/data/MDIVL/extracted/MDIVL/MDIVL/Data_Blur_JPEG/chianti_blur_2_jpg_100.jpg,Multiply Dist.,MDIVL/MDIVL/MD_IVLreference/OCEreferenceMD/chianti.png,40.5927,29.723957061767578,0.0877996709987201,0
chianti_blur_2_jpg_30.jpg,/kaggle/working/MDFS/data/MDIVL/extracted/MDIVL/MDIVL/Data_Blur_JPEG/chianti_blur_2_jpg_30.jpg,Multiply Dist.,MDIVL/MDIVL/MD_IVLreference/OCEreferenceMD/chianti.png,27.2309,25.35747718811035,0.0840556370003469,0
chianti_blur_2_jpg_10.jpg,/kaggle/working/MDFS/data/MDIVL/extracted/MDIVL/MDIVL/Data_Blur_JPEG/chianti_blur_2_jpg_10.jpg,Multiply Dist.,MDIVL/MDIVL/MD_IVLreference/OCEreferenceMD/chianti.png,10.4234,31.348421096801758,0.08479955300026631,0
chianti_blur_2.66_jpg_50.jpg,/kaggle/working/MDFS/data/MDIVL/extracted/MDIVL/MDIVL/Data_Blur_JPEG/chianti_blur_2.66_jpg_50.jpg,Multiply Dist.,MDIVL/MDIVL/MD_IVLreference/OCEreferenceMD/chianti.png,24.9661,24.85295295715332,0.08673598600034893,0
chianti_blur_2.66_jpg_20.jpg,/kaggle/working/MDFS/data/MDIVL/extracted/MDIVL/MDIVL/Data_Blur_JPEG/chianti_blur_2.66_jpg_20.jpg,Multiply Dist.,MDIVL/MDIVL/MD_IVLreference/OCEreferenceMD/chianti.png,17.1024,27.90613555908203,0.08508380000057514,0
chianti_blur_3.33_jpg_100.jpg,/kaggle/working/MDFS/data/MDIVL/extracted/MDIVL/MDIVL/Data_Blur_JPEG/chianti_blur_3.33_jpg_100.jpg,Multiply Dist.,MDIVL/MDIVL/MD_IVLreference/OCEreferenceMD/chianti.png,23.0501,35.114871978759766,0.08765420500094478,0
chianti_blur_3.33_jpg_30.jpg,/kaggle/working/MDFS/data/MDIVL/extracted/MDIVL/MDIVL/Data_Blur_JPEG/chianti_blur_3.33_jpg_30.jpg,Multiply Dist.,MDIVL/MDIVL/MD_IVLreference/OCEreferenceMD/chianti.png,17.3024,27.29656410217285,0.08526921199882054,0
chianti_blur_3.33_jpg_10.jpg,/kaggle/working/MDFS/data/MDIVL/extracted/MDIVL/MDIVL/Data_Blur_JPEG/chianti_blur_3.33_jpg_10.jpg,Multiply Dist.,MDIVL/MDIVL/MD_IVLreference/OCEreferenceMD/chianti.png,12.1145,32.11790466308594,0.08499250299973937,0
chianti_blur_4_jpg_50.jpg,/kaggle/working/MDFS/data/MDIVL/extracted/MDIVL/MDIVL/Data_Blur_JPEG/chianti_blur_4_jpg_50.jpg,Multiply Dist.,MDIVL/MDIVL/MD_IVLreference/OCEreferenceMD/chianti.png,13.3875,26.698551177978516,0.08538802399925771,0
chianti_blur_4_jpg_20.jpg,/kaggle/working/MDFS/data/MDIVL/extracted/MDIVL/MDIVL/Data_Blur_JPEG/chianti_blur_4_jpg_20.jpg,Multiply Dist.,MDIVL/MDIVL/MD_IVLreference/OCEreferenceMD/chianti.png,15.854,29.60696792602539,0.0864289370001643,0
dancers1_blur_0.001_jpg_100.jpg,/kaggle/working/MDFS/data/MDIVL/extracted/MDIVL/MDIVL/Data_Blur_JPEG/dancers1_blur_0.001_jpg_100.jpg,Multiply Dist.,MDIVL/MDIVL/MD_IVLreference/OCEreferenceMD/dancers1.png,90.8768,20.746376037597656,0.0898152019999543,0
dancers1_blur_0.001_jpg_30.jpg,/kaggle/working/MDFS/data/MDIVL/extracted/MDIVL/MDIVL/Data_Blur_JPEG/dancers1_blur_0.001_jpg_30.jpg,Multiply Dist.,MDIVL/MDIVL/MD_IVLreference/OCEreferenceMD/dancers1.png,68.81,23.05841827392578,0.08658724900124071,0
dancers1_blur_0.001_jpg_10.jpg,/kaggle/working/MDFS/data/MDIVL/extracted/MDIVL/MDIVL/Data_Blur_JPEG/dancers1_blur_0.001_jpg_10.jpg,Multiply Dist.,MDIVL/MDIVL/MD_IVLreference/OCEreferenceMD/dancers1.png,26.4824,28.811988830566406,0.08538118700016639,0
dancers1_blur_0.66_jpg_50.jpg,/kaggle/working/MDFS/data/MDIVL/extracted/MDIVL/MDIVL/Data_Blur_JPEG/dancers1_blur_0.66_jpg_50.jpg,Multiply Dist.,MDIVL/MDIVL/MD_IVLreference/OCEreferenceMD/dancers1.png,74.7707,22.555166244506836,0.08557158099938533,0
dancers1_blur_0.66_jpg_20.jpg,/kaggle/working/MDFS/data/MDIVL/extracted/MDIVL/MDIVL/Data_Blur_JPEG/dancers1_blur_0.66_jpg_20.jpg,Multiply Dist.,MDIVL/MDIVL/MD_IVLreference/OCEreferenceMD/dancers1.png,55.3994,25.500465393066406,0.08572039499995299,0
dancers1_blur_1.33_jpg_100.jpg,/kaggle/working/MDFS/data/MDIVL/extracted/MDIVL/MDIVL/Data_Blur_JPEG/dancers1_blur_1.33_jpg_100.jpg,Multiply Dist.,MDIVL/MDIVL/MD_IVLreference/OCEreferenceMD/dancers1.png,74.0363,26.471281051635742,0.0874675560007745,0
dancers1_blur_1.33_jpg_30.jpg,/kaggle/working/MDFS/data/MDIVL/extracted/MDIVL/MDIVL/Data_Blur_JPEG/dancers1_blur_1.33_jpg_30.jpg,Multiply Dist.,MDIVL/MDIVL/MD_IVLreference/OCEreferenceMD/dancers1.png,52.8786,25.67151641845703,0.08671065000089584,0
dancers1_blur_1.33_jpg_10.jpg,/kaggle/working/MDFS/data/MDIVL/extracted/MDIVL/MDIVL/Data_Blur_JPEG/dancers1_blur_1.33_jpg_10.jpg,Multiply Dist.,MDIVL/MDIVL/MD_IVLreference/OCEreferenceMD/dancers1.png,26.7455,31.003162384033203,0.08554582400029176,0
dancers1_blur_2_jpg_50.jpg,/kaggle/working/MDFS/data/MDIVL/extracted/MDIVL/MDIVL/Data_Blur_JPEG/dancers1_blur_2_jpg_50.jpg,Multiply Dist.,MDIVL/MDIVL/MD_IVLreference/OCEreferenceMD/dancers1.png,42.9157,25.29143714904785,0.08591853500001889,0
dancers1_blur_2_jpg_20.jpg,/kaggle/working/MDFS/data/MDIVL/extracted/MDIVL/MDIVL/Data_Blur_JPEG/dancers1_blur_2_jpg_20.jpg,Multiply Dist.,MDIVL/MDIVL/MD_IVLreference/OCEreferenceMD/dancers1.png,31.4651,28.45621109008789,0.0898740339998767,0
dancers1_blur_2.66_jpg_100.jpg,/kaggle/working/MDFS/data/MDIVL/extracted/MDIVL/MDIVL/Data_Blur_JPEG/dancers1_blur_2.66_jpg_100.jpg,Multiply Dist.,MDIVL/MDIVL/MD_IVLreference/OCEreferenceMD/dancers1.png,35.4686,33.34663391113281,0.08744193100028497,0
dancers1_blur_2.66_jpg_30.jpg,/kaggle/working/MDFS/data/MDIVL/extracted/MDIVL/MDIVL/Data_Blur_JPEG/dancers1_blur_2.66_jpg_30.jpg,Multiply Dist.,MDIVL/MDIVL/MD_IVLreference/OCEreferenceMD/dancers1.png,31.4928,27.764270782470703,0.08622196599935705,0
dancers1_blur_2.66_jpg_10.jpg,/kaggle/working/MDFS/data/MDIVL/extracted/MDIVL/MDIVL/Data_Blur_JPEG/dancers1_blur_2.66_jpg_10.jpg,Multiply Dist.,MDIVL/MDIVL/MD_IVLreference/OCEreferenceMD/dancers1.png,13.0196,33.181880950927734,0.09399948799909907,0
dancers1_blur_3.33_jpg_50.jpg,/kaggle/working/MDFS/data/MDIVL/extracted/MDIVL/MDIVL/Data_Blur_JPEG/dancers1_blur_3.33_jpg_50.jpg,Multiply Dist.,MDIVL/MDIVL/MD_IVLreference/OCEreferenceMD/dancers1.png,24.5276,26.886310577392578,0.0864219699997193,0
dancers1_blur_3.33_jpg_20.jpg,/kaggle/working/MDFS/data/MDIVL/extracted/MDIVL/MDIVL/Data_Blur_JPEG/dancers1_blur_3.33_jpg_20.jpg,Multiply Dist.,MDIVL/MDIVL/MD_IVLreference/OCEreferenceMD/dancers1.png,18.8895,30.11774253845215,0.08592299100018863,0
dancers1_blur_4_jpg_100.jpg,/kaggle/working/MDFS/data/MDIVL/extracted/MDIVL/MDIVL/Data_Blur_JPEG/dancers1_blur_4_jpg_100.jpg,Multiply Dist.,MDIVL/MDIVL/MD_IVLreference/OCEreferenceMD/dancers1.png,21.0695,36.36015319824219,0.08778607699969143,0
dancers1_blur_4_jpg_30.jpg,/kaggle/working/MDFS/data/MDIVL/extracted/MDIVL/MDIVL/Data_Blur_JPEG/dancers1_blur_4_jpg_30.jpg,Multiply Dist.,MDIVL/MDIVL/MD_IVLreference/OCEreferenceMD/dancers1.png,16.9015,28.99977684020996,0.0857729780000227,0
dancers1_blur_4_jpg_10.jpg,/kaggle/working/MDFS/data/MDIVL/extracted/MDIVL/MDIVL/Data_Blur_JPEG/dancers1_blur_4_jpg_10.jpg,Multiply Dist.,MDIVL/MDIVL/MD_IVLreference/OCEreferenceMD/dancers1.png,8.177,34.47248458862305,0.08558552099930239,0
home_blur_0.001_jpg_50.jpg,/kaggle/working/MDFS/data/MDIVL/extracted/MDIVL/MDIVL/Data_Blur_JPEG/home_blur_0.001_jpg_50.jpg,Multiply Dist.,MDIVL/MDIVL/MD_IVLreference/OCEreferenceMD/home.png,81.2112,20.451921463012695,0.08689100599985977,0
home_blur_0.001_jpg_20.jpg,/kaggle/working/MDFS/data/MDIVL/extracted/MDIVL/MDIVL/Data_Blur_JPEG/home_blur_0.001_jpg_20.jpg,Multiply Dist.,MDIVL/MDIVL/MD_IVLreference/OCEreferenceMD/home.png,47.8844,23.227598190307617,0.0859942740007682,0
home_blur_0.66_jpg_100.jpg,/kaggle/working/MDFS/data/MDIVL/extracted/MDIVL/MDIVL/Data_Blur_JPEG/home_blur_0.66_jpg_100.jpg,Multiply Dist.,MDIVL/MDIVL/MD_IVLreference/OCEreferenceMD/home.png,88.1255,20.314992904663086,0.08871146099954785,0
home_blur_0.66_jpg_30.jpg,/kaggle/working/MDFS/data/MDIVL/extracted/MDIVL/MDIVL/Data_Blur_JPEG/home_blur_0.66_jpg_30.jpg,Multiply Dist.,MDIVL/MDIVL/MD_IVLreference/OCEreferenceMD/home.png,71.1076,22.530784606933594,0.08634910599903378,0
home_blur_0.66_jpg_10.jpg,/kaggle/working/MDFS/data/MDIVL/extracted/MDIVL/MDIVL/Data_Blur_JPEG/home_blur_0.66_jpg_10.jpg,Multiply Dist.,MDIVL/MDIVL/MD_IVLreference/OCEreferenceMD/home.png,15.9512,27.465038299560547,0.0866072360004182,0
home_blur_1.33_jpg_50.jpg,/kaggle/working/MDFS/data/MDIVL/extracted/MDIVL/MDIVL/Data_Blur_JPEG/home_blur_1.33_jpg_50.jpg,Multiply Dist.,MDIVL/MDIVL/MD_IVLreference/OCEreferenceMD/home.png,58.7412,23.27803611755371,0.0863924120003503,0
home_blur_1.33_jpg_20.jpg,/kaggle/working/MDFS/data/MDIVL/extracted/MDIVL/MDIVL/Data_Blur_JPEG/home_blur_1.33_jpg_20.jpg,Multiply Dist.,MDIVL/MDIVL/MD_IVLreference/OCEreferenceMD/home.png,31.7438,26.114534378051758,0.08687059600015345,0
home_blur_2_jpg_100.jpg,/kaggle/working/MDFS/data/MDIVL/extracted/MDIVL/MDIVL/Data_Blur_JPEG/home_blur_2_jpg_100.jpg,Multiply Dist.,MDIVL/MDIVL/MD_IVLreference/OCEreferenceMD/home.png,46.0514,28.630794525146484,0.08815633300037007,0
home_blur_2_jpg_30.jpg,/kaggle/working/MDFS/data/MDIVL/extracted/MDIVL/MDIVL/Data_Blur_JPEG/home_blur_2_jpg_30.jpg,Multiply Dist.,MDIVL/MDIVL/MD_IVLreference/OCEreferenceMD/home.png,35.394,25.863052368164062,0.08619408600134193,0
home_blur_2_jpg_10.jpg,/kaggle/working/MDFS/data/MDIVL/extracted/MDIVL/MDIVL/Data_Blur_JPEG/home_blur_2_jpg_10.jpg,Multiply Dist.,MDIVL/MDIVL/MD_IVLreference/OCEreferenceMD/home.png,13.0964,30.560829162597656,0.08591560100103379,0
home_blur_2.66_jpg_50.jpg,/kaggle/working/MDFS/data/MDIVL/extracted/MDIVL/MDIVL/Data_Blur_JPEG/home_blur_2.66_jpg_50.jpg,Multiply Dist.,MDIVL/MDIVL/MD_IVLreference/OCEreferenceMD/home.png,31.7202,25.340911865234375,0.08590840900069452,0
home_blur_2.66_jpg_20.jpg,/kaggle/working/MDFS/data/MDIVL/extracted/MDIVL/MDIVL/Data_Blur_JPEG/home_blur_2.66_jpg_20.jpg,Multiply Dist.,MDIVL/MDIVL/MD_IVLreference/OCEreferenceMD/home.png,29.2998,27.875938415527344,0.08653394199973263,0
home_blur_3.33_jpg_100.jpg,/kaggle/working/MDFS/data/MDIVL/extracted/MDIVL/MDIVL/Data_Blur_JPEG/home_blur_3.33_jpg_100.jpg,Multiply Dist.,MDIVL/MDIVL/MD_IVLreference/OCEreferenceMD/home.png,19.0129,34.64734649658203,0.08810188800089236,0
home_blur_3.33_jpg_30.jpg,/kaggle/working/MDFS/data/MDIVL/extracted/MDIVL/MDIVL/Data_Blur_JPEG/home_blur_3.33_jpg_30.jpg,Multiply Dist.,MDIVL/MDIVL/MD_IVLreference/OCEreferenceMD/home.png,22.0432,27.38709831237793,0.08665589500014903,0
home_blur_3.33_jpg_10.jpg,/kaggle/working/MDFS/data/MDIVL/extracted/MDIVL/MDIVL/Data_Blur_JPEG/home_blur_3.33_jpg_10.jpg,Multiply Dist.,MDIVL/MDIVL/MD_IVLreference/OCEreferenceMD/home.png,3.1178,31.863204956054688,0.08803577999970003,0
home_blur_4_jpg_50.jpg,/kaggle/working/MDFS/data/MDIVL/extracted/MDIVL/MDIVL/Data_Blur_JPEG/home_blur_4_jpg_50.jpg,Multiply Dist.,MDIVL/MDIVL/MD_IVLreference/OCEreferenceMD/home.png,16.4763,26.880823135375977,0.08653624399994442,0
home_blur_4_jpg_20.jpg,/kaggle/working/MDFS/data/MDIVL/extracted/MDIVL/MDIVL/Data_Blur_JPEG/home_blur_4_jpg_20.jpg,Multiply Dist.,MDIVL/MDIVL/MD_IVLreference/OCEreferenceMD/home.png,9.8779,29.31410789489746,0.08754086100088898,0
manikin_blur_0.001_jpg_100.jpg,/kaggle/working/MDFS/data/MDIVL/extracted/MDIVL/MDIVL/Data_Blur_JPEG/manikin_blur_0.001_jpg_100.jpg,Multiply Dist.,MDIVL/MDIVL/MD_IVLreference/OCEreferenceMD/manikin.png,94.7707,19.913244247436523,0.08844278200012923,0
manikin_blur_0.001_jpg_30.jpg,/kaggle/working/MDFS/data/MDIVL/extracted/MDIVL/MDIVL/Data_Blur_JPEG/manikin_blur_0.001_jpg_30.jpg,Multiply Dist.,MDIVL/MDIVL/MD_IVLreference/OCEreferenceMD/manikin.png,70.7627,24.223583221435547,0.08579084499979217,0
manikin_blur_0.001_jpg_10.jpg,/kaggle/working/MDFS/data/MDIVL/extracted/MDIVL/MDIVL/Data_Blur_JPEG/manikin_blur_0.001_jpg_10.jpg,Multiply Dist.,MDIVL/MDIVL/MD_IVLreference/OCEreferenceMD/manikin.png,10.4173,29.786527633666992,0.08540144700054952,0
manikin_blur_0.66_jpg_50.jpg,/kaggle/working/MDFS/data/MDIVL/extracted/MDIVL/MDIVL/Data_Blur_JPEG/manikin_blur_0.66_jpg_50.jpg,Multiply Dist.,MDIVL/MDIVL/MD_IVLreference/OCEreferenceMD/manikin.png,77.4028,23.045698165893555,0.08612080800048716,0
manikin_blur_0.66_jpg_20.jpg,/kaggle/working/MDFS/data/MDIVL/extracted/MDIVL/MDIVL/Data_Blur_JPEG/manikin_blur_0.66_jpg_20.jpg,Multiply Dist.,MDIVL/MDIVL/MD_IVLreference/OCEreferenceMD/manikin.png,43.9413,25.955883026123047,0.08732808900094824,0
manikin_blur_1.33_jpg_100.jpg,/kaggle/working/MDFS/data/MDIVL/extracted/MDIVL/MDIVL/Data_Blur_JPEG/manikin_blur_1.33_jpg_100.jpg,Multiply Dist.,MDIVL/MDIVL/MD_IVLreference/OCEreferenceMD/manikin.png,85.3018,25.61216163635254,0.08670382899981632,0
manikin_blur_1.33_jpg_30.jpg,/kaggle/working/MDFS/data/MDIVL/extracted/MDIVL/MDIVL/Data_Blur_JPEG/manikin_blur_1.33_jpg_30.jpg,Multiply Dist.,MDIVL/MDIVL/MD_IVLreference/OCEreferenceMD/manikin.png,56.4297,25.536907196044922,0.08763325300060387,0
manikin_blur_1.33_jpg_10.jpg,/kaggle/working/MDFS/data/MDIVL/extracted/MDIVL/MDIVL/Data_Blur_JPEG/manikin_blur_1.33_jpg_10.jpg,Multiply Dist.,MDIVL/MDIVL/MD_IVLreference/OCEreferenceMD/manikin.png,14.4167,30.453222274780273,0.0866310319997865,0
manikin_blur_2_jpg_50.jpg,/kaggle/working/MDFS/data/MDIVL/extracted/MDIVL/MDIVL/Data_Blur_JPEG/manikin_blur_2_jpg_50.jpg,Multiply Dist.,MDIVL/MDIVL/MD_IVLreference/OCEreferenceMD/manikin.png,44.7958,25.67923355102539,0.0876294819991017,0
manikin_blur_2_jpg_20.jpg,/kaggle/working/MDFS/data/MDIVL/extracted/MDIVL/MDIVL/Data_Blur_JPEG/manikin_blur_2_jpg_20.jpg,Multiply Dist.,MDIVL/MDIVL/MD_IVLreference/OCEreferenceMD/manikin.png,35.7655,27.843576431274414,0.08625899000071513,0
manikin_blur_2.66_jpg_100.jpg,/kaggle/working/MDFS/data/MDIVL/extracted/MDIVL/MDIVL/Data_Blur_JPEG/manikin_blur_2.66_jpg_100.jpg,Multiply Dist.,MDIVL/MDIVL/MD_IVLreference/OCEreferenceMD/manikin.png,34.2194,33.06822967529297,0.08814623199941707,0
manikin_blur_2.66_jpg_30.jpg,/kaggle/working/MDFS/data/MDIVL/extracted/MDIVL/MDIVL/Data_Blur_JPEG/manikin_blur_2.66_jpg_30.jpg,Multiply Dist.,MDIVL/MDIVL/MD_IVLreference/OCEreferenceMD/manikin.png,28.3203,27.73855972290039,0.08625426099933975,0
manikin_blur_2.66_jpg_10.jpg,/kaggle/working/MDFS/data/MDIVL/extracted/MDIVL/MDIVL/Data_Blur_JPEG/manikin_blur_2.66_jpg_10.jpg,Multiply Dist.,MDIVL/MDIVL/MD_IVLreference/OCEreferenceMD/manikin.png,7.4606,32.106712341308594,0.08615563399871462,0
manikin_blur_3.33_jpg_50.jpg,/kaggle/working/MDFS/data/MDIVL/extracted/MDIVL/MDIVL/Data_Blur_JPEG/manikin_blur_3.33_jpg_50.jpg,Multiply Dist.,MDIVL/MDIVL/MD_IVLreference/OCEreferenceMD/manikin.png,27.2963,28.022428512573242,0.08516169100039406,0
manikin_blur_3.33_jpg_20.jpg,/kaggle/working/MDFS/data/MDIVL/extracted/MDIVL/MDIVL/Data_Blur_JPEG/manikin_blur_3.33_jpg_20.jpg,Multiply Dist.,MDIVL/MDIVL/MD_IVLreference/OCEreferenceMD/manikin.png,18.1061,29.75164031982422,0.08648679399993853,0
manikin_blur_4_jpg_100.jpg,/kaggle/working/MDFS/data/MDIVL/extracted/MDIVL/MDIVL/Data_Blur_JPEG/manikin_blur_4_jpg_100.jpg,Multiply Dist.,MDIVL/MDIVL/MD_IVLreference/OCEreferenceMD/manikin.png,20.2121,36.04731369018555,0.08708812800068699,0
manikin_blur_4_jpg_30.jpg,/kaggle/working/MDFS/data/MDIVL/extracted/MDIVL/MDIVL/Data_Blur_JPEG/manikin_blur_4_jpg_30.jpg,Multiply Dist.,MDIVL/MDIVL/MD_IVLreference/OCEreferenceMD/manikin.png,12.5812,29.17576789855957,0.08655538199855073,0
manikin_blur_4_jpg_10.jpg,/kaggle/working/MDFS/data/MDIVL/extracted/MDIVL/MDIVL/Data_Blur_JPEG/manikin_blur_4_jpg_10.jpg,Multiply Dist.,MDIVL/MDIVL/MD_IVLreference/OCEreferenceMD/manikin.png,2.2205,33.058650970458984,0.08593383500010532,0
metro_blur_0.001_jpg_50.jpg,/kaggle/working/MDFS/data/MDIVL/extracted/MDIVL/MDIVL/Data_Blur_JPEG/metro_blur_0.001_jpg_50.jpg,Multiply Dist.,MDIVL/MDIVL/MD_IVLreference/OCEreferenceMD/metro.png,69.7408,23.798263549804688,0.08647166500122694,0
metro_blur_0.001_jpg_20.jpg,/kaggle/working/MDFS/data/MDIVL/extracted/MDIVL/MDIVL/Data_Blur_JPEG/metro_blur_0.001_jpg_20.jpg,Multiply Dist.,MDIVL/MDIVL/MD_IVLreference/OCEreferenceMD/metro.png,37.7305,27.292388916015625,0.08606763900024816,0
metro_blur_0.66_jpg_100.jpg,/kaggle/working/MDFS/data/MDIVL/extracted/MDIVL/MDIVL/Data_Blur_JPEG/metro_blur_0.66_jpg_100.jpg,Multiply Dist.,MDIVL/MDIVL/MD_IVLreference/OCEreferenceMD/metro.png,84.6897,22.70500373840332,0.08974352499899396,0
metro_blur_0.66_jpg_30.jpg,/kaggle/working/MDFS/data/MDIVL/extracted/MDIVL/MDIVL/Data_Blur_JPEG/metro_blur_0.66_jpg_30.jpg,Multiply Dist.,MDIVL/MDIVL/MD_IVLreference/OCEreferenceMD/metro.png,55.5983,25.544605255126953,0.08797884800151223,0
metro_blur_0.66_jpg_10.jpg,/kaggle/working/MDFS/data/MDIVL/extracted/MDIVL/MDIVL/Data_Blur_JPEG/metro_blur_0.66_jpg_10.jpg,Multiply Dist.,MDIVL/MDIVL/MD_IVLreference/OCEreferenceMD/metro.png,11.4302,30.053274154663086,0.08639675699851068,0
metro_blur_1.33_jpg_50.jpg,/kaggle/working/MDFS/data/MDIVL/extracted/MDIVL/MDIVL/Data_Blur_JPEG/metro_blur_1.33_jpg_50.jpg,Multiply Dist.,MDIVL/MDIVL/MD_IVLreference/OCEreferenceMD/metro.png,57.5382,24.63702392578125,0.08719360400027654,0
metro_blur_1.33_jpg_20.jpg,/kaggle/working/MDFS/data/MDIVL/extracted/MDIVL/MDIVL/Data_Blur_JPEG/metro_blur_1.33_jpg_20.jpg,Multiply Dist.,MDIVL/MDIVL/MD_IVLreference/OCEreferenceMD/metro.png,47.2693,28.071727752685547,0.08765832499921089,0
metro_blur_2_jpg_100.jpg,/kaggle/working/MDFS/data/MDIVL/extracted/MDIVL/MDIVL/Data_Blur_JPEG/metro_blur_2_jpg_100.jpg,Multiply Dist.,MDIVL/MDIVL/MD_IVLreference/OCEreferenceMD/metro.png,48.9598,31.80697250366211,0.08850325399907888,0
metro_blur_2_jpg_30.jpg,/kaggle/working/MDFS/data/MDIVL/extracted/MDIVL/MDIVL/Data_Blur_JPEG/metro_blur_2_jpg_30.jpg,Multiply Dist.,MDIVL/MDIVL/MD_IVLreference/OCEreferenceMD/metro.png,40.2526,27.17827033996582,0.08651624599951901,0
metro_blur_2_jpg_10.jpg,/kaggle/working/MDFS/data/MDIVL/extracted/MDIVL/MDIVL/Data_Blur_JPEG/metro_blur_2_jpg_10.jpg,Multiply Dist.,MDIVL/MDIVL/MD_IVLreference/OCEreferenceMD/metro.png,17.4882,31.565269470214844,0.08772506999957841,0
metro_blur_2.66_jpg_50.jpg,/kaggle/working/MDFS/data/MDIVL/extracted/MDIVL/MDIVL/Data_Blur_JPEG/metro_blur_2.66_jpg_50.jpg,Multiply Dist.,MDIVL/MDIVL/MD_IVLreference/OCEreferenceMD/metro.png,37.4426,25.999528884887695,0.08594472400000086,0
metro_blur_2.66_jpg_20.jpg,/kaggle/working/MDFS/data/MDIVL/extracted/MDIVL/MDIVL/Data_Blur_JPEG/metro_blur_2.66_jpg_20.jpg,Multiply Dist.,MDIVL/MDIVL/MD_IVLreference/OCEreferenceMD/metro.png,26.3045,29.340869903564453,0.08544749800057616,0
metro_blur_3.33_jpg_100.jpg,/kaggle/working/MDFS/data/MDIVL/extracted/MDIVL/MDIVL/Data_Blur_JPEG/metro_blur_3.33_jpg_100.jpg,Multiply Dist.,MDIVL/MDIVL/MD_IVLreference/OCEreferenceMD/metro.png,39.1536,34.59081268310547,0.08875359499870683,0
metro_blur_3.33_jpg_30.jpg,/kaggle/working/MDFS/data/MDIVL/extracted/MDIVL/MDIVL/Data_Blur_JPEG/metro_blur_3.33_jpg_30.jpg,Multiply Dist.,MDIVL/MDIVL/MD_IVLreference/OCEreferenceMD/metro.png,23.9602,28.294166564941406,0.08651842300059798,0
metro_blur_3.33_jpg_10.jpg,/kaggle/working/MDFS/data/MDIVL/extracted/MDIVL/MDIVL/Data_Blur_JPEG/metro_blur_3.33_jpg_10.jpg,Multiply Dist.,MDIVL/MDIVL/MD_IVLreference/OCEreferenceMD/metro.png,7.4108,32.50342559814453,0.08724952400007169,0
metro_blur_4_jpg_50.jpg,/kaggle/working/MDFS/data/MDIVL/extracted/MDIVL/MDIVL/Data_Blur_JPEG/metro_blur_4_jpg_50.jpg,Multiply Dist.,MDIVL/MDIVL/MD_IVLreference/OCEreferenceMD/metro.png,28.2002,26.997875213623047,0.08739587499985646,0
metro_blur_4_jpg_20.jpg,/kaggle/working/MDFS/data/MDIVL/extracted/MDIVL/MDIVL/Data_Blur_JPEG/metro_blur_4_jpg_20.jpg,Multiply Dist.,MDIVL/MDIVL/MD_IVLreference/OCEreferenceMD/metro.png,19.0046,30.119070053100586,0.08584652999888931,0
mountain_blur_0.001_jpg_100.jpg,/kaggle/working/MDFS/data/MDIVL/extracted/MDIVL/MDIVL/Data_Blur_JPEG/mountain_blur_0.001_jpg_100.jpg,Multiply Dist.,MDIVL/MDIVL/MD_IVLreference/OCEreferenceMD/mountain.png,94.6987,19.601240158081055,0.09171523900113243,0
mountain_blur_0.001_jpg_30.jpg,/kaggle/working/MDFS/data/MDIVL/extracted/MDIVL/MDIVL/Data_Blur_JPEG/mountain_blur_0.001_jpg_30.jpg,Multiply Dist.,MDIVL/MDIVL/MD_IVLreference/OCEreferenceMD/mountain.png,65.4215,23.941783905029297,0.08836085599978105,0
mountain_blur_0.001_jpg_10.jpg,/kaggle/working/MDFS/data/MDIVL/extracted/MDIVL/MDIVL/Data_Blur_JPEG/mountain_blur_0.001_jpg_10.jpg,Multiply Dist.,MDIVL/MDIVL/MD_IVLreference/OCEreferenceMD/mountain.png,24.0574,29.424678802490234,0.08882145899951865,0
mountain_blur_0.66_jpg_50.jpg,/kaggle/working/MDFS/data/MDIVL/extracted/MDIVL/MDIVL/Data_Blur_JPEG/mountain_blur_0.66_jpg_50.jpg,Multiply Dist.,MDIVL/MDIVL/MD_IVLreference/OCEreferenceMD/mountain.png,79.6717,22.992280960083008,0.08802619699963543,0
mountain_blur_0.66_jpg_20.jpg,/kaggle/working/MDFS/data/MDIVL/extracted/MDIVL/MDIVL/Data_Blur_JPEG/mountain_blur_0.66_jpg_20.jpg,Multiply Dist.,MDIVL/MDIVL/MD_IVLreference/OCEreferenceMD/mountain.png,54.0201,27.011579513549805,0.08778686199912045,0
mountain_blur_1.33_jpg_100.jpg,/kaggle/working/MDFS/data/MDIVL/extracted/MDIVL/MDIVL/Data_Blur_JPEG/mountain_blur_1.33_jpg_100.jpg,Multiply Dist.,MDIVL/MDIVL/MD_IVLreference/OCEreferenceMD/mountain.png,64.1755,24.02077865600586,0.09036701100012579,0
mountain_blur_1.33_jpg_30.jpg,/kaggle/working/MDFS/data/MDIVL/extracted/MDIVL/MDIVL/Data_Blur_JPEG/mountain_blur_1.33_jpg_30.jpg,Multiply Dist.,MDIVL/MDIVL/MD_IVLreference/OCEreferenceMD/mountain.png,46.4584,25.88652229309082,0.08899742900030105,0
mountain_blur_1.33_jpg_10.jpg,/kaggle/working/MDFS/data/MDIVL/extracted/MDIVL/MDIVL/Data_Blur_JPEG/mountain_blur_1.33_jpg_10.jpg,Multiply Dist.,MDIVL/MDIVL/MD_IVLreference/OCEreferenceMD/mountain.png,24.388,31.5710391998291,0.08812269199916045,0
mountain_blur_2_jpg_50.jpg,/kaggle/working/MDFS/data/MDIVL/extracted/MDIVL/MDIVL/Data_Blur_JPEG/mountain_blur_2_jpg_50.jpg,Multiply Dist.,MDIVL/MDIVL/MD_IVLreference/OCEreferenceMD/mountain.png,37.5165,25.10324478149414,0.08649980500013044,0
mountain_blur_2_jpg_20.jpg,/kaggle/working/MDFS/data/MDIVL/extracted/MDIVL/MDIVL/Data_Blur_JPEG/mountain_blur_2_jpg_20.jpg,Multiply Dist.,MDIVL/MDIVL/MD_IVLreference/OCEreferenceMD/mountain.png,21.9539,29.079792022705078,0.08812730599856877,0
mountain_blur_2.66_jpg_100.jpg,/kaggle/working/MDFS/data/MDIVL/extracted/MDIVL/MDIVL/Data_Blur_JPEG/mountain_blur_2.66_jpg_100.jpg,Multiply Dist.,MDIVL/MDIVL/MD_IVLreference/OCEreferenceMD/mountain.png,28.0216,30.95166778564453,0.08833696500005317,0
mountain_blur_2.66_jpg_30.jpg,/kaggle/working/MDFS/data/MDIVL/extracted/MDIVL/MDIVL/Data_Blur_JPEG/mountain_blur_2.66_jpg_30.jpg,Multiply Dist.,MDIVL/MDIVL/MD_IVLreference/OCEreferenceMD/mountain.png,25.6805,27.546157836914062,0.08651421900140122,0
mountain_blur_2.66_jpg_10.jpg,/kaggle/working/MDFS/data/MDIVL/extracted/MDIVL/MDIVL/Data_Blur_JPEG/mountain_blur_2.66_jpg_10.jpg,Multiply Dist.,MDIVL/MDIVL/MD_IVLreference/OCEreferenceMD/mountain.png,8.1345,33.05423355102539,0.08691389900013746,0
mountain_blur_3.33_jpg_50.jpg,/kaggle/working/MDFS/data/MDIVL/extracted/MDIVL/MDIVL/Data_Blur_JPEG/mountain_blur_3.33_jpg_50.jpg,Multiply Dist.,MDIVL/MDIVL/MD_IVLreference/OCEreferenceMD/mountain.png,24.4451,27.051599502563477,0.08886810600051831,0
mountain_blur_3.33_jpg_20.jpg,/kaggle/working/MDFS/data/MDIVL/extracted/MDIVL/MDIVL/Data_Blur_JPEG/mountain_blur_3.33_jpg_20.jpg,Multiply Dist.,MDIVL/MDIVL/MD_IVLreference/OCEreferenceMD/mountain.png,15.2634,30.28142738342285,0.08797251000032702,0
mountain_blur_4_jpg_100.jpg,/kaggle/working/MDFS/data/MDIVL/extracted/MDIVL/MDIVL/Data_Blur_JPEG/mountain_blur_4_jpg_100.jpg,Multiply Dist.,MDIVL/MDIVL/MD_IVLreference/OCEreferenceMD/mountain.png,14.8458,34.041316986083984,0.08954115600135992,0
mountain_blur_4_jpg_30.jpg,/kaggle/working/MDFS/data/MDIVL/extracted/MDIVL/MDIVL/Data_Blur_JPEG/mountain_blur_4_jpg_30.jpg,Multiply Dist.,MDIVL/MDIVL/MD_IVLreference/OCEreferenceMD/mountain.png,16.1816,29.601797103881836,0.0877685110008315,0
mountain_blur_4_jpg_10.jpg,/kaggle/working/MDFS/data/MDIVL/extracted/MDIVL/MDIVL/Data_Blur_JPEG/mountain_blur_4_jpg_10.jpg,Multiply Dist.,MDIVL/MDIVL/MD_IVLreference/OCEreferenceMD/mountain.png,2.2634,33.961769104003906,0.0856648650005809,0
snow_blur_0.001_jpg_50.jpg,/kaggle/working/MDFS/data/MDIVL/extracted/MDIVL/MDIVL/Data_Blur_JPEG/snow_blur_0.001_jpg_50.jpg,Multiply Dist.,MDIVL/MDIVL/MD_IVLreference/OCEreferenceMD/snow.png,90.1178,21.17706871032715,0.08790381600010733,0
snow_blur_0.001_jpg_20.jpg,/kaggle/working/MDFS/data/MDIVL/extracted/MDIVL/MDIVL/Data_Blur_JPEG/snow_blur_0.001_jpg_20.jpg,Multiply Dist.,MDIVL/MDIVL/MD_IVLreference/OCEreferenceMD/snow.png,57.1169,24.813777923583984,0.08748541400018439,0
snow_blur_0.66_jpg_100.jpg,/kaggle/working/MDFS/data/MDIVL/extracted/MDIVL/MDIVL/Data_Blur_JPEG/snow_blur_0.66_jpg_100.jpg,Multiply Dist.,MDIVL/MDIVL/MD_IVLreference/OCEreferenceMD/snow.png,93.8361,20.088598251342773,0.09012780099874362,0
snow_blur_0.66_jpg_30.jpg,/kaggle/working/MDFS/data/MDIVL/extracted/MDIVL/MDIVL/Data_Blur_JPEG/snow_blur_0.66_jpg_30.jpg,Multiply Dist.,MDIVL/MDIVL/MD_IVLreference/OCEreferenceMD/snow.png,72.0796,23.874122619628906,0.08694367699899885,0
snow_blur_0.66_jpg_10.jpg,/kaggle/working/MDFS/data/MDIVL/extracted/MDIVL/MDIVL/Data_Blur_JPEG/snow_blur_0.66_jpg_10.jpg,Multiply Dist.,MDIVL/MDIVL/MD_IVLreference/OCEreferenceMD/snow.png,18.8893,29.465179443359375,0.08790506799959985,0
snow_blur_1.33_jpg_50.jpg,/kaggle/working/MDFS/data/MDIVL/extracted/MDIVL/MDIVL/Data_Blur_JPEG/snow_blur_1.33_jpg_50.jpg,Multiply Dist.,MDIVL/MDIVL/MD_IVLreference/OCEreferenceMD/snow.png,58.2941,23.53781509399414,0.08961233000081847,0
snow_blur_1.33_jpg_20.jpg,/kaggle/working/MDFS/data/MDIVL/extracted/MDIVL/MDIVL/Data_Blur_JPEG/snow_blur_1.33_jpg_20.jpg,Multiply Dist.,MDIVL/MDIVL/MD_IVLreference/OCEreferenceMD/snow.png,39.1988,26.867094039916992,0.08751081399896066,0
snow_blur_2_jpg_100.jpg,/kaggle/working/MDFS/data/MDIVL/extracted/MDIVL/MDIVL/Data_Blur_JPEG/snow_blur_2_jpg_100.jpg,Multiply Dist.,MDIVL/MDIVL/MD_IVLreference/OCEreferenceMD/snow.png,37.367,30.397172927856445,0.08972624200032442,0
snow_blur_2_jpg_30.jpg,/kaggle/working/MDFS/data/MDIVL/extracted/MDIVL/MDIVL/Data_Blur_JPEG/snow_blur_2_jpg_30.jpg,Multiply Dist.,MDIVL/MDIVL/MD_IVLreference/OCEreferenceMD/snow.png,39.3273,26.257036209106445,0.08667970100032107,0
snow_blur_2_jpg_10.jpg,/kaggle/working/MDFS/data/MDIVL/extracted/MDIVL/MDIVL/Data_Blur_JPEG/snow_blur_2_jpg_10.jpg,Multiply Dist.,MDIVL/MDIVL/MD_IVLreference/OCEreferenceMD/snow.png,15.3261,31.81011962890625,0.08761293400129944,0
snow_blur_2.66_jpg_50.jpg,/kaggle/working/MDFS/data/MDIVL/extracted/MDIVL/MDIVL/Data_Blur_JPEG/snow_blur_2.66_jpg_50.jpg,Multiply Dist.,MDIVL/MDIVL/MD_IVLreference/OCEreferenceMD/snow.png,36.0888,25.455581665039062,0.08838762899904395,0
snow_blur_2.66_jpg_20.jpg,/kaggle/working/MDFS/data/MDIVL/extracted/MDIVL/MDIVL/Data_Blur_JPEG/snow_blur_2.66_jpg_20.jpg,Multiply Dist.,MDIVL/MDIVL/MD_IVLreference/OCEreferenceMD/snow.png,24.7442,28.725685119628906,0.08667882699955953,0
snow_blur_3.33_jpg_100.jpg,/kaggle/working/MDFS/data/MDIVL/extracted/MDIVL/MDIVL/Data_Blur_JPEG/snow_blur_3.33_jpg_100.jpg,Multiply Dist.,MDIVL/MDIVL/MD_IVLreference/OCEreferenceMD/snow.png,19.7505,35.00551223754883,0.08961829800136911,0
snow_blur_3.33_jpg_30.jpg,/kaggle/working/MDFS/data/MDIVL/extracted/MDIVL/MDIVL/Data_Blur_JPEG/snow_blur_3.33_jpg_30.jpg,Multiply Dist.,MDIVL/MDIVL/MD_IVLreference/OCEreferenceMD/snow.png,24.9638,27.65425682067871,0.09053059600046254,0
snow_blur_3.33_jpg_10.jpg,/kaggle/working/MDFS/data/MDIVL/extracted/MDIVL/MDIVL/Data_Blur_JPEG/snow_blur_3.33_jpg_10.jpg,Multiply Dist.,MDIVL/MDIVL/MD_IVLreference/OCEreferenceMD/snow.png,9.4945,32.88558578491211,0.08580925800015393,0
snow_blur_4_jpg_50.jpg,/kaggle/working/MDFS/data/MDIVL/extracted/MDIVL/MDIVL/Data_Blur_JPEG/snow_blur_4_jpg_50.jpg,Multiply Dist.,MDIVL/MDIVL/MD_IVLreference/OCEreferenceMD/snow.png,17.0184,26.946218490600586,0.08808692899947346,0
snow_blur_4_jpg_20.jpg,/kaggle/working/MDFS/data/MDIVL/extracted/MDIVL/MDIVL/Data_Blur_JPEG/snow_blur_4_jpg_20.jpg,Multiply Dist.,MDIVL/MDIVL/MD_IVLreference/OCEreferenceMD/snow.png,18.2942,29.87714385986328,0.08714090899957228,0
baby_noise_1_jpg_100.jpg,/kaggle/working/MDFS/data/MDIVL/extracted/MDIVL/MDIVL/Data_Noise_JPEG/baby_noise_1_jpg_100.jpg,Multiply Dist.,MDIVL/MDIVL/MD_IVLreference/OCEreferenceMD/baby.png,95.4916,20.443111419677734,0.09154013500119618,0
baby_noise_1_jpg_30.jpg,/kaggle/working/MDFS/data/MDIVL/extracted/MDIVL/MDIVL/Data_Noise_JPEG/baby_noise_1_jpg_30.jpg,Multiply Dist.,MDIVL/MDIVL/MD_IVLreference/OCEreferenceMD/baby.png,57.6525,25.785282135009766,0.08901119199981622,0
baby_noise_2_jpg_100.jpg,/kaggle/working/MDFS/data/MDIVL/extracted/MDIVL/MDIVL/Data_Noise_JPEG/baby_noise_2_jpg_100.jpg,Multiply Dist.,MDIVL/MDIVL/MD_IVLreference/OCEreferenceMD/baby.png,94.3584,21.13162612915039,0.09142416800023057,0
baby_noise_2_jpg_30.jpg,/kaggle/working/MDFS/data/MDIVL/extracted/MDIVL/MDIVL/Data_Noise_JPEG/baby_noise_2_jpg_30.jpg,Multiply Dist.,MDIVL/MDIVL/MD_IVLreference/OCEreferenceMD/baby.png,68.208,25.876731872558594,0.08778057099880243,0
baby_noise_3_jpg_100.jpg,/kaggle/working/MDFS/data/MDIVL/extracted/MDIVL/MDIVL/Data_Noise_JPEG/baby_noise_3_jpg_100.jpg,Multiply Dist.,MDIVL/MDIVL/MD_IVLreference/OCEreferenceMD/baby.png,80.9275,21.9656982421875,0.09286807700118516,0
baby_noise_3_jpg_30.jpg,/kaggle/working/MDFS/data/MDIVL/extracted/MDIVL/MDIVL/Data_Noise_JPEG/baby_noise_3_jpg_30.jpg,Multiply Dist.,MDIVL/MDIVL/MD_IVLreference/OCEreferenceMD/baby.png,57.4441,26.25191879272461,0.08848043000034522,0
baby_noise_4_jpg_100.jpg,/kaggle/working/MDFS/data/MDIVL/extracted/MDIVL/MDIVL/Data_Noise_JPEG/baby_noise_4_jpg_100.jpg,Multiply Dist.,MDIVL/MDIVL/MD_IVLreference/OCEreferenceMD/baby.png,72.4134,22.82314109802246,0.0905711439991137,0
baby_noise_4_jpg_30.jpg,/kaggle/working/MDFS/data/MDIVL/extracted/MDIVL/MDIVL/Data_Noise_JPEG/baby_noise_4_jpg_30.jpg,Multiply Dist.,MDIVL/MDIVL/MD_IVLreference/OCEreferenceMD/baby.png,50.2269,26.622608184814453,0.08779996100020071,0
baby_noise_5_jpg_100.jpg,/kaggle/working/MDFS/data/MDIVL/extracted/MDIVL/MDIVL/Data_Noise_JPEG/baby_noise_5_jpg_100.jpg,Multiply Dist.,MDIVL/MDIVL/MD_IVLreference/OCEreferenceMD/baby.png,59.8321,23.60911750793457,0.09220744400045078,0
baby_noise_5_jpg_30.jpg,/kaggle/working/MDFS/data/MDIVL/extracted/MDIVL/MDIVL/Data_Noise_JPEG/baby_noise_5_jpg_30.jpg,Multiply Dist.,MDIVL/MDIVL/MD_IVLreference/OCEreferenceMD/baby.png,40.1076,27.222864151000977,0.08753240199985157,0
baby_noise_6_jpg_100.jpg,/kaggle/working/MDFS/data/MDIVL/extracted/MDIVL/MDIVL/Data_Noise_JPEG/baby_noise_6_jpg_100.jpg,Multiply Dist.,MDIVL/MDIVL/MD_IVLreference/OCEreferenceMD/baby.png,44.9765,24.45993423461914,0.0926607450001029,0
baby_noise_6_jpg_30.jpg,/kaggle/working/MDFS/data/MDIVL/extracted/MDIVL/MDIVL/Data_Noise_JPEG/baby_noise_6_jpg_30.jpg,Multiply Dist.,MDIVL/MDIVL/MD_IVLreference/OCEreferenceMD/baby.png,46.3176,27.59396743774414,0.08904573899962998,0
baby_noise_8_jpg_100.jpg,/kaggle/working/MDFS/data/MDIVL/extracted/MDIVL/MDIVL/Data_Noise_JPEG/baby_noise_8_jpg_100.jpg,Multiply Dist.,MDIVL/MDIVL/MD_IVLreference/OCEreferenceMD/baby.png,41.5563,25.80280876159668,0.09338052099883498,0
baby_noise_8_jpg_30.jpg,/kaggle/working/MDFS/data/MDIVL/extracted/MDIVL/MDIVL/Data_Noise_JPEG/baby_noise_8_jpg_30.jpg,Multiply Dist.,MDIVL/MDIVL/MD_IVLreference/OCEreferenceMD/baby.png,32.6536,28.59366226196289,0.088479661000747,0
baby_noise_10_jpg_100.jpg,/kaggle/working/MDFS/data/MDIVL/extracted/MDIVL/MDIVL/Data_Noise_JPEG/baby_noise_10_jpg_100.jpg,Multiply Dist.,MDIVL/MDIVL/MD_IVLreference/OCEreferenceMD/baby.png,36.3554,26.617998123168945,0.0919218990002264,0
baby_noise_10_jpg_30.jpg,/kaggle/working/MDFS/data/MDIVL/extracted/MDIVL/MDIVL/Data_Noise_JPEG/baby_noise_10_jpg_30.jpg,Multiply Dist.,MDIVL/MDIVL/MD_IVLreference/OCEreferenceMD/baby.png,28.5806,29.044567108154297,0.08878698999978951,0
baby_noise_12_jpg_100.jpg,/kaggle/working/MDFS/data/MDIVL/extracted/MDIVL/MDIVL/Data_Noise_JPEG/baby_noise_12_jpg_100.jpg,Multiply Dist.,MDIVL/MDIVL/MD_IVLreference/OCEreferenceMD/baby.png,33.7822,27.644323348999023,0.09231098300006124,0
baby_noise_12_jpg_30.jpg,/kaggle/working/MDFS/data/MDIVL/extracted/MDIVL/MDIVL/Data_Noise_JPEG/baby_noise_12_jpg_30.jpg,Multiply Dist.,MDIVL/MDIVL/MD_IVLreference/OCEreferenceMD/baby.png,26.4697,29.22983741760254,0.08692823300043528,0
baby_noise_14_jpg_100.jpg,/kaggle/working/MDFS/data/MDIVL/extracted/MDIVL/MDIVL/Data_Noise_JPEG/baby_noise_14_jpg_100.jpg,Multiply Dist.,MDIVL/MDIVL/MD_IVLreference/OCEreferenceMD/baby.png,26.1124,27.754854202270508,0.09368934099984472,0
baby_noise_14_jpg_30.jpg,/kaggle/working/MDFS/data/MDIVL/extracted/MDIVL/MDIVL/Data_Noise_JPEG/baby_noise_14_jpg_30.jpg,Multiply Dist.,MDIVL/MDIVL/MD_IVLreference/OCEreferenceMD/baby.png,20.2145,29.331668853759766,0.09052284900099039,0
bus_noise_1_jpg_100.jpg,/kaggle/working/MDFS/data/MDIVL/extracted/MDIVL/MDIVL/Data_Noise_JPEG/bus_noise_1_jpg_100.jpg,Multiply Dist.,MDIVL/MDIVL/MD_IVLreference/OCEreferenceMD/bus.png,86.2164,19.40290641784668,0.0993532630000118,0
bus_noise_1_jpg_30.jpg,/kaggle/working/MDFS/data/MDIVL/extracted/MDIVL/MDIVL/Data_Noise_JPEG/bus_noise_1_jpg_30.jpg,Multiply Dist.,MDIVL/MDIVL/MD_IVLreference/OCEreferenceMD/bus.png,69.6393,20.705463409423828,0.08977807100018254,0
bus_noise_2_jpg_100.jpg,/kaggle/working/MDFS/data/MDIVL/extracted/MDIVL/MDIVL/Data_Noise_JPEG/bus_noise_2_jpg_100.jpg,Multiply Dist.,MDIVL/MDIVL/MD_IVLreference/OCEreferenceMD/bus.png,84.701,19.84969711303711,0.09192098600033205,0
bus_noise_2_jpg_30.jpg,/kaggle/working/MDFS/data/MDIVL/extracted/MDIVL/MDIVL/Data_Noise_JPEG/bus_noise_2_jpg_30.jpg,Multiply Dist.,MDIVL/MDIVL/MD_IVLreference/OCEreferenceMD/bus.png,56.8036,20.730512619018555,0.08797998199952417,0
bus_noise_3_jpg_100.jpg,/kaggle/working/MDFS/data/MDIVL/extracted/MDIVL/MDIVL/Data_Noise_JPEG/bus_noise_3_jpg_100.jpg,Multiply Dist.,MDIVL/MDIVL/MD_IVLreference/OCEreferenceMD/bus.png,79.4873,20.223665237426758,0.09394279200023448,0
bus_noise_3_jpg_30.jpg,/kaggle/working/MDFS/data/MDIVL/extracted/MDIVL/MDIVL/Data_Noise_JPEG/bus_noise_3_jpg_30.jpg,Multiply Dist.,MDIVL/MDIVL/MD_IVLreference/OCEreferenceMD/bus.png,52.6012,20.763385772705078,0.0899152559995855,0
bus_noise_4_jpg_100.jpg,/kaggle/working/MDFS/data/MDIVL/extracted/MDIVL/MDIVL/Data_Noise_JPEG/bus_noise_4_jpg_100.jpg,Multiply Dist.,MDIVL/MDIVL/MD_IVLreference/OCEreferenceMD/bus.png,58.3454,20.56352424621582,0.0938601430007111,0
bus_noise_4_jpg_30.jpg,/kaggle/working/MDFS/data/MDIVL/extracted/MDIVL/MDIVL/Data_Noise_JPEG/bus_noise_4_jpg_30.jpg,Multiply Dist.,MDIVL/MDIVL/MD_IVLreference/OCEreferenceMD/bus.png,64.0327,20.945756912231445,0.09052176000113832,0
bus_noise_5_jpg_100.jpg,/kaggle/working/MDFS/data/MDIVL/extracted/MDIVL/MDIVL/Data_Noise_JPEG/bus_noise_5_jpg_100.jpg,Multiply Dist.,MDIVL/MDIVL/MD_IVLreference/OCEreferenceMD/bus.png,64.4415,20.79767417907715,0.09390441499999724,0
bus_noise_5_jpg_30.jpg,/kaggle/working/MDFS/data/MDIVL/extracted/MDIVL/MDIVL/Data_Noise_JPEG/bus_noise_5_jpg_30.jpg,Multiply Dist.,MDIVL/MDIVL/MD_IVLreference/OCEreferenceMD/bus.png,42.5333,21.096139907836914,0.09108887300135393,0
bus_noise_6_jpg_100.jpg,/kaggle/working/MDFS/data/MDIVL/extracted/MDIVL/MDIVL/Data_Noise_JPEG/bus_noise_6_jpg_100.jpg,Multiply Dist.,MDIVL/MDIVL/MD_IVLreference/OCEreferenceMD/bus.png,43.7217,21.054319381713867,0.09479187400029332,0
bus_noise_6_jpg_30.jpg,/kaggle/working/MDFS/data/MDIVL/extracted/MDIVL/MDIVL/Data_Noise_JPEG/bus_noise_6_jpg_30.jpg,Multiply Dist.,MDIVL/MDIVL/MD_IVLreference/OCEreferenceMD/bus.png,37.2142,21.317562103271484,0.08761668099941744,0
bus_noise_8_jpg_100.jpg,/kaggle/working/MDFS/data/MDIVL/extracted/MDIVL/MDIVL/Data_Noise_JPEG/bus_noise_8_jpg_100.jpg,Multiply Dist.,MDIVL/MDIVL/MD_IVLreference/OCEreferenceMD/bus.png,44.1389,21.50933265686035,0.09433331500076747,0
bus_noise_8_jpg_30.jpg,/kaggle/working/MDFS/data/MDIVL/extracted/MDIVL/MDIVL/Data_Noise_JPEG/bus_noise_8_jpg_30.jpg,Multiply Dist.,MDIVL/MDIVL/MD_IVLreference/OCEreferenceMD/bus.png,41.7047,21.62603187561035,0.09026971100138326,0
bus_noise_10_jpg_100.jpg,/kaggle/working/MDFS/data/MDIVL/extracted/MDIVL/MDIVL/Data_Noise_JPEG/bus_noise_10_jpg_100.jpg,Multiply Dist.,MDIVL/MDIVL/MD_IVLreference/OCEreferenceMD/bus.png,31.6831,21.970312118530273,0.09343931600051292,0
bus_noise_10_jpg_30.jpg,/kaggle/working/MDFS/data/MDIVL/extracted/MDIVL/MDIVL/Data_Noise_JPEG/bus_noise_10_jpg_30.jpg,Multiply Dist.,MDIVL/MDIVL/MD_IVLreference/OCEreferenceMD/bus.png,31.7996,22.054601669311523,0.09064302899969334,0
bus_noise_12_jpg_100.jpg,/kaggle/working/MDFS/data/MDIVL/extracted/MDIVL/MDIVL/Data_Noise_JPEG/bus_noise_12_jpg_100.jpg,Multiply Dist.,MDIVL/MDIVL/MD_IVLreference/OCEreferenceMD/bus.png,29.3512,22.442413330078125,0.09507295799994608,0
bus_noise_12_jpg_30.jpg,/kaggle/working/MDFS/data/MDIVL/extracted/MDIVL/MDIVL/Data_Noise_JPEG/bus_noise_12_jpg_30.jpg,Multiply Dist.,MDIVL/MDIVL/MD_IVLreference/OCEreferenceMD/bus.png,26.9558,22.30284881591797,0.08989632300108497,0
bus_noise_14_jpg_100.jpg,/kaggle/working/MDFS/data/MDIVL/extracted/MDIVL/MDIVL/Data_Noise_JPEG/bus_noise_14_jpg_100.jpg,Multiply Dist.,MDIVL/MDIVL/MD_IVLreference/OCEreferenceMD/bus.png,23.687,22.740760803222656,0.09325157700004638,0
bus_noise_14_jpg_30.jpg,/kaggle/working/MDFS/data/MDIVL/extracted/MDIVL/MDIVL/Data_Noise_JPEG/bus_noise_14_jpg_30.jpg,Multiply Dist.,MDIVL/MDIVL/MD_IVLreference/OCEreferenceMD/bus.png,34.4709,22.54861831665039,0.09077098499983549,0
candies_noise_1_jpg_100.jpg,/kaggle/working/MDFS/data/MDIVL/extracted/MDIVL/MDIVL/Data_Noise_JPEG/candies_noise_1_jpg_100.jpg,Multiply Dist.,MDIVL/MDIVL/MD_IVLreference/OCEreferenceMD/candies.png,79.5219,20.20915985107422,0.09277375900092011,0
candies_noise_1_jpg_30.jpg,/kaggle/working/MDFS/data/MDIVL/extracted/MDIVL/MDIVL/Data_Noise_JPEG/candies_noise_1_jpg_30.jpg,Multiply Dist.,MDIVL/MDIVL/MD_IVLreference/OCEreferenceMD/candies.png,82.1228,21.946060180664062,0.08908202800012077,0
candies_noise_2_jpg_100.jpg,/kaggle/working/MDFS/data/MDIVL/extracted/MDIVL/MDIVL/Data_Noise_JPEG/candies_noise_2_jpg_100.jpg,Multiply Dist.,MDIVL/MDIVL/MD_IVLreference/OCEreferenceMD/candies.png,85.1451,20.872365951538086,0.09238690699930885,0
candies_noise_2_jpg_30.jpg,/kaggle/working/MDFS/data/MDIVL/extracted/MDIVL/MDIVL/Data_Noise_JPEG/candies_noise_2_jpg_30.jpg,Multiply Dist.,MDIVL/MDIVL/MD_IVLreference/OCEreferenceMD/candies.png,72.8388,22.01227378845215,0.08897496899953694,0
candies_noise_3_jpg_100.jpg,/kaggle/working/MDFS/data/MDIVL/extracted/MDIVL/MDIVL/Data_Noise_JPEG/candies_noise_3_jpg_100.jpg,Multiply Dist.,MDIVL/MDIVL/MD_IVLreference/OCEreferenceMD/candies.png,82.0312,21.387704849243164,0.09334160200160113,0
candies_noise_3_jpg_30.jpg,/kaggle/working/MDFS/data/MDIVL/extracted/MDIVL/MDIVL/Data_Noise_JPEG/candies_noise_3_jpg_30.jpg,Multiply Dist.,MDIVL/MDIVL/MD_IVLreference/OCEreferenceMD/candies.png,70.6457,22.141977310180664,0.08931164499881561,0
candies_noise_4_jpg_100.jpg,/kaggle/working/MDFS/data/MDIVL/extracted/MDIVL/MDIVL/Data_Noise_JPEG/candies_noise_4_jpg_100.jpg,Multiply Dist.,MDIVL/MDIVL/MD_IVLreference/OCEreferenceMD/candies.png,75.4092,21.77644157409668,0.09421309599929373,0
candies_noise_4_jpg_30.jpg,/kaggle/working/MDFS/data/MDIVL/extracted/MDIVL/MDIVL/Data_Noise_JPEG/candies_noise_4_jpg_30.jpg,Multiply Dist.,MDIVL/MDIVL/MD_IVLreference/OCEreferenceMD/candies.png,66.1548,22.375652313232422,0.09162437700069859,0
candies_noise_5_jpg_100.jpg,/kaggle/working/MDFS/data/MDIVL/extracted/MDIVL/MDIVL/Data_Noise_JPEG/candies_noise_5_jpg_100.jpg,Multiply Dist.,MDIVL/MDIVL/MD_IVLreference/OCEreferenceMD/candies.png,57.9192,22.08509635925293,0.09441649399923335,0
candies_noise_5_jpg_30.jpg,/kaggle/working/MDFS/data/MDIVL/extracted/MDIVL/MDIVL/Data_Noise_JPEG/candies_noise_5_jpg_30.jpg,Multiply Dist.,MDIVL/MDIVL/MD_IVLreference/OCEreferenceMD/candies.png,66.6017,22.46640968322754,0.08948843699909048,0
candies_noise_6_jpg_100.jpg,/kaggle/working/MDFS/data/MDIVL/extracted/MDIVL/MDIVL/Data_Noise_JPEG/candies_noise_6_jpg_100.jpg,Multiply Dist.,MDIVL/MDIVL/MD_IVLreference/OCEreferenceMD/candies.png,62.8226,22.401756286621094,0.09557774099994276,0
candies_noise_6_jpg_30.jpg,/kaggle/working/MDFS/data/MDIVL/extracted/MDIVL/MDIVL/Data_Noise_JPEG/candies_noise_6_jpg_30.jpg,Multiply Dist.,MDIVL/MDIVL/MD_IVLreference/OCEreferenceMD/candies.png,54.9242,22.79607582092285,0.08991419299854897,0
candies_noise_8_jpg_100.jpg,/kaggle/working/MDFS/data/MDIVL/extracted/MDIVL/MDIVL/Data_Noise_JPEG/candies_noise_8_jpg_100.jpg,Multiply Dist.,MDIVL/MDIVL/MD_IVLreference/OCEreferenceMD/candies.png,54.9517,23.02787208557129,0.09448303999852214,0
candies_noise_8_jpg_30.jpg,/kaggle/working/MDFS/data/MDIVL/extracted/MDIVL/MDIVL/Data_Noise_JPEG/candies_noise_8_jpg_30.jpg,Multiply Dist.,MDIVL/MDIVL/MD_IVLreference/OCEreferenceMD/candies.png,43.5268,23.206802368164062,0.09096495999983745,0
candies_noise_10_jpg_100.jpg,/kaggle/working/MDFS/data/MDIVL/extracted/MDIVL/MDIVL/Data_Noise_JPEG/candies_noise_10_jpg_100.jpg,Multiply Dist.,MDIVL/MDIVL/MD_IVLreference/OCEreferenceMD/candies.png,51.2522,23.5208740234375,0.09451918299964746,0
candies_noise_10_jpg_30.jpg,/kaggle/working/MDFS/data/MDIVL/extracted/MDIVL/MDIVL/Data_Noise_JPEG/candies_noise_10_jpg_30.jpg,Multiply Dist.,MDIVL/MDIVL/MD_IVLreference/OCEreferenceMD/candies.png,32.547,23.70667266845703,0.08982850199936365,0
candies_noise_12_jpg_100.jpg,/kaggle/working/MDFS/data/MDIVL/extracted/MDIVL/MDIVL/Data_Noise_JPEG/candies_noise_12_jpg_100.jpg,Multiply Dist.,MDIVL/MDIVL/MD_IVLreference/OCEreferenceMD/candies.png,46.9302,23.89189338684082,0.09468938799909665,0
candies_noise_12_jpg_30.jpg,/kaggle/working/MDFS/data/MDIVL/extracted/MDIVL/MDIVL/Data_Noise_JPEG/candies_noise_12_jpg_30.jpg,Multiply Dist.,MDIVL/MDIVL/MD_IVLreference/OCEreferenceMD/candies.png,43.2644,24.179073333740234,0.09007631199892785,0
candies_noise_14_jpg_100.jpg,/kaggle/working/MDFS/data/MDIVL/extracted/MDIVL/MDIVL/Data_Noise_JPEG/candies_noise_14_jpg_100.jpg,Multiply Dist.,MDIVL/MDIVL/MD_IVLreference/OCEreferenceMD/candies.png,34.9568,24.265993118286133,0.0938561060011125,0
candies_noise_14_jpg_30.jpg,/kaggle/working/MDFS/data/MDIVL/extracted/MDIVL/MDIVL/Data_Noise_JPEG/candies_noise_14_jpg_30.jpg,Multiply Dist.,MDIVL/MDIVL/MD_IVLreference/OCEreferenceMD/candies.png,31.6818,24.425968170166016,0.09064771800149174,0
chianti_noise_1_jpg_100.jpg,/kaggle/working/MDFS/data/MDIVL/extracted/MDIVL/MDIVL/Data_Noise_JPEG/chianti_noise_1_jpg_100.jpg,Multiply Dist.,MDIVL/MDIVL/MD_IVLreference/OCEreferenceMD/chianti.png,89.1305,19.252687454223633,0.0930030559993611,0
chianti_noise_1_jpg_30.jpg,/kaggle/working/MDFS/data/MDIVL/extracted/MDIVL/MDIVL/Data_Noise_JPEG/chianti_noise_1_jpg_30.jpg,Multiply Dist.,MDIVL/MDIVL/MD_IVLreference/OCEreferenceMD/chianti.png,61.8654,22.057971954345703,0.09021036000012828,0
chianti_noise_2_jpg_100.jpg,/kaggle/working/MDFS/data/MDIVL/extracted/MDIVL/MDIVL/Data_Noise_JPEG/chianti_noise_2_jpg_100.jpg,Multiply Dist.,MDIVL/MDIVL/MD_IVLreference/OCEreferenceMD/chianti.png,73.0293,19.562788009643555,0.09307545499905245,0
chianti_noise_2_jpg_30.jpg,/kaggle/working/MDFS/data/MDIVL/extracted/MDIVL/MDIVL/Data_Noise_JPEG/chianti_noise_2_jpg_30.jpg,Multiply Dist.,MDIVL/MDIVL/MD_IVLreference/OCEreferenceMD/chianti.png,43.3816,22.303312301635742,0.08946241599915083,0
chianti_noise_3_jpg_100.jpg,/kaggle/working/MDFS/data/MDIVL/extracted/MDIVL/MDIVL/Data_Noise_JPEG/chianti_noise_3_jpg_100.jpg,Multiply Dist.,MDIVL/MDIVL/MD_IVLreference/OCEreferenceMD/chianti.png,64.9233,19.812564849853516,0.09296926800016081,0
chianti_noise_3_jpg_30.jpg,/kaggle/working/MDFS/data/MDIVL/extracted/MDIVL/MDIVL/Data_Noise_JPEG/chianti_noise_3_jpg_30.jpg,Multiply Dist.,MDIVL/MDIVL/MD_IVLreference/OCEreferenceMD/chianti.png,38.5529,22.409982681274414,0.09131052900011127,0
chianti_noise_4_jpg_100.jpg,/kaggle/working/MDFS/data/MDIVL/extracted/MDIVL/MDIVL/Data_Noise_JPEG/chianti_noise_4_jpg_100.jpg,Multiply Dist.,MDIVL/MDIVL/MD_IVLreference/OCEreferenceMD/chianti.png,66.5748,20.192222595214844,0.09463355299885734,0
chianti_noise_4_jpg_30.jpg,/kaggle/working/MDFS/data/MDIVL/extracted/MDIVL/MDIVL/Data_Noise_JPEG/chianti_noise_4_jpg_30.jpg,Multiply Dist.,MDIVL/MDIVL/MD_IVLreference/OCEreferenceMD/chianti.png,43.5524,22.866018295288086,0.08818853199954901,0
chianti_noise_5_jpg_100.jpg,/kaggle/working/MDFS/data/MDIVL/extracted/MDIVL/MDIVL/Data_Noise_JPEG/chianti_noise_5_jpg_100.jpg,Multiply Dist.,MDIVL/MDIVL/MD_IVLreference/OCEreferenceMD/chianti.png,53.497,20.465229034423828,0.09430465500008722,0
chianti_noise_5_jpg_30.jpg,/kaggle/working/MDFS/data/MDIVL/extracted/MDIVL/MDIVL/Data_Noise_JPEG/chianti_noise_5_jpg_30.jpg,Multiply Dist.,MDIVL/MDIVL/MD_IVLreference/OCEreferenceMD/chianti.png,49.8082,23.21047019958496,0.09126731399919663,0
chianti_noise_6_jpg_100.jpg,/kaggle/working/MDFS/data/MDIVL/extracted/MDIVL/MDIVL/Data_Noise_JPEG/chianti_noise_6_jpg_100.jpg,Multiply Dist.,MDIVL/MDIVL/MD_IVLreference/OCEreferenceMD/chianti.png,40.8268,20.69093894958496,0.09384800499901758,0
chianti_noise_6_jpg_30.jpg,/kaggle/working/MDFS/data/MDIVL/extracted/MDIVL/MDIVL/Data_Noise_JPEG/chianti_noise_6_jpg_30.jpg,Multiply Dist.,MDIVL/MDIVL/MD_IVLreference/OCEreferenceMD/chianti.png,33.9828,23.46405029296875,0.08986658499998157,0
chianti_noise_8_jpg_100.jpg,/kaggle/working/MDFS/data/MDIVL/extracted/MDIVL/MDIVL/Data_Noise_JPEG/chianti_noise_8_jpg_100.jpg,Multiply Dist.,MDIVL/MDIVL/MD_IVLreference/OCEreferenceMD/chianti.png,35.1319,21.286012649536133,0.09512557000016386,0
chianti_noise_8_jpg_30.jpg,/kaggle/working/MDFS/data/MDIVL/extracted/MDIVL/MDIVL/Data_Noise_JPEG/chianti_noise_8_jpg_30.jpg,Multiply Dist.,MDIVL/MDIVL/MD_IVLreference/OCEreferenceMD/chianti.png,32.6056,24.105125427246094,0.09089590099938505,0
chianti_noise_10_jpg_100.jpg,/kaggle/working/MDFS/data/MDIVL/extracted/MDIVL/MDIVL/Data_Noise_JPEG/chianti_noise_10_jpg_100.jpg,Multiply Dist.,MDIVL/MDIVL/MD_IVLreference/OCEreferenceMD/chianti.png,28.2303,21.799108505249023,0.09561244099859323,0
chianti_noise_10_jpg_30.jpg,/kaggle/working/MDFS/data/MDIVL/extracted/MDIVL/MDIVL/Data_Noise_JPEG/chianti_noise_10_jpg_30.jpg,Multiply Dist.,MDIVL/MDIVL/MD_IVLreference/OCEreferenceMD/chianti.png,24.7412,24.04271697998047,0.09047764699971594,0
chianti_noise_12_jpg_100.jpg,/kaggle/working/MDFS/data/MDIVL/extracted/MDIVL/MDIVL/Data_Noise_JPEG/chianti_noise_12_jpg_100.jpg,Multiply Dist.,MDIVL/MDIVL/MD_IVLreference/OCEreferenceMD/chianti.png,24.75,22.26677894592285,0.09507519299950218,0
chianti_noise_12_jpg_30.jpg,/kaggle/working/MDFS/data/MDIVL/extracted/MDIVL/MDIVL/Data_Noise_JPEG/chianti_noise_12_jpg_30.jpg,Multiply Dist.,MDIVL/MDIVL/MD_IVLreference/OCEreferenceMD/chianti.png,20.7847,24.187358856201172,0.09088938099921506,0
chianti_noise_14_jpg_100.jpg,/kaggle/working/MDFS/data/MDIVL/extracted/MDIVL/MDIVL/Data_Noise_JPEG/chianti_noise_14_jpg_100.jpg,Multiply Dist.,MDIVL/MDIVL/MD_IVLreference/OCEreferenceMD/chianti.png,21.4358,22.94698715209961,0.09588209699904837,0
chianti_noise_14_jpg_30.jpg,/kaggle/working/MDFS/data/MDIVL/extracted/MDIVL/MDIVL/Data_Noise_JPEG/chianti_noise_14_jpg_30.jpg,Multiply Dist.,MDIVL/MDIVL/MD_IVLreference/OCEreferenceMD/chianti.png,18.6583,24.254079818725586,0.08899543699953938,0
dancers1_noise_1_jpg_100.jpg,/kaggle/working/MDFS/data/MDIVL/extracted/MDIVL/MDIVL/Data_Noise_JPEG/dancers1_noise_1_jpg_100.jpg,Multiply Dist.,MDIVL/MDIVL/MD_IVLreference/OCEreferenceMD/dancers1.png,97.9742,21.244619369506836,0.09393325199926039,0
dancers1_noise_1_jpg_30.jpg,/kaggle/working/MDFS/data/MDIVL/extracted/MDIVL/MDIVL/Data_Noise_JPEG/dancers1_noise_1_jpg_30.jpg,Multiply Dist.,MDIVL/MDIVL/MD_IVLreference/OCEreferenceMD/dancers1.png,51.862,23.064332962036133,0.08807619099934527,0
dancers1_noise_2_jpg_100.jpg,/kaggle/working/MDFS/data/MDIVL/extracted/MDIVL/MDIVL/Data_Noise_JPEG/dancers1_noise_2_jpg_100.jpg,Multiply Dist.,MDIVL/MDIVL/MD_IVLreference/OCEreferenceMD/dancers1.png,84.2547,22.16551971435547,0.09362971799964726,0
dancers1_noise_2_jpg_30.jpg,/kaggle/working/MDFS/data/MDIVL/extracted/MDIVL/MDIVL/Data_Noise_JPEG/dancers1_noise_2_jpg_30.jpg,Multiply Dist.,MDIVL/MDIVL/MD_IVLreference/OCEreferenceMD/dancers1.png,74.3321,23.11465835571289,0.09029627199925017,0
dancers1_noise_3_jpg_100.jpg,/kaggle/working/MDFS/data/MDIVL/extracted/MDIVL/MDIVL/Data_Noise_JPEG/dancers1_noise_3_jpg_100.jpg,Multiply Dist.,MDIVL/MDIVL/MD_IVLreference/OCEreferenceMD/dancers1.png,64.4795,22.902278900146484,0.09409724500073935,0
dancers1_noise_3_jpg_30.jpg,/kaggle/working/MDFS/data/MDIVL/extracted/MDIVL/MDIVL/Data_Noise_JPEG/dancers1_noise_3_jpg_30.jpg,Multiply Dist.,MDIVL/MDIVL/MD_IVLreference/OCEreferenceMD/dancers1.png,55.9822,23.347105026245117,0.08911543800059007,0
dancers1_noise_4_jpg_100.jpg,/kaggle/working/MDFS/data/MDIVL/extracted/MDIVL/MDIVL/Data_Noise_JPEG/dancers1_noise_4_jpg_100.jpg,Multiply Dist.,MDIVL/MDIVL/MD_IVLreference/OCEreferenceMD/dancers1.png,74.3835,23.775598526000977,0.09520582299956004,0
dancers1_noise_4_jpg_30.jpg,/kaggle/working/MDFS/data/MDIVL/extracted/MDIVL/MDIVL/Data_Noise_JPEG/dancers1_noise_4_jpg_30.jpg,Multiply Dist.,MDIVL/MDIVL/MD_IVLreference/OCEreferenceMD/dancers1.png,70.272,23.722488403320312,0.09142870200048492,0
dancers1_noise_5_jpg_100.jpg,/kaggle/working/MDFS/data/MDIVL/extracted/MDIVL/MDIVL/Data_Noise_JPEG/dancers1_noise_5_jpg_100.jpg,Multiply Dist.,MDIVL/MDIVL/MD_IVLreference/OCEreferenceMD/dancers1.png,52.9458,24.491943359375,0.09383282000089821,0
dancers1_noise_5_jpg_30.jpg,/kaggle/working/MDFS/data/MDIVL/extracted/MDIVL/MDIVL/Data_Noise_JPEG/dancers1_noise_5_jpg_30.jpg,Multiply Dist.,MDIVL/MDIVL/MD_IVLreference/OCEreferenceMD/dancers1.png,41.8675,24.56155014038086,0.08986894300142012,0
dancers1_noise_6_jpg_100.jpg,/kaggle/working/MDFS/data/MDIVL/extracted/MDIVL/MDIVL/Data_Noise_JPEG/dancers1_noise_6_jpg_100.jpg,Multiply Dist.,MDIVL/MDIVL/MD_IVLreference/OCEreferenceMD/dancers1.png,52.9699,24.9725341796875,0.09569573400040099,0
dancers1_noise_6_jpg_30.jpg,/kaggle/working/MDFS/data/MDIVL/extracted/MDIVL/MDIVL/Data_Noise_JPEG/dancers1_noise_6_jpg_30.jpg,Multiply Dist.,MDIVL/MDIVL/MD_IVLreference/OCEreferenceMD/dancers1.png,39.5507,25.43366813659668,0.09088261100077943,0
dancers1_noise_8_jpg_100.jpg,/kaggle/working/MDFS/data/MDIVL/extracted/MDIVL/MDIVL/Data_Noise_JPEG/dancers1_noise_8_jpg_100.jpg,Multiply Dist.,MDIVL/MDIVL/MD_IVLreference/OCEreferenceMD/dancers1.png,31.0178,26.343013763427734,0.09647475100064185,0
dancers1_noise_8_jpg_30.jpg,/kaggle/working/MDFS/data/MDIVL/extracted/MDIVL/MDIVL/Data_Noise_JPEG/dancers1_noise_8_jpg_30.jpg,Multiply Dist.,MDIVL/MDIVL/MD_IVLreference/OCEreferenceMD/dancers1.png,30.6066,26.23055076599121,0.08899529500013159,0
dancers1_noise_10_jpg_100.jpg,/kaggle/working/MDFS/data/MDIVL/extracted/MDIVL/MDIVL/Data_Noise_JPEG/dancers1_noise_10_jpg_100.jpg,Multiply Dist.,MDIVL/MDIVL/MD_IVLreference/OCEreferenceMD/dancers1.png,35.6284,27.19059944152832,0.09207495200098492,0
dancers1_noise_10_jpg_30.jpg,/kaggle/working/MDFS/data/MDIVL/extracted/MDIVL/MDIVL/Data_Noise_JPEG/dancers1_noise_10_jpg_30.jpg,Multiply Dist.,MDIVL/MDIVL/MD_IVLreference/OCEreferenceMD/dancers1.png,29.2711,27.003129959106445,0.08895764600129041,0
dancers1_noise_12_jpg_100.jpg,/kaggle/working/MDFS/data/MDIVL/extracted/MDIVL/MDIVL/Data_Noise_JPEG/dancers1_noise_12_jpg_100.jpg,Multiply Dist.,MDIVL/MDIVL/MD_IVLreference/OCEreferenceMD/dancers1.png,29.1813,28.180294036865234,0.09456185899944103,0
dancers1_noise_12_jpg_30.jpg,/kaggle/working/MDFS/data/MDIVL/extracted/MDIVL/MDIVL/Data_Noise_JPEG/dancers1_noise_12_jpg_30.jpg,Multiply Dist.,MDIVL/MDIVL/MD_IVLreference/OCEreferenceMD/dancers1.png,25.9241,27.57335662841797,0.09083111099971575,0
dancers1_noise_14_jpg_100.jpg,/kaggle/working/MDFS/data/MDIVL/extracted/MDIVL/MDIVL/Data_Noise_JPEG/dancers1_noise_14_jpg_100.jpg,Multiply Dist.,MDIVL/MDIVL/MD_IVLreference/OCEreferenceMD/dancers1.png,22.0751,28.963478088378906,0.09505985200121359,0
dancers1_noise_14_jpg_30.jpg,/kaggle/working/MDFS/data/MDIVL/extracted/MDIVL/MDIVL/Data_Noise_JPEG/dancers1_noise_14_jpg_30.jpg,Multiply Dist.,MDIVL/MDIVL/MD_IVLreference/OCEreferenceMD/dancers1.png,21.8656,28.23410987854004,0.09072041299987177,0
home_noise_1_jpg_100.jpg,/kaggle/working/MDFS/data/MDIVL/extracted/MDIVL/MDIVL/Data_Noise_JPEG/home_noise_1_jpg_100.jpg,Multiply Dist.,MDIVL/MDIVL/MD_IVLreference/OCEreferenceMD/home.png,90.867,19.672910690307617,0.09601288299927546,0
home_noise_1_jpg_30.jpg,/kaggle/working/MDFS/data/MDIVL/extracted/MDIVL/MDIVL/Data_Noise_JPEG/home_noise_1_jpg_30.jpg,Multiply Dist.,MDIVL/MDIVL/MD_IVLreference/OCEreferenceMD/home.png,74.8509,21.642845153808594,0.09209127000031003,0
home_noise_2_jpg_100.jpg,/kaggle/working/MDFS/data/MDIVL/extracted/MDIVL/MDIVL/Data_Noise_JPEG/home_noise_2_jpg_100.jpg,Multiply Dist.,MDIVL/MDIVL/MD_IVLreference/OCEreferenceMD/home.png,84.5114,20.18715476989746,0.09362088600028073,0
home_noise_2_jpg_30.jpg,/kaggle/working/MDFS/data/MDIVL/extracted/MDIVL/MDIVL/Data_Noise_JPEG/home_noise_2_jpg_30.jpg,Multiply Dist.,MDIVL/MDIVL/MD_IVLreference/OCEreferenceMD/home.png,55.9287,21.672958374023438,0.09216914200078463,0
home_noise_3_jpg_100.jpg,/kaggle/working/MDFS/data/MDIVL/extracted/MDIVL/MDIVL/Data_Noise_JPEG/home_noise_3_jpg_100.jpg,Multiply Dist.,MDIVL/MDIVL/MD_IVLreference/OCEreferenceMD/home.png,78.4845,20.732765197753906,0.09520555599920044,0
home_noise_3_jpg_30.jpg,/kaggle/working/MDFS/data/MDIVL/extracted/MDIVL/MDIVL/Data_Noise_JPEG/home_noise_3_jpg_30.jpg,Multiply Dist.,MDIVL/MDIVL/MD_IVLreference/OCEreferenceMD/home.png,63.0569,21.824562072753906,0.09226588599995011,0
home_noise_4_jpg_100.jpg,/kaggle/working/MDFS/data/MDIVL/extracted/MDIVL/MDIVL/Data_Noise_JPEG/home_noise_4_jpg_100.jpg,Multiply Dist.,MDIVL/MDIVL/MD_IVLreference/OCEreferenceMD/home.png,64.9765,21.12405776977539,0.09518977399966388,0
home_noise_4_jpg_30.jpg,/kaggle/working/MDFS/data/MDIVL/extracted/MDIVL/MDIVL/Data_Noise_JPEG/home_noise_4_jpg_30.jpg,Multiply Dist.,MDIVL/MDIVL/MD_IVLreference/OCEreferenceMD/home.png,67.9969,21.926546096801758,0.09157901000071433,0
home_noise_5_jpg_100.jpg,/kaggle/working/MDFS/data/MDIVL/extracted/MDIVL/MDIVL/Data_Noise_JPEG/home_noise_5_jpg_100.jpg,Multiply Dist.,MDIVL/MDIVL/MD_IVLreference/OCEreferenceMD/home.png,63.0704,21.520689010620117,0.09505763400011347,0
home_noise_5_jpg_30.jpg,/kaggle/working/MDFS/data/MDIVL/extracted/MDIVL/MDIVL/Data_Noise_JPEG/home_noise_5_jpg_30.jpg,Multiply Dist.,MDIVL/MDIVL/MD_IVLreference/OCEreferenceMD/home.png,42.9369,22.156496047973633,0.09123148899925582,0
home_noise_6_jpg_100.jpg,/kaggle/working/MDFS/data/MDIVL/extracted/MDIVL/MDIVL/Data_Noise_JPEG/home_noise_6_jpg_100.jpg,Multiply Dist.,MDIVL/MDIVL/MD_IVLreference/OCEreferenceMD/home.png,54.2859,21.864524841308594,0.09411469000042416,0
home_noise_6_jpg_30.jpg,/kaggle/working/MDFS/data/MDIVL/extracted/MDIVL/MDIVL/Data_Noise_JPEG/home_noise_6_jpg_30.jpg,Multiply Dist.,MDIVL/MDIVL/MD_IVLreference/OCEreferenceMD/home.png,53.6593,22.43577003479004,0.09146559500004514,0
home_noise_8_jpg_100.jpg,/kaggle/working/MDFS/data/MDIVL/extracted/MDIVL/MDIVL/Data_Noise_JPEG/home_noise_8_jpg_100.jpg,Multiply Dist.,MDIVL/MDIVL/MD_IVLreference/OCEreferenceMD/home.png,42.9704,22.675981521606445,0.0956566050008405,0
home_noise_8_jpg_30.jpg,/kaggle/working/MDFS/data/MDIVL/extracted/MDIVL/MDIVL/Data_Noise_JPEG/home_noise_8_jpg_30.jpg,Multiply Dist.,MDIVL/MDIVL/MD_IVLreference/OCEreferenceMD/home.png,46.6586,23.014352798461914,0.09208815100100765,0
home_noise_10_jpg_100.jpg,/kaggle/working/MDFS/data/MDIVL/extracted/MDIVL/MDIVL/Data_Noise_JPEG/home_noise_10_jpg_100.jpg,Multiply Dist.,MDIVL/MDIVL/MD_IVLreference/OCEreferenceMD/home.png,35.1523,23.2298526763916,0.09458930700020574,0
home_noise_10_jpg_30.jpg,/kaggle/working/MDFS/data/MDIVL/extracted/MDIVL/MDIVL/Data_Noise_JPEG/home_noise_10_jpg_30.jpg,Multiply Dist.,MDIVL/MDIVL/MD_IVLreference/OCEreferenceMD/home.png,27.0764,23.648149490356445,0.09114302699890686,0
home_noise_12_jpg_100.jpg,/kaggle/working/MDFS/data/MDIVL/extracted/MDIVL/MDIVL/Data_Noise_JPEG/home_noise_12_jpg_100.jpg,Multiply Dist.,MDIVL/MDIVL/MD_IVLreference/OCEreferenceMD/home.png,33.8706,23.698747634887695,0.09585682099896076,0
home_noise_12_jpg_30.jpg,/kaggle/working/MDFS/data/MDIVL/extracted/MDIVL/MDIVL/Data_Noise_JPEG/home_noise_12_jpg_30.jpg,Multiply Dist.,MDIVL/MDIVL/MD_IVLreference/OCEreferenceMD/home.png,29.3153,23.924196243286133,0.091207776000374,0
home_noise_14_jpg_100.jpg,/kaggle/working/MDFS/data/MDIVL/extracted/MDIVL/MDIVL/Data_Noise_JPEG/home_noise_14_jpg_100.jpg,Multiply Dist.,MDIVL/MDIVL/MD_IVLreference/OCEreferenceMD/home.png,24.708,24.256826400756836,0.0955941049996909,0
home_noise_14_jpg_30.jpg,/kaggle/working/MDFS/data/MDIVL/extracted/MDIVL/MDIVL/Data_Noise_JPEG/home_noise_14_jpg_30.jpg,Multiply Dist.,MDIVL/MDIVL/MD_IVLreference/OCEreferenceMD/home.png,15.8403,24.43404197692871,0.09189768800024467,0
manikin_noise_1_jpg_100.jpg,/kaggle/working/MDFS/data/MDIVL/extracted/MDIVL/MDIVL/Data_Noise_JPEG/manikin_noise_1_jpg_100.jpg,Multiply Dist.,MDIVL/MDIVL/MD_IVLreference/OCEreferenceMD/manikin.png,93.4257,20.71930503845215,0.09440609699959168,0
manikin_noise_1_jpg_30.jpg,/kaggle/working/MDFS/data/MDIVL/extracted/MDIVL/MDIVL/Data_Noise_JPEG/manikin_noise_1_jpg_30.jpg,Multiply Dist.,MDIVL/MDIVL/MD_IVLreference/OCEreferenceMD/manikin.png,49.8788,24.431325912475586,0.08983124099904671,0
manikin_noise_2_jpg_100.jpg,/kaggle/working/MDFS/data/MDIVL/extracted/MDIVL/MDIVL/Data_Noise_JPEG/manikin_noise_2_jpg_100.jpg,Multiply Dist.,MDIVL/MDIVL/MD_IVLreference/OCEreferenceMD/manikin.png,81.6542,22.132722854614258,0.09403582800041477,0
manikin_noise_2_jpg_30.jpg,/kaggle/working/MDFS/data/MDIVL/extracted/MDIVL/MDIVL/Data_Noise_JPEG/manikin_noise_2_jpg_30.jpg,Multiply Dist.,MDIVL/MDIVL/MD_IVLreference/OCEreferenceMD/manikin.png,43.6697,24.4339656829834,0.0886106350008049,0
manikin_noise_3_jpg_100.jpg,/kaggle/working/MDFS/data/MDIVL/extracted/MDIVL/MDIVL/Data_Noise_JPEG/manikin_noise_3_jpg_100.jpg,Multiply Dist.,MDIVL/MDIVL/MD_IVLreference/OCEreferenceMD/manikin.png,63.1584,23.550952911376953,0.09621470700039936,0
manikin_noise_3_jpg_30.jpg,/kaggle/working/MDFS/data/MDIVL/extracted/MDIVL/MDIVL/Data_Noise_JPEG/manikin_noise_3_jpg_30.jpg,Multiply Dist.,MDIVL/MDIVL/MD_IVLreference/OCEreferenceMD/manikin.png,53.5101,24.59096336364746,0.0910438589999103,0
manikin_noise_4_jpg_100.jpg,/kaggle/working/MDFS/data/MDIVL/extracted/MDIVL/MDIVL/Data_Noise_JPEG/manikin_noise_4_jpg_100.jpg,Multiply Dist.,MDIVL/MDIVL/MD_IVLreference/OCEreferenceMD/manikin.png,65.2268,24.845233917236328,0.09410543700141716,0
manikin_noise_4_jpg_30.jpg,/kaggle/working/MDFS/data/MDIVL/extracted/MDIVL/MDIVL/Data_Noise_JPEG/manikin_noise_4_jpg_30.jpg,Multiply Dist.,MDIVL/MDIVL/MD_IVLreference/OCEreferenceMD/manikin.png,61.6544,26.07897186279297,0.09172141499948339,0
manikin_noise_5_jpg_100.jpg,/kaggle/working/MDFS/data/MDIVL/extracted/MDIVL/MDIVL/Data_Noise_JPEG/manikin_noise_5_jpg_100.jpg,Multiply Dist.,MDIVL/MDIVL/MD_IVLreference/OCEreferenceMD/manikin.png,50.552,25.70753288269043,0.0965885489986249,0
manikin_noise_5_jpg_30.jpg,/kaggle/working/MDFS/data/MDIVL/extracted/MDIVL/MDIVL/Data_Noise_JPEG/manikin_noise_5_jpg_30.jpg,Multiply Dist.,MDIVL/MDIVL/MD_IVLreference/OCEreferenceMD/manikin.png,33.0438,27.526823043823242,0.0908382019988494,0
manikin_noise_6_jpg_100.jpg,/kaggle/working/MDFS/data/MDIVL/extracted/MDIVL/MDIVL/Data_Noise_JPEG/manikin_noise_6_jpg_100.jpg,Multiply Dist.,MDIVL/MDIVL/MD_IVLreference/OCEreferenceMD/manikin.png,40.0491,26.8599853515625,0.0953499869992811,0
manikin_noise_6_jpg_30.jpg,/kaggle/working/MDFS/data/MDIVL/extracted/MDIVL/MDIVL/Data_Noise_JPEG/manikin_noise_6_jpg_30.jpg,Multiply Dist.,MDIVL/MDIVL/MD_IVLreference/OCEreferenceMD/manikin.png,34.1904,28.759132385253906,0.09045491899996705,0
manikin_noise_8_jpg_100.jpg,/kaggle/working/MDFS/data/MDIVL/extracted/MDIVL/MDIVL/Data_Noise_JPEG/manikin_noise_8_jpg_100.jpg,Multiply Dist.,MDIVL/MDIVL/MD_IVLreference/OCEreferenceMD/manikin.png,36.3123,28.51014518737793,0.0935994200008281,0
manikin_noise_8_jpg_30.jpg,/kaggle/working/MDFS/data/MDIVL/extracted/MDIVL/MDIVL/Data_Noise_JPEG/manikin_noise_8_jpg_30.jpg,Multiply Dist.,MDIVL/MDIVL/MD_IVLreference/OCEreferenceMD/manikin.png,30.9668,30.640796661376953,0.0892980329990678,0
manikin_noise_10_jpg_100.jpg,/kaggle/working/MDFS/data/MDIVL/extracted/MDIVL/MDIVL/Data_Noise_JPEG/manikin_noise_10_jpg_100.jpg,Multiply Dist.,MDIVL/MDIVL/MD_IVLreference/OCEreferenceMD/manikin.png,23.499,29.500080108642578,0.09561758199924952,0
manikin_noise_10_jpg_30.jpg,/kaggle/working/MDFS/data/MDIVL/extracted/MDIVL/MDIVL/Data_Noise_JPEG/manikin_noise_10_jpg_30.jpg,Multiply Dist.,MDIVL/MDIVL/MD_IVLreference/OCEreferenceMD/manikin.png,25.7699,31.075361251831055,0.0910841849999997,0
manikin_noise_12_jpg_100.jpg,/kaggle/working/MDFS/data/MDIVL/extracted/MDIVL/MDIVL/Data_Noise_JPEG/manikin_noise_12_jpg_100.jpg,Multiply Dist.,MDIVL/MDIVL/MD_IVLreference/OCEreferenceMD/manikin.png,17.5313,30.072996139526367,0.09421285600001283,0
manikin_noise_12_jpg_30.jpg,/kaggle/working/MDFS/data/MDIVL/extracted/MDIVL/MDIVL/Data_Noise_JPEG/manikin_noise_12_jpg_30.jpg,Multiply Dist.,MDIVL/MDIVL/MD_IVLreference/OCEreferenceMD/manikin.png,26.2174,31.875761032104492,0.09138658399933774,0
manikin_noise_14_jpg_100.jpg,/kaggle/working/MDFS/data/MDIVL/extracted/MDIVL/MDIVL/Data_Noise_JPEG/manikin_noise_14_jpg_100.jpg,Multiply Dist.,MDIVL/MDIVL/MD_IVLreference/OCEreferenceMD/manikin.png,20.877,30.45623207092285,0.09304696700019122,0
manikin_noise_14_jpg_30.jpg,/kaggle/working/MDFS/data/MDIVL/extracted/MDIVL/MDIVL/Data_Noise_JPEG/manikin_noise_14_jpg_30.jpg,Multiply Dist.,MDIVL/MDIVL/MD_IVLreference/OCEreferenceMD/manikin.png,25.2682,31.84457015991211,0.08974399999897287,0
metro_noise_1_jpg_100.jpg,/kaggle/working/MDFS/data/MDIVL/extracted/MDIVL/MDIVL/Data_Noise_JPEG/metro_noise_1_jpg_100.jpg,Multiply Dist.,MDIVL/MDIVL/MD_IVLreference/OCEreferenceMD/metro.png,94.0713,22.111400604248047,0.09366615700128023,0
metro_noise_1_jpg_30.jpg,/kaggle/working/MDFS/data/MDIVL/extracted/MDIVL/MDIVL/Data_Noise_JPEG/metro_noise_1_jpg_30.jpg,Multiply Dist.,MDIVL/MDIVL/MD_IVLreference/OCEreferenceMD/metro.png,68.403,25.657129287719727,0.0909656610001548,0
metro_noise_2_jpg_100.jpg,/kaggle/working/MDFS/data/MDIVL/extracted/MDIVL/MDIVL/Data_Noise_JPEG/metro_noise_2_jpg_100.jpg,Multiply Dist.,MDIVL/MDIVL/MD_IVLreference/OCEreferenceMD/metro.png,84.8513,23.260501861572266,0.09510452799986524,0
metro_noise_2_jpg_30.jpg,/kaggle/working/MDFS/data/MDIVL/extracted/MDIVL/MDIVL/Data_Noise_JPEG/metro_noise_2_jpg_30.jpg,Multiply Dist.,MDIVL/MDIVL/MD_IVLreference/OCEreferenceMD/metro.png,54.1872,25.642227172851562,0.0916955640004744,0
metro_noise_3_jpg_100.jpg,/kaggle/working/MDFS/data/MDIVL/extracted/MDIVL/MDIVL/Data_Noise_JPEG/metro_noise_3_jpg_100.jpg,Multiply Dist.,MDIVL/MDIVL/MD_IVLreference/OCEreferenceMD/metro.png,46.7675,24.521574020385742,0.09313770900007512,0
metro_noise_3_jpg_30.jpg,/kaggle/working/MDFS/data/MDIVL/extracted/MDIVL/MDIVL/Data_Noise_JPEG/metro_noise_3_jpg_30.jpg,Multiply Dist.,MDIVL/MDIVL/MD_IVLreference/OCEreferenceMD/metro.png,39.4885,25.986711502075195,0.0904418350000924,0
metro_noise_4_jpg_100.jpg,/kaggle/working/MDFS/data/MDIVL/extracted/MDIVL/MDIVL/Data_Noise_JPEG/metro_noise_4_jpg_100.jpg,Multiply Dist.,MDIVL/MDIVL/MD_IVLreference/OCEreferenceMD/metro.png,70.759,25.289823532104492,0.09527142300066771,0
metro_noise_4_jpg_30.jpg,/kaggle/working/MDFS/data/MDIVL/extracted/MDIVL/MDIVL/Data_Noise_JPEG/metro_noise_4_jpg_30.jpg,Multiply Dist.,MDIVL/MDIVL/MD_IVLreference/OCEreferenceMD/metro.png,56.9035,26.518299102783203,0.09146517999943171,0
metro_noise_5_jpg_100.jpg,/kaggle/working/MDFS/data/MDIVL/extracted/MDIVL/MDIVL/Data_Noise_JPEG/metro_noise_5_jpg_100.jpg,Multiply Dist.,MDIVL/MDIVL/MD_IVLreference/OCEreferenceMD/metro.png,47.0302,26.525341033935547,0.09492668799975945,0
metro_noise_5_jpg_30.jpg,/kaggle/working/MDFS/data/MDIVL/extracted/MDIVL/MDIVL/Data_Noise_JPEG/metro_noise_5_jpg_30.jpg,Multiply Dist.,MDIVL/MDIVL/MD_IVLreference/OCEreferenceMD/metro.png,47.0847,27.393503189086914,0.08999086800031364,0
metro_noise_6_jpg_100.jpg,/kaggle/working/MDFS/data/MDIVL/extracted/MDIVL/MDIVL/Data_Noise_JPEG/metro_noise_6_jpg_100.jpg,Multiply Dist.,MDIVL/MDIVL/MD_IVLreference/OCEreferenceMD/metro.png,37.1327,27.237180709838867,0.09474674400007643,0
metro_noise_6_jpg_30.jpg,/kaggle/working/MDFS/data/MDIVL/extracted/MDIVL/MDIVL/Data_Noise_JPEG/metro_noise_6_jpg_30.jpg,Multiply Dist.,MDIVL/MDIVL/MD_IVLreference/OCEreferenceMD/metro.png,39.9678,28.728797912597656,0.09114376899924537,0
metro_noise_8_jpg_100.jpg,/kaggle/working/MDFS/data/MDIVL/extracted/MDIVL/MDIVL/Data_Noise_JPEG/metro_noise_8_jpg_100.jpg,Multiply Dist.,MDIVL/MDIVL/MD_IVLreference/OCEreferenceMD/metro.png,38.6544,28.559797286987305,0.09488174999933108,0
metro_noise_8_jpg_30.jpg,/kaggle/working/MDFS/data/MDIVL/extracted/MDIVL/MDIVL/Data_Noise_JPEG/metro_noise_8_jpg_30.jpg,Multiply Dist.,MDIVL/MDIVL/MD_IVLreference/OCEreferenceMD/metro.png,28.4842,30.446474075317383,0.0919040179996955,0
metro_noise_10_jpg_100.jpg,/kaggle/working/MDFS/data/MDIVL/extracted/MDIVL/MDIVL/Data_Noise_JPEG/metro_noise_10_jpg_100.jpg,Multiply Dist.,MDIVL/MDIVL/MD_IVLreference/OCEreferenceMD/metro.png,31.5813,29.92379379272461,0.09570547600014834,0
metro_noise_10_jpg_30.jpg,/kaggle/working/MDFS/data/MDIVL/extracted/MDIVL/MDIVL/Data_Noise_JPEG/metro_noise_10_jpg_30.jpg,Multiply Dist.,MDIVL/MDIVL/MD_IVLreference/OCEreferenceMD/metro.png,21.9665,32.00273132324219,0.09189990900085832,0
metro_noise_12_jpg_100.jpg,/kaggle/working/MDFS/data/MDIVL/extracted/MDIVL/MDIVL/Data_Noise_JPEG/metro_noise_12_jpg_100.jpg,Multiply Dist.,MDIVL/MDIVL/MD_IVLreference/OCEreferenceMD/metro.png,22.4144,30.186172485351562,0.09530986299978395,0
metro_noise_12_jpg_30.jpg,/kaggle/working/MDFS/data/MDIVL/extracted/MDIVL/MDIVL/Data_Noise_JPEG/metro_noise_12_jpg_30.jpg,Multiply Dist.,MDIVL/MDIVL/MD_IVLreference/OCEreferenceMD/metro.png,23.8856,32.06625747680664,0.09162707999894337,0
metro_noise_14_jpg_100.jpg,/kaggle/working/MDFS/data/MDIVL/extracted/MDIVL/MDIVL/Data_Noise_JPEG/metro_noise_14_jpg_100.jpg,Multiply Dist.,MDIVL/MDIVL/MD_IVLreference/OCEreferenceMD/metro.png,23.3055,30.978647232055664,0.09299489900149638,0
metro_noise_14_jpg_30.jpg,/kaggle/working/MDFS/data/MDIVL/extracted/MDIVL/MDIVL/Data_Noise_JPEG/metro_noise_14_jpg_30.jpg,Multiply Dist.,MDIVL/MDIVL/MD_IVLreference/OCEreferenceMD/metro.png,23.0352,32.14680862426758,0.09146479799892404,0
mountain_noise_1_jpg_100.jpg,/kaggle/working/MDFS/data/MDIVL/extracted/MDIVL/MDIVL/Data_Noise_JPEG/mountain_noise_1_jpg_100.jpg,Multiply Dist.,MDIVL/MDIVL/MD_IVLreference/OCEreferenceMD/mountain.png,83.4046,19.986980438232422,0.09463017899906845,0
mountain_noise_1_jpg_30.jpg,/kaggle/working/MDFS/data/MDIVL/extracted/MDIVL/MDIVL/Data_Noise_JPEG/mountain_noise_1_jpg_30.jpg,Multiply Dist.,MDIVL/MDIVL/MD_IVLreference/OCEreferenceMD/mountain.png,65.1346,23.99190902709961,0.09350833999997121,0
mountain_noise_2_jpg_100.jpg,/kaggle/working/MDFS/data/MDIVL/extracted/MDIVL/MDIVL/Data_Noise_JPEG/mountain_noise_2_jpg_100.jpg,Multiply Dist.,MDIVL/MDIVL/MD_IVLreference/OCEreferenceMD/mountain.png,77.6004,20.38381576538086,0.09381155700066302,0
mountain_noise_2_jpg_30.jpg,/kaggle/working/MDFS/data/MDIVL/extracted/MDIVL/MDIVL/Data_Noise_JPEG/mountain_noise_2_jpg_30.jpg,Multiply Dist.,MDIVL/MDIVL/MD_IVLreference/OCEreferenceMD/mountain.png,57.793,24.084211349487305,0.08960440500050026,0
mountain_noise_3_jpg_100.jpg,/kaggle/working/MDFS/data/MDIVL/extracted/MDIVL/MDIVL/Data_Noise_JPEG/mountain_noise_3_jpg_100.jpg,Multiply Dist.,MDIVL/MDIVL/MD_IVLreference/OCEreferenceMD/mountain.png,72.5764,20.74237060546875,0.09629211100036628,0
mountain_noise_3_jpg_30.jpg,/kaggle/working/MDFS/data/MDIVL/extracted/MDIVL/MDIVL/Data_Noise_JPEG/mountain_noise_3_jpg_30.jpg,Multiply Dist.,MDIVL/MDIVL/MD_IVLreference/OCEreferenceMD/mountain.png,58.6156,24.363006591796875,0.08974619900072867,0
mountain_noise_4_jpg_100.jpg,/kaggle/working/MDFS/data/MDIVL/extracted/MDIVL/MDIVL/Data_Noise_JPEG/mountain_noise_4_jpg_100.jpg,Multiply Dist.,MDIVL/MDIVL/MD_IVLreference/OCEreferenceMD/mountain.png,66.8581,21.16390037536621,0.09474810699975933,0
mountain_noise_4_jpg_30.jpg,/kaggle/working/MDFS/data/MDIVL/extracted/MDIVL/MDIVL/Data_Noise_JPEG/mountain_noise_4_jpg_30.jpg,Multiply Dist.,MDIVL/MDIVL/MD_IVLreference/OCEreferenceMD/mountain.png,45.7894,24.74789047241211,0.09084625200011942,0
mountain_noise_5_jpg_100.jpg,/kaggle/working/MDFS/data/MDIVL/extracted/MDIVL/MDIVL/Data_Noise_JPEG/mountain_noise_5_jpg_100.jpg,Multiply Dist.,MDIVL/MDIVL/MD_IVLreference/OCEreferenceMD/mountain.png,50.8533,21.464862823486328,0.08910547400046198,0
mountain_noise_5_jpg_30.jpg,/kaggle/working/MDFS/data/MDIVL/extracted/MDIVL/MDIVL/Data_Noise_JPEG/mountain_noise_5_jpg_30.jpg,Multiply Dist.,MDIVL/MDIVL/MD_IVLreference/OCEreferenceMD/mountain.png,47.2604,25.012332916259766,0.08929612399879261,0
mountain_noise_6_jpg_100.jpg,/kaggle/working/MDFS/data/MDIVL/extracted/MDIVL/MDIVL/Data_Noise_JPEG/mountain_noise_6_jpg_100.jpg,Multiply Dist.,MDIVL/MDIVL/MD_IVLreference/OCEreferenceMD/mountain.png,48.9644,21.73139762878418,0.09534467899902666,0
mountain_noise_6_jpg_30.jpg,/kaggle/working/MDFS/data/MDIVL/extracted/MDIVL/MDIVL/Data_Noise_JPEG/mountain_noise_6_jpg_30.jpg,Multiply Dist.,MDIVL/MDIVL/MD_IVLreference/OCEreferenceMD/mountain.png,42.269,25.249853134155273,0.09123227900090569,0
mountain_noise_8_jpg_100.jpg,/kaggle/working/MDFS/data/MDIVL/extracted/MDIVL/MDIVL/Data_Noise_JPEG/mountain_noise_8_jpg_100.jpg,Multiply Dist.,MDIVL/MDIVL/MD_IVLreference/OCEreferenceMD/mountain.png,44.0492,22.31746482849121,0.09326498700102093,0
mountain_noise_8_jpg_30.jpg,/kaggle/working/MDFS/data/MDIVL/extracted/MDIVL/MDIVL/Data_Noise_JPEG/mountain_noise_8_jpg_30.jpg,Multiply Dist.,MDIVL/MDIVL/MD_IVLreference/OCEreferenceMD/mountain.png,33.3294,25.376646041870117,0.0917702120004833,0
mountain_noise_10_jpg_100.jpg,/kaggle/working/MDFS/data/MDIVL/extracted/MDIVL/MDIVL/Data_Noise_JPEG/mountain_noise_10_jpg_100.jpg,Multiply Dist.,MDIVL/MDIVL/MD_IVLreference/OCEreferenceMD/mountain.png,32.1401,22.857337951660156,0.09358613599943055,0
mountain_noise_10_jpg_30.jpg,/kaggle/working/MDFS/data/MDIVL/extracted/MDIVL/MDIVL/Data_Noise_JPEG/mountain_noise_10_jpg_30.jpg,Multiply Dist.,MDIVL/MDIVL/MD_IVLreference/OCEreferenceMD/mountain.png,30.3137,25.426700592041016,0.0907666370003426,0
mountain_noise_12_jpg_100.jpg,/kaggle/working/MDFS/data/MDIVL/extracted/MDIVL/MDIVL/Data_Noise_JPEG/mountain_noise_12_jpg_100.jpg,Multiply Dist.,MDIVL/MDIVL/MD_IVLreference/OCEreferenceMD/mountain.png,21.8898,23.298124313354492,0.09304430000156572,0
mountain_noise_12_jpg_30.jpg,/kaggle/working/MDFS/data/MDIVL/extracted/MDIVL/MDIVL/Data_Noise_JPEG/mountain_noise_12_jpg_30.jpg,Multiply Dist.,MDIVL/MDIVL/MD_IVLreference/OCEreferenceMD/mountain.png,23.9839,25.458663940429688,0.09244224599933659,0
mountain_noise_14_jpg_100.jpg,/kaggle/working/MDFS/data/MDIVL/extracted/MDIVL/MDIVL/Data_Noise_JPEG/mountain_noise_14_jpg_100.jpg,Multiply Dist.,MDIVL/MDIVL/MD_IVLreference/OCEreferenceMD/mountain.png,26.9658,23.7075138092041,0.09498540099957609,0
mountain_noise_14_jpg_30.jpg,/kaggle/working/MDFS/data/MDIVL/extracted/MDIVL/MDIVL/Data_Noise_JPEG/mountain_noise_14_jpg_30.jpg,Multiply Dist.,MDIVL/MDIVL/MD_IVLreference/OCEreferenceMD/mountain.png,23.6027,25.512521743774414,0.09025291399848356,0
snow_noise_1_jpg_100.jpg,/kaggle/working/MDFS/data/MDIVL/extracted/MDIVL/MDIVL/Data_Noise_JPEG/snow_noise_1_jpg_100.jpg,Multiply Dist.,MDIVL/MDIVL/MD_IVLreference/OCEreferenceMD/snow.png,91.8674,20.338510513305664,0.09316629000022658,0
snow_noise_1_jpg_30.jpg,/kaggle/working/MDFS/data/MDIVL/extracted/MDIVL/MDIVL/Data_Noise_JPEG/snow_noise_1_jpg_30.jpg,Multiply Dist.,MDIVL/MDIVL/MD_IVLreference/OCEreferenceMD/snow.png,56.1316,22.977861404418945,0.09085518099891488,0
snow_noise_2_jpg_100.jpg,/kaggle/working/MDFS/data/MDIVL/extracted/MDIVL/MDIVL/Data_Noise_JPEG/snow_noise_2_jpg_100.jpg,Multiply Dist.,MDIVL/MDIVL/MD_IVLreference/OCEreferenceMD/snow.png,84.348,20.847824096679688,0.09258045999922615,0
snow_noise_2_jpg_30.jpg,/kaggle/working/MDFS/data/MDIVL/extracted/MDIVL/MDIVL/Data_Noise_JPEG/snow_noise_2_jpg_30.jpg,Multiply Dist.,MDIVL/MDIVL/MD_IVLreference/OCEreferenceMD/snow.png,59.8759,23.013750076293945,0.09011351200024365,0
snow_noise_3_jpg_100.jpg,/kaggle/working/MDFS/data/MDIVL/extracted/MDIVL/MDIVL/Data_Noise_JPEG/snow_noise_3_jpg_100.jpg,Multiply Dist.,MDIVL/MDIVL/MD_IVLreference/OCEreferenceMD/snow.png,84.621,21.30375099182129,0.09560408200013626,0
snow_noise_3_jpg_30.jpg,/kaggle/working/MDFS/data/MDIVL/extracted/MDIVL/MDIVL/Data_Noise_JPEG/snow_noise_3_jpg_30.jpg,Multiply Dist.,MDIVL/MDIVL/MD_IVLreference/OCEreferenceMD/snow.png,72.0567,23.220136642456055,0.0900862029993732,0
snow_noise_4_jpg_100.jpg,/kaggle/working/MDFS/data/MDIVL/extracted/MDIVL/MDIVL/Data_Noise_JPEG/snow_noise_4_jpg_100.jpg,Multiply Dist.,MDIVL/MDIVL/MD_IVLreference/OCEreferenceMD/snow.png,77.3916,21.795501708984375,0.09316748299897881,0
snow_noise_4_jpg_30.jpg,/kaggle/working/MDFS/data/MDIVL/extracted/MDIVL/MDIVL/Data_Noise_JPEG/snow_noise_4_jpg_30.jpg,Multiply Dist.,MDIVL/MDIVL/MD_IVLreference/OCEreferenceMD/snow.png,40.8576,23.559953689575195,0.09109664499919745,0
snow_noise_5_jpg_100.jpg,/kaggle/working/MDFS/data/MDIVL/extracted/MDIVL/MDIVL/Data_Noise_JPEG/snow_noise_5_jpg_100.jpg,Multiply Dist.,MDIVL/MDIVL/MD_IVLreference/OCEreferenceMD/snow.png,68.305,22.352588653564453,0.09491572200022347,0
snow_noise_5_jpg_30.jpg,/kaggle/working/MDFS/data/MDIVL/extracted/MDIVL/MDIVL/Data_Noise_JPEG/snow_noise_5_jpg_30.jpg,Multiply Dist.,MDIVL/MDIVL/MD_IVLreference/OCEreferenceMD/snow.png,50.6866,24.002403259277344,0.0931361660004768,0
snow_noise_6_jpg_100.jpg,/kaggle/working/MDFS/data/MDIVL/extracted/MDIVL/MDIVL/Data_Noise_JPEG/snow_noise_6_jpg_100.jpg,Multiply Dist.,MDIVL/MDIVL/MD_IVLreference/OCEreferenceMD/snow.png,44.6082,22.7960205078125,0.09469004399943515,0
snow_noise_6_jpg_30.jpg,/kaggle/working/MDFS/data/MDIVL/extracted/MDIVL/MDIVL/Data_Noise_JPEG/snow_noise_6_jpg_30.jpg,Multiply Dist.,MDIVL/MDIVL/MD_IVLreference/OCEreferenceMD/snow.png,32.3225,24.605051040649414,0.09228459400037536,0
snow_noise_8_jpg_100.jpg,/kaggle/working/MDFS/data/MDIVL/extracted/MDIVL/MDIVL/Data_Noise_JPEG/snow_noise_8_jpg_100.jpg,Multiply Dist.,MDIVL/MDIVL/MD_IVLreference/OCEreferenceMD/snow.png,43.023,23.559425354003906,0.09613010700013547,0
snow_noise_8_jpg_30.jpg,/kaggle/working/MDFS/data/MDIVL/extracted/MDIVL/MDIVL/Data_Noise_JPEG/snow_noise_8_jpg_30.jpg,Multiply Dist.,MDIVL/MDIVL/MD_IVLreference/OCEreferenceMD/snow.png,33.8007,25.28350067138672,0.09029762799946184,0
snow_noise_10_jpg_100.jpg,/kaggle/working/MDFS/data/MDIVL/extracted/MDIVL/MDIVL/Data_Noise_JPEG/snow_noise_10_jpg_100.jpg,Multiply Dist.,MDIVL/MDIVL/MD_IVLreference/OCEreferenceMD/snow.png,45.3685,24.516122817993164,0.09490705099960905,0
snow_noise_10_jpg_30.jpg,/kaggle/working/MDFS/data/MDIVL/extracted/MDIVL/MDIVL/Data_Noise_JPEG/snow_noise_10_jpg_30.jpg,Multiply Dist.,MDIVL/MDIVL/MD_IVLreference/OCEreferenceMD/snow.png,28.2457,25.963886260986328,0.08966099000099348,0
snow_noise_12_jpg_100.jpg,/kaggle/working/MDFS/data/MDIVL/extracted/MDIVL/MDIVL/Data_Noise_JPEG/snow_noise_12_jpg_100.jpg,Multiply Dist.,MDIVL/MDIVL/MD_IVLreference/OCEreferenceMD/snow.png,28.3559,25.299318313598633,0.09350527500100725,0
snow_noise_12_jpg_30.jpg,/kaggle/working/MDFS/data/MDIVL/extracted/MDIVL/MDIVL/Data_Noise_JPEG/snow_noise_12_jpg_30.jpg,Multiply Dist.,MDIVL/MDIVL/MD_IVLreference/OCEreferenceMD/snow.png,24.3985,26.074993133544922,0.09095671700015373,0
snow_noise_14_jpg_100.jpg,/kaggle/working/MDFS/data/MDIVL/extracted/MDIVL/MDIVL/Data_Noise_JPEG/snow_noise_14_jpg_100.jpg,Multiply Dist.,MDIVL/MDIVL/MD_IVLreference/OCEreferenceMD/snow.png,23.2263,25.98589515686035,0.09390738799993414,0
snow_noise_14_jpg_30.jpg,/kaggle/working/MDFS/data/MDIVL/extracted/MDIVL/MDIVL/Data_Noise_JPEG/snow_noise_14_jpg_30.jpg,Multiply Dist.,MDIVL/MDIVL/MD_IVLreference/OCEreferenceMD/snow.png,24.4507,26.372873306274414,0.09096941300049366,0
