filename,image_path,distortion_type,reference_image,reference_path,mos
babygirl_blur1.bmp,/kaggle/working/MDFS/data/MDLIVE/extracted/LIVE_MD/To_Release/Part_1/blurjpeg/babygirl_blur1.bmp,Multiply Dist.,babygirl.bmp,/kaggle/working/MDFS/data/MDLIVE/extracted/LIVE_MD/To_Release/Ref_Images/babygirl.bmp,21.5789
babygirl_blur1_jpeg2.bmp,/kaggle/working/MDFS/data/MDLIVE/extracted/LIVE_MD/To_Release/Part_1/blurjpeg/babygirl_blur1_jpeg2.bmp,Multiply Dist.,babygirl.bmp,/kaggle/working/MDFS/data/MDLIVE/extracted/LIVE_MD/To_Release/Ref_Images/babygirl.bmp,32.6316
babygirl_blur2.bmp,/kaggle/working/MDFS/data/MDLIVE/extracted/LIVE_MD/To_Release/Part_1/blurjpeg/babygirl_blur2.bmp,Multiply Dist.,babygirl.bmp,/kaggle/working/MDFS/data/MDLIVE/extracted/LIVE_MD/To_Release/Ref_Images/babygirl.bmp,40.0
babygirl_blur2_jpeg2.bmp,/kaggle/working/MDFS/data/MDLIVE/extracted/LIVE_MD/To_Release/Part_1/blurjpeg/babygirl_blur2_jpeg2.bmp,Multiply Dist.,babygirl.bmp,/kaggle/working/MDFS/data/MDLIVE/extracted/LIVE_MD/To_Release/Ref_Images/babygirl.bmp,51.4211
babygirl_blur3.bmp,/kaggle/working/MDFS/data/MDLIVE/extracted/LIVE_MD/To_Release/Part_1/blurjpeg/babygirl_blur3.bmp,Multiply Dist.,babygirl.bmp,/kaggle/working/MDFS/data/MDLIVE/extracted/LIVE_MD/To_Release/Ref_Images/babygirl.bmp,60.7368
babygirl_blur3_jpeg2.bmp,/kaggle/working/MDFS/data/MDLIVE/extracted/LIVE_MD/To_Release/Part_1/blurjpeg/babygirl_blur3_jpeg2.bmp,Multiply Dist.,babygirl.bmp,/kaggle/working/MDFS/data/MDLIVE/extracted/LIVE_MD/To_Release/Ref_Images/babygirl.bmp,59.4211
babygirl_jpeg1.bmp,/kaggle/working/MDFS/data/MDLIVE/extracted/LIVE_MD/To_Release/Part_1/blurjpeg/babygirl_jpeg1.bmp,Multiply Dist.,babygirl.bmp,/kaggle/working/MDFS/data/MDLIVE/extracted/LIVE_MD/To_Release/Ref_Images/babygirl.bmp,8.5263
babygirl_jpeg3.bmp,/kaggle/working/MDFS/data/MDLIVE/extracted/LIVE_MD/To_Release/Part_1/blurjpeg/babygirl_jpeg3.bmp,Multiply Dist.,babygirl.bmp,/kaggle/working/MDFS/data/MDLIVE/extracted/LIVE_MD/To_Release/Ref_Images/babygirl.bmp,42.3158
bikerace_blur1_jpeg1.bmp,/kaggle/working/MDFS/data/MDLIVE/extracted/LIVE_MD/To_Release/Part_1/blurjpeg/bikerace_blur1_jpeg1.bmp,Multiply Dist.,bikerace.bmp,/kaggle/working/MDFS/data/MDLIVE/extracted/LIVE_MD/To_Release/Ref_Images/bikerace.bmp,49.1053
bikerace_blur1_jpeg3.bmp,/kaggle/working/MDFS/data/MDLIVE/extracted/LIVE_MD/To_Release/Part_1/blurjpeg/bikerace_blur1_jpeg3.bmp,Multiply Dist.,bikerace.bmp,/kaggle/working/MDFS/data/MDLIVE/extracted/LIVE_MD/To_Release/Ref_Images/bikerace.bmp,54.0
bikerace_blur2_jpeg1.bmp,/kaggle/working/MDFS/data/MDLIVE/extracted/LIVE_MD/To_Release/Part_1/blurjpeg/bikerace_blur2_jpeg1.bmp,Multiply Dist.,bikerace.bmp,/kaggle/working/MDFS/data/MDLIVE/extracted/LIVE_MD/To_Release/Ref_Images/bikerace.bmp,59.1053
bikerace_blur2_jpeg3.bmp,/kaggle/working/MDFS/data/MDLIVE/extracted/LIVE_MD/To_Release/Part_1/blurjpeg/bikerace_blur2_jpeg3.bmp,Multiply Dist.,bikerace.bmp,/kaggle/working/MDFS/data/MDLIVE/extracted/LIVE_MD/To_Release/Ref_Images/bikerace.bmp,62.7368
bikerace_blur3_jpeg1.bmp,/kaggle/working/MDFS/data/MDLIVE/extracted/LIVE_MD/To_Release/Part_1/blurjpeg/bikerace_blur3_jpeg1.bmp,Multiply Dist.,bikerace.bmp,/kaggle/working/MDFS/data/MDLIVE/extracted/LIVE_MD/To_Release/Ref_Images/bikerace.bmp,66.7895
bikerace_blur3_jpeg3.bmp,/kaggle/working/MDFS/data/MDLIVE/extracted/LIVE_MD/To_Release/Part_1/blurjpeg/bikerace_blur3_jpeg3.bmp,Multiply Dist.,bikerace.bmp,/kaggle/working/MDFS/data/MDLIVE/extracted/LIVE_MD/To_Release/Ref_Images/bikerace.bmp,72.7895
bikerace_jpeg2.bmp,/kaggle/working/MDFS/data/MDLIVE/extracted/LIVE_MD/To_Release/Part_1/blurjpeg/bikerace_jpeg2.bmp,Multiply Dist.,bikerace.bmp,/kaggle/working/MDFS/data/MDLIVE/extracted/LIVE_MD/To_Release/Ref_Images/bikerace.bmp,18.0
cows_blur1.bmp,/kaggle/working/MDFS/data/MDLIVE/extracted/LIVE_MD/To_Release/Part_1/blurjpeg/cows_blur1.bmp,Multiply Dist.,cows.bmp,/kaggle/working/MDFS/data/MDLIVE/extracted/LIVE_MD/To_Release/Ref_Images/cows.bmp,40.0
cows_blur1_jpeg2.bmp,/kaggle/working/MDFS/data/MDLIVE/extracted/LIVE_MD/To_Release/Part_1/blurjpeg/cows_blur1_jpeg2.bmp,Multiply Dist.,cows.bmp,/kaggle/working/MDFS/data/MDLIVE/extracted/LIVE_MD/To_Release/Ref_Images/cows.bmp,41.8421
cows_blur2.bmp,/kaggle/working/MDFS/data/MDLIVE/extracted/LIVE_MD/To_Release/Part_1/blurjpeg/cows_blur2.bmp,Multiply Dist.,cows.bmp,/kaggle/working/MDFS/data/MDLIVE/extracted/LIVE_MD/To_Release/Ref_Images/cows.bmp,54.2105
cows_blur2_jpeg2.bmp,/kaggle/working/MDFS/data/MDLIVE/extracted/LIVE_MD/To_Release/Part_1/blurjpeg/cows_blur2_jpeg2.bmp,Multiply Dist.,cows.bmp,/kaggle/working/MDFS/data/MDLIVE/extracted/LIVE_MD/To_Release/Ref_Images/cows.bmp,63.3158
cows_blur3.bmp,/kaggle/working/MDFS/data/MDLIVE/extracted/LIVE_MD/To_Release/Part_1/blurjpeg/cows_blur3.bmp,Multiply Dist.,cows.bmp,/kaggle/working/MDFS/data/MDLIVE/extracted/LIVE_MD/To_Release/Ref_Images/cows.bmp,65.2105
cows_blur3_jpeg2.bmp,/kaggle/working/MDFS/data/MDLIVE/extracted/LIVE_MD/To_Release/Part_1/blurjpeg/cows_blur3_jpeg2.bmp,Multiply Dist.,cows.bmp,/kaggle/working/MDFS/data/MDLIVE/extracted/LIVE_MD/To_Release/Ref_Images/cows.bmp,62.8947
cows_jpeg1.bmp,/kaggle/working/MDFS/data/MDLIVE/extracted/LIVE_MD/To_Release/Part_1/blurjpeg/cows_jpeg1.bmp,Multiply Dist.,cows.bmp,/kaggle/working/MDFS/data/MDLIVE/extracted/LIVE_MD/To_Release/Ref_Images/cows.bmp,13.3684
cows_jpeg3.bmp,/kaggle/working/MDFS/data/MDLIVE/extracted/LIVE_MD/To_Release/Part_1/blurjpeg/cows_jpeg3.bmp,Multiply Dist.,cows.bmp,/kaggle/working/MDFS/data/MDLIVE/extracted/LIVE_MD/To_Release/Ref_Images/cows.bmp,21.1053
elephant_blur1_jpeg1.bmp,/kaggle/working/MDFS/data/MDLIVE/extracted/LIVE_MD/To_Release/Part_1/blurjpeg/elephant_blur1_jpeg1.bmp,Multiply Dist.,elephant.bmp,/kaggle/working/MDFS/data/MDLIVE/extracted/LIVE_MD/To_Release/Ref_Images/elephant.bmp,31.1579
elephant_blur1_jpeg3.bmp,/kaggle/working/MDFS/data/MDLIVE/extracted/LIVE_MD/To_Release/Part_1/blurjpeg/elephant_blur1_jpeg3.bmp,Multiply Dist.,elephant.bmp,/kaggle/working/MDFS/data/MDLIVE/extracted/LIVE_MD/To_Release/Ref_Images/elephant.bmp,41.2632
elephant_blur2_jpeg1.bmp,/kaggle/working/MDFS/data/MDLIVE/extracted/LIVE_MD/To_Release/Part_1/blurjpeg/elephant_blur2_jpeg1.bmp,Multiply Dist.,elephant.bmp,/kaggle/working/MDFS/data/MDLIVE/extracted/LIVE_MD/To_Release/Ref_Images/elephant.bmp,47.0526
elephant_blur2_jpeg3.bmp,/kaggle/working/MDFS/data/MDLIVE/extracted/LIVE_MD/To_Release/Part_1/blurjpeg/elephant_blur2_jpeg3.bmp,Multiply Dist.,elephant.bmp,/kaggle/working/MDFS/data/MDLIVE/extracted/LIVE_MD/To_Release/Ref_Images/elephant.bmp,50.3158
elephant_blur3_jpeg1.bmp,/kaggle/working/MDFS/data/MDLIVE/extracted/LIVE_MD/To_Release/Part_1/blurjpeg/elephant_blur3_jpeg1.bmp,Multiply Dist.,elephant.bmp,/kaggle/working/MDFS/data/MDLIVE/extracted/LIVE_MD/To_Release/Ref_Images/elephant.bmp,62.4211
elephant_blur3_jpeg3.bmp,/kaggle/working/MDFS/data/MDLIVE/extracted/LIVE_MD/To_Release/Part_1/blurjpeg/elephant_blur3_jpeg3.bmp,Multiply Dist.,elephant.bmp,/kaggle/working/MDFS/data/MDLIVE/extracted/LIVE_MD/To_Release/Ref_Images/elephant.bmp,65.8947
elephant_jpeg2.bmp,/kaggle/working/MDFS/data/MDLIVE/extracted/LIVE_MD/To_Release/Part_1/blurjpeg/elephant_jpeg2.bmp,Multiply Dist.,elephant.bmp,/kaggle/working/MDFS/data/MDLIVE/extracted/LIVE_MD/To_Release/Ref_Images/elephant.bmp,17.8947
iceroad_blur1.bmp,/kaggle/working/MDFS/data/MDLIVE/extracted/LIVE_MD/To_Release/Part_1/blurjpeg/iceroad_blur1.bmp,Multiply Dist.,iceroad.bmp,/kaggle/working/MDFS/data/MDLIVE/extracted/LIVE_MD/To_Release/Ref_Images/iceroad.bmp,36.2632
iceroad_blur1_jpeg2.bmp,/kaggle/working/MDFS/data/MDLIVE/extracted/LIVE_MD/To_Release/Part_1/blurjpeg/iceroad_blur1_jpeg2.bmp,Multiply Dist.,iceroad.bmp,/kaggle/working/MDFS/data/MDLIVE/extracted/LIVE_MD/To_Release/Ref_Images/iceroad.bmp,38.6316
iceroad_blur2.bmp,/kaggle/working/MDFS/data/MDLIVE/extracted/LIVE_MD/To_Release/Part_1/blurjpeg/iceroad_blur2.bmp,Multiply Dist.,iceroad.bmp,/kaggle/working/MDFS/data/MDLIVE/extracted/LIVE_MD/To_Release/Ref_Images/iceroad.bmp,47.3684
iceroad_blur2_jpeg2.bmp,/kaggle/working/MDFS/data/MDLIVE/extracted/LIVE_MD/To_Release/Part_1/blurjpeg/iceroad_blur2_jpeg2.bmp,Multiply Dist.,iceroad.bmp,/kaggle/working/MDFS/data/MDLIVE/extracted/LIVE_MD/To_Release/Ref_Images/iceroad.bmp,49.2632
iceroad_blur3.bmp,/kaggle/working/MDFS/data/MDLIVE/extracted/LIVE_MD/To_Release/Part_1/blurjpeg/iceroad_blur3.bmp,Multiply Dist.,iceroad.bmp,/kaggle/working/MDFS/data/MDLIVE/extracted/LIVE_MD/To_Release/Ref_Images/iceroad.bmp,61.7895
iceroad_blur3_jpeg2.bmp,/kaggle/working/MDFS/data/MDLIVE/extracted/LIVE_MD/To_Release/Part_1/blurjpeg/iceroad_blur3_jpeg2.bmp,Multiply Dist.,iceroad.bmp,/kaggle/working/MDFS/data/MDLIVE/extracted/LIVE_MD/To_Release/Ref_Images/iceroad.bmp,63.3158
iceroad_jpeg1.bmp,/kaggle/working/MDFS/data/MDLIVE/extracted/LIVE_MD/To_Release/Part_1/blurjpeg/iceroad_jpeg1.bmp,Multiply Dist.,iceroad.bmp,/kaggle/working/MDFS/data/MDLIVE/extracted/LIVE_MD/To_Release/Ref_Images/iceroad.bmp,7.4737
iceroad_jpeg3.bmp,/kaggle/working/MDFS/data/MDLIVE/extracted/LIVE_MD/To_Release/Part_1/blurjpeg/iceroad_jpeg3.bmp,Multiply Dist.,iceroad.bmp,/kaggle/working/MDFS/data/MDLIVE/extracted/LIVE_MD/To_Release/Ref_Images/iceroad.bmp,14.6842
lakebuilding_blur1_jpeg1.bmp,/kaggle/working/MDFS/data/MDLIVE/extracted/LIVE_MD/To_Release/Part_1/blurjpeg/lakebuilding_blur1_jpeg1.bmp,Multiply Dist.,lakebuilding.bmp,/kaggle/working/MDFS/data/MDLIVE/extracted/LIVE_MD/To_Release/Ref_Images/lakebuilding.bmp,43.3684
lakebuilding_blur1_jpeg3.bmp,/kaggle/working/MDFS/data/MDLIVE/extracted/LIVE_MD/To_Release/Part_1/blurjpeg/lakebuilding_blur1_jpeg3.bmp,Multiply Dist.,lakebuilding.bmp,/kaggle/working/MDFS/data/MDLIVE/extracted/LIVE_MD/To_Release/Ref_Images/lakebuilding.bmp,53.4211
lakebuilding_blur2_jpeg1.bmp,/kaggle/working/MDFS/data/MDLIVE/extracted/LIVE_MD/To_Release/Part_1/blurjpeg/lakebuilding_blur2_jpeg1.bmp,Multiply Dist.,lakebuilding.bmp,/kaggle/working/MDFS/data/MDLIVE/extracted/LIVE_MD/To_Release/Ref_Images/lakebuilding.bmp,60.4211
lakebuilding_blur2_jpeg3.bmp,/kaggle/working/MDFS/data/MDLIVE/extracted/LIVE_MD/To_Release/Part_1/blurjpeg/lakebuilding_blur2_jpeg3.bmp,Multiply Dist.,lakebuilding.bmp,/kaggle/working/MDFS/data/MDLIVE/extracted/LIVE_MD/To_Release/Ref_Images/lakebuilding.bmp,66.5263
lakebuilding_blur3_jpeg1.bmp,/kaggle/working/MDFS/data/MDLIVE/extracted/LIVE_MD/To_Release/Part_1/blurjpeg/lakebuilding_blur3_jpeg1.bmp,Multiply Dist.,lakebuilding.bmp,/kaggle/working/MDFS/data/MDLIVE/extracted/LIVE_MD/To_Release/Ref_Images/lakebuilding.bmp,74.3684
lakebuilding_blur3_jpeg3.bmp,/kaggle/working/MDFS/data/MDLIVE/extracted/LIVE_MD/To_Release/Part_1/blurjpeg/lakebuilding_blur3_jpeg3.bmp,Multiply Dist.,lakebuilding.bmp,/kaggle/working/MDFS/data/MDLIVE/extracted/LIVE_MD/To_Release/Ref_Images/lakebuilding.bmp,75.1579
lakebuilding_jpeg2.bmp,/kaggle/working/MDFS/data/MDLIVE/extracted/LIVE_MD/To_Release/Part_1/blurjpeg/lakebuilding_jpeg2.bmp,Multiply Dist.,lakebuilding.bmp,/kaggle/working/MDFS/data/MDLIVE/extracted/LIVE_MD/To_Release/Ref_Images/lakebuilding.bmp,19.1579
lunch_blur1.bmp,/kaggle/working/MDFS/data/MDLIVE/extracted/LIVE_MD/To_Release/Part_1/blurjpeg/lunch_blur1.bmp,Multiply Dist.,lunch.bmp,/kaggle/working/MDFS/data/MDLIVE/extracted/LIVE_MD/To_Release/Ref_Images/lunch.bmp,46.5263
lunch_blur1_jpeg2.bmp,/kaggle/working/MDFS/data/MDLIVE/extracted/LIVE_MD/To_Release/Part_1/blurjpeg/lunch_blur1_jpeg2.bmp,Multiply Dist.,lunch.bmp,/kaggle/working/MDFS/data/MDLIVE/extracted/LIVE_MD/To_Release/Ref_Images/lunch.bmp,52.2632
lunch_blur2.bmp,/kaggle/working/MDFS/data/MDLIVE/extracted/LIVE_MD/To_Release/Part_1/blurjpeg/lunch_blur2.bmp,Multiply Dist.,lunch.bmp,/kaggle/working/MDFS/data/MDLIVE/extracted/LIVE_MD/To_Release/Ref_Images/lunch.bmp,62.8421
lunch_blur2_jpeg2.bmp,/kaggle/working/MDFS/data/MDLIVE/extracted/LIVE_MD/To_Release/Part_1/blurjpeg/lunch_blur2_jpeg2.bmp,Multiply Dist.,lunch.bmp,/kaggle/working/MDFS/data/MDLIVE/extracted/LIVE_MD/To_Release/Ref_Images/lunch.bmp,58.8947
lunch_blur3.bmp,/kaggle/working/MDFS/data/MDLIVE/extracted/LIVE_MD/To_Release/Part_1/blurjpeg/lunch_blur3.bmp,Multiply Dist.,lunch.bmp,/kaggle/working/MDFS/data/MDLIVE/extracted/LIVE_MD/To_Release/Ref_Images/lunch.bmp,68.3684
lunch_blur3_jpeg2.bmp,/kaggle/working/MDFS/data/MDLIVE/extracted/LIVE_MD/To_Release/Part_1/blurjpeg/lunch_blur3_jpeg2.bmp,Multiply Dist.,lunch.bmp,/kaggle/working/MDFS/data/MDLIVE/extracted/LIVE_MD/To_Release/Ref_Images/lunch.bmp,77.7895
lunch_jpeg1.bmp,/kaggle/working/MDFS/data/MDLIVE/extracted/LIVE_MD/To_Release/Part_1/blurjpeg/lunch_jpeg1.bmp,Multiply Dist.,lunch.bmp,/kaggle/working/MDFS/data/MDLIVE/extracted/LIVE_MD/To_Release/Ref_Images/lunch.bmp,13.4211
lunch_jpeg3.bmp,/kaggle/working/MDFS/data/MDLIVE/extracted/LIVE_MD/To_Release/Part_1/blurjpeg/lunch_jpeg3.bmp,Multiply Dist.,lunch.bmp,/kaggle/working/MDFS/data/MDLIVE/extracted/LIVE_MD/To_Release/Ref_Images/lunch.bmp,25.2632
market_blur1_jpeg1.bmp,/kaggle/working/MDFS/data/MDLIVE/extracted/LIVE_MD/To_Release/Part_1/blurjpeg/market_blur1_jpeg1.bmp,Multiply Dist.,market.bmp,/kaggle/working/MDFS/data/MDLIVE/extracted/LIVE_MD/To_Release/Ref_Images/market.bmp,28.1579
market_blur1_jpeg3.bmp,/kaggle/working/MDFS/data/MDLIVE/extracted/LIVE_MD/To_Release/Part_1/blurjpeg/market_blur1_jpeg3.bmp,Multiply Dist.,market.bmp,/kaggle/working/MDFS/data/MDLIVE/extracted/LIVE_MD/To_Release/Ref_Images/market.bmp,38.7895
market_blur2_jpeg1.bmp,/kaggle/working/MDFS/data/MDLIVE/extracted/LIVE_MD/To_Release/Part_1/blurjpeg/market_blur2_jpeg1.bmp,Multiply Dist.,market.bmp,/kaggle/working/MDFS/data/MDLIVE/extracted/LIVE_MD/To_Release/Ref_Images/market.bmp,47.5789
market_blur2_jpeg3.bmp,/kaggle/working/MDFS/data/MDLIVE/extracted/LIVE_MD/To_Release/Part_1/blurjpeg/market_blur2_jpeg3.bmp,Multiply Dist.,market.bmp,/kaggle/working/MDFS/data/MDLIVE/extracted/LIVE_MD/To_Release/Ref_Images/market.bmp,51.7368
market_blur3_jpeg1.bmp,/kaggle/working/MDFS/data/MDLIVE/extracted/LIVE_MD/To_Release/Part_1/blurjpeg/market_blur3_jpeg1.bmp,Multiply Dist.,market.bmp,/kaggle/working/MDFS/data/MDLIVE/extracted/LIVE_MD/To_Release/Ref_Images/market.bmp,58.1579
market_blur3_jpeg3.bmp,/kaggle/working/MDFS/data/MDLIVE/extracted/LIVE_MD/To_Release/Part_1/blurjpeg/market_blur3_jpeg3.bmp,Multiply Dist.,market.bmp,/kaggle/working/MDFS/data/MDLIVE/extracted/LIVE_MD/To_Release/Ref_Images/market.bmp,61.1053
market_jpeg2.bmp,/kaggle/working/MDFS/data/MDLIVE/extracted/LIVE_MD/To_Release/Part_1/blurjpeg/market_jpeg2.bmp,Multiply Dist.,market.bmp,/kaggle/working/MDFS/data/MDLIVE/extracted/LIVE_MD/To_Release/Ref_Images/market.bmp,22.2632
palace2_blur1.bmp,/kaggle/working/MDFS/data/MDLIVE/extracted/LIVE_MD/To_Release/Part_1/blurjpeg/palace2_blur1.bmp,Multiply Dist.,palace2.bmp,/kaggle/working/MDFS/data/MDLIVE/extracted/LIVE_MD/To_Release/Ref_Images/palace2.bmp,50.9474
palace2_blur1_jpeg2.bmp,/kaggle/working/MDFS/data/MDLIVE/extracted/LIVE_MD/To_Release/Part_1/blurjpeg/palace2_blur1_jpeg2.bmp,Multiply Dist.,palace2.bmp,/kaggle/working/MDFS/data/MDLIVE/extracted/LIVE_MD/To_Release/Ref_Images/palace2.bmp,53.7368
palace2_blur2.bmp,/kaggle/working/MDFS/data/MDLIVE/extracted/LIVE_MD/To_Release/Part_1/blurjpeg/palace2_blur2.bmp,Multiply Dist.,palace2.bmp,/kaggle/working/MDFS/data/MDLIVE/extracted/LIVE_MD/To_Release/Ref_Images/palace2.bmp,66.3684
palace2_blur2_jpeg2.bmp,/kaggle/working/MDFS/data/MDLIVE/extracted/LIVE_MD/To_Release/Part_1/blurjpeg/palace2_blur2_jpeg2.bmp,Multiply Dist.,palace2.bmp,/kaggle/working/MDFS/data/MDLIVE/extracted/LIVE_MD/To_Release/Ref_Images/palace2.bmp,70.4211
palace2_blur3.bmp,/kaggle/working/MDFS/data/MDLIVE/extracted/LIVE_MD/To_Release/Part_1/blurjpeg/palace2_blur3.bmp,Multiply Dist.,palace2.bmp,/kaggle/working/MDFS/data/MDLIVE/extracted/LIVE_MD/To_Release/Ref_Images/palace2.bmp,77.6842
palace2_blur3_jpeg2.bmp,/kaggle/working/MDFS/data/MDLIVE/extracted/LIVE_MD/To_Release/Part_1/blurjpeg/palace2_blur3_jpeg2.bmp,Multiply Dist.,palace2.bmp,/kaggle/working/MDFS/data/MDLIVE/extracted/LIVE_MD/To_Release/Ref_Images/palace2.bmp,77.2632
palace2_jpeg1.bmp,/kaggle/working/MDFS/data/MDLIVE/extracted/LIVE_MD/To_Release/Part_1/blurjpeg/palace2_jpeg1.bmp,Multiply Dist.,palace2.bmp,/kaggle/working/MDFS/data/MDLIVE/extracted/LIVE_MD/To_Release/Ref_Images/palace2.bmp,21.0
palace2_jpeg3.bmp,/kaggle/working/MDFS/data/MDLIVE/extracted/LIVE_MD/To_Release/Part_1/blurjpeg/palace2_jpeg3.bmp,Multiply Dist.,palace2.bmp,/kaggle/working/MDFS/data/MDLIVE/extracted/LIVE_MD/To_Release/Ref_Images/palace2.bmp,43.5263
railwaystation_blur1_jpeg1.bmp,/kaggle/working/MDFS/data/MDLIVE/extracted/LIVE_MD/To_Release/Part_1/blurjpeg/railwaystation_blur1_jpeg1.bmp,Multiply Dist.,railwaystation.bmp,/kaggle/working/MDFS/data/MDLIVE/extracted/LIVE_MD/To_Release/Ref_Images/railwaystation.bmp,34.7368
railwaystation_blur1_jpeg3.bmp,/kaggle/working/MDFS/data/MDLIVE/extracted/LIVE_MD/To_Release/Part_1/blurjpeg/railwaystation_blur1_jpeg3.bmp,Multiply Dist.,railwaystation.bmp,/kaggle/working/MDFS/data/MDLIVE/extracted/LIVE_MD/To_Release/Ref_Images/railwaystation.bmp,35.5263
railwaystation_blur2_jpeg1.bmp,/kaggle/working/MDFS/data/MDLIVE/extracted/LIVE_MD/To_Release/Part_1/blurjpeg/railwaystation_blur2_jpeg1.bmp,Multiply Dist.,railwaystation.bmp,/kaggle/working/MDFS/data/MDLIVE/extracted/LIVE_MD/To_Release/Ref_Images/railwaystation.bmp,43.2632
railwaystation_blur2_jpeg3.bmp,/kaggle/working/MDFS/data/MDLIVE/extracted/LIVE_MD/To_Release/Part_1/blurjpeg/railwaystation_blur2_jpeg3.bmp,Multiply Dist.,railwaystation.bmp,/kaggle/working/MDFS/data/MDLIVE/extracted/LIVE_MD/To_Release/Ref_Images/railwaystation.bmp,50.6316
railwaystation_blur3_jpeg1.bmp,/kaggle/working/MDFS/data/MDLIVE/extracted/LIVE_MD/To_Release/Part_1/blurjpeg/railwaystation_blur3_jpeg1.bmp,Multiply Dist.,railwaystation.bmp,/kaggle/working/MDFS/data/MDLIVE/extracted/LIVE_MD/To_Release/Ref_Images/railwaystation.bmp,59.2632
railwaystation_blur3_jpeg3.bmp,/kaggle/working/MDFS/data/MDLIVE/extracted/LIVE_MD/To_Release/Part_1/blurjpeg/railwaystation_blur3_jpeg3.bmp,Multiply Dist.,railwaystation.bmp,/kaggle/working/MDFS/data/MDLIVE/extracted/LIVE_MD/To_Release/Ref_Images/railwaystation.bmp,60.6316
railwaystation_jpeg2.bmp,/kaggle/working/MDFS/data/MDLIVE/extracted/LIVE_MD/To_Release/Part_1/blurjpeg/railwaystation_jpeg2.bmp,Multiply Dist.,railwaystation.bmp,/kaggle/working/MDFS/data/MDLIVE/extracted/LIVE_MD/To_Release/Ref_Images/railwaystation.bmp,9.0
sanfrancisco_blur1.bmp,/kaggle/working/MDFS/data/MDLIVE/extracted/LIVE_MD/To_Release/Part_1/blurjpeg/sanfrancisco_blur1.bmp,Multiply Dist.,sanfrancisco.bmp,/kaggle/working/MDFS/data/MDLIVE/extracted/LIVE_MD/To_Release/Ref_Images/sanfrancisco.bmp,43.7368
sanfrancisco_blur1_jpeg2.bmp,/kaggle/working/MDFS/data/MDLIVE/extracted/LIVE_MD/To_Release/Part_1/blurjpeg/sanfrancisco_blur1_jpeg2.bmp,Multiply Dist.,sanfrancisco.bmp,/kaggle/working/MDFS/data/MDLIVE/extracted/LIVE_MD/To_Release/Ref_Images/sanfrancisco.bmp,56.1053
sanfrancisco_blur2.bmp,/kaggle/working/MDFS/data/MDLIVE/extracted/LIVE_MD/To_Release/Part_1/blurjpeg/sanfrancisco_blur2.bmp,Multiply Dist.,sanfrancisco.bmp,/kaggle/working/MDFS/data/MDLIVE/extracted/LIVE_MD/To_Release/Ref_Images/sanfrancisco.bmp,66.3158
sanfrancisco_blur2_jpeg2.bmp,/kaggle/working/MDFS/data/MDLIVE/extracted/LIVE_MD/To_Release/Part_1/blurjpeg/sanfrancisco_blur2_jpeg2.bmp,Multiply Dist.,sanfrancisco.bmp,/kaggle/working/MDFS/data/MDLIVE/extracted/LIVE_MD/To_Release/Ref_Images/sanfrancisco.bmp,67.1579
sanfrancisco_blur3.bmp,/kaggle/working/MDFS/data/MDLIVE/extracted/LIVE_MD/To_Release/Part_1/blurjpeg/sanfrancisco_blur3.bmp,Multiply Dist.,sanfrancisco.bmp,/kaggle/working/MDFS/data/MDLIVE/extracted/LIVE_MD/To_Release/Ref_Images/sanfrancisco.bmp,74.8421
sanfrancisco_blur3_jpeg2.bmp,/kaggle/working/MDFS/data/MDLIVE/extracted/LIVE_MD/To_Release/Part_1/blurjpeg/sanfrancisco_blur3_jpeg2.bmp,Multiply Dist.,sanfrancisco.bmp,/kaggle/working/MDFS/data/MDLIVE/extracted/LIVE_MD/To_Release/Ref_Images/sanfrancisco.bmp,75.9474
sanfrancisco_jpeg1.bmp,/kaggle/working/MDFS/data/MDLIVE/extracted/LIVE_MD/To_Release/Part_1/blurjpeg/sanfrancisco_jpeg1.bmp,Multiply Dist.,sanfrancisco.bmp,/kaggle/working/MDFS/data/MDLIVE/extracted/LIVE_MD/To_Release/Ref_Images/sanfrancisco.bmp,15.5263
sanfrancisco_jpeg3.bmp,/kaggle/working/MDFS/data/MDLIVE/extracted/LIVE_MD/To_Release/Part_1/blurjpeg/sanfrancisco_jpeg3.bmp,Multiply Dist.,sanfrancisco.bmp,/kaggle/working/MDFS/data/MDLIVE/extracted/LIVE_MD/To_Release/Ref_Images/sanfrancisco.bmp,23.2105
scrimmage_blur1_jpeg1.bmp,/kaggle/working/MDFS/data/MDLIVE/extracted/LIVE_MD/To_Release/Part_1/blurjpeg/scrimmage_blur1_jpeg1.bmp,Multiply Dist.,scrimmage.bmp,/kaggle/working/MDFS/data/MDLIVE/extracted/LIVE_MD/To_Release/Ref_Images/scrimmage.bmp,42.1053
scrimmage_blur1_jpeg3.bmp,/kaggle/working/MDFS/data/MDLIVE/extracted/LIVE_MD/To_Release/Part_1/blurjpeg/scrimmage_blur1_jpeg3.bmp,Multiply Dist.,scrimmage.bmp,/kaggle/working/MDFS/data/MDLIVE/extracted/LIVE_MD/To_Release/Ref_Images/scrimmage.bmp,45.8947
scrimmage_blur2_jpeg1.bmp,/kaggle/working/MDFS/data/MDLIVE/extracted/LIVE_MD/To_Release/Part_1/blurjpeg/scrimmage_blur2_jpeg1.bmp,Multiply Dist.,scrimmage.bmp,/kaggle/working/MDFS/data/MDLIVE/extracted/LIVE_MD/To_Release/Ref_Images/scrimmage.bmp,57.5263
scrimmage_blur2_jpeg3.bmp,/kaggle/working/MDFS/data/MDLIVE/extracted/LIVE_MD/To_Release/Part_1/blurjpeg/scrimmage_blur2_jpeg3.bmp,Multiply Dist.,scrimmage.bmp,/kaggle/working/MDFS/data/MDLIVE/extracted/LIVE_MD/To_Release/Ref_Images/scrimmage.bmp,64.0526
scrimmage_blur3_jpeg1.bmp,/kaggle/working/MDFS/data/MDLIVE/extracted/LIVE_MD/To_Release/Part_1/blurjpeg/scrimmage_blur3_jpeg1.bmp,Multiply Dist.,scrimmage.bmp,/kaggle/working/MDFS/data/MDLIVE/extracted/LIVE_MD/To_Release/Ref_Images/scrimmage.bmp,69.6316
scrimmage_blur3_jpeg3.bmp,/kaggle/working/MDFS/data/MDLIVE/extracted/LIVE_MD/To_Release/Part_1/blurjpeg/scrimmage_blur3_jpeg3.bmp,Multiply Dist.,scrimmage.bmp,/kaggle/working/MDFS/data/MDLIVE/extracted/LIVE_MD/To_Release/Ref_Images/scrimmage.bmp,73.0
scrimmage_jpeg2.bmp,/kaggle/working/MDFS/data/MDLIVE/extracted/LIVE_MD/To_Release/Part_1/blurjpeg/scrimmage_jpeg2.bmp,Multiply Dist.,scrimmage.bmp,/kaggle/working/MDFS/data/MDLIVE/extracted/LIVE_MD/To_Release/Ref_Images/scrimmage.bmp,13.8947
seals_blur1.bmp,/kaggle/working/MDFS/data/MDLIVE/extracted/LIVE_MD/To_Release/Part_1/blurjpeg/seals_blur1.bmp,Multiply Dist.,seals.bmp,/kaggle/working/MDFS/data/MDLIVE/extracted/LIVE_MD/To_Release/Ref_Images/seals.bmp,33.0
seals_blur1_jpeg2.bmp,/kaggle/working/MDFS/data/MDLIVE/extracted/LIVE_MD/To_Release/Part_1/blurjpeg/seals_blur1_jpeg2.bmp,Multiply Dist.,seals.bmp,/kaggle/working/MDFS/data/MDLIVE/extracted/LIVE_MD/To_Release/Ref_Images/seals.bmp,44.3684
seals_blur2.bmp,/kaggle/working/MDFS/data/MDLIVE/extracted/LIVE_MD/To_Release/Part_1/blurjpeg/seals_blur2.bmp,Multiply Dist.,seals.bmp,/kaggle/working/MDFS/data/MDLIVE/extracted/LIVE_MD/To_Release/Ref_Images/seals.bmp,52.4211
seals_blur2_jpeg2.bmp,/kaggle/working/MDFS/data/MDLIVE/extracted/LIVE_MD/To_Release/Part_1/blurjpeg/seals_blur2_jpeg2.bmp,Multiply Dist.,seals.bmp,/kaggle/working/MDFS/data/MDLIVE/extracted/LIVE_MD/To_Release/Ref_Images/seals.bmp,55.6316
seals_blur3.bmp,/kaggle/working/MDFS/data/MDLIVE/extracted/LIVE_MD/To_Release/Part_1/blurjpeg/seals_blur3.bmp,Multiply Dist.,seals.bmp,/kaggle/working/MDFS/data/MDLIVE/extracted/LIVE_MD/To_Release/Ref_Images/seals.bmp,67.8421
seals_blur3_jpeg2.bmp,/kaggle/working/MDFS/data/MDLIVE/extracted/LIVE_MD/To_Release/Part_1/blurjpeg/seals_blur3_jpeg2.bmp,Multiply Dist.,seals.bmp,/kaggle/working/MDFS/data/MDLIVE/extracted/LIVE_MD/To_Release/Ref_Images/seals.bmp,63.3684
seals_jpeg1.bmp,/kaggle/working/MDFS/data/MDLIVE/extracted/LIVE_MD/To_Release/Part_1/blurjpeg/seals_jpeg1.bmp,Multiply Dist.,seals.bmp,/kaggle/working/MDFS/data/MDLIVE/extracted/LIVE_MD/To_Release/Ref_Images/seals.bmp,5.8421
seals_jpeg3.bmp,/kaggle/working/MDFS/data/MDLIVE/extracted/LIVE_MD/To_Release/Part_1/blurjpeg/seals_jpeg3.bmp,Multiply Dist.,seals.bmp,/kaggle/working/MDFS/data/MDLIVE/extracted/LIVE_MD/To_Release/Ref_Images/seals.bmp,29.3684
sunrise_blur1_jpeg1.bmp,/kaggle/working/MDFS/data/MDLIVE/extracted/LIVE_MD/To_Release/Part_1/blurjpeg/sunrise_blur1_jpeg1.bmp,Multiply Dist.,sunrise.bmp,/kaggle/working/MDFS/data/MDLIVE/extracted/LIVE_MD/To_Release/Ref_Images/sunrise.bmp,35.0
sunrise_blur1_jpeg3.bmp,/kaggle/working/MDFS/data/MDLIVE/extracted/LIVE_MD/To_Release/Part_1/blurjpeg/sunrise_blur1_jpeg3.bmp,Multiply Dist.,sunrise.bmp,/kaggle/working/MDFS/data/MDLIVE/extracted/LIVE_MD/To_Release/Ref_Images/sunrise.bmp,42.0
sunrise_blur2_jpeg1.bmp,/kaggle/working/MDFS/data/MDLIVE/extracted/LIVE_MD/To_Release/Part_1/blurjpeg/sunrise_blur2_jpeg1.bmp,Multiply Dist.,sunrise.bmp,/kaggle/working/MDFS/data/MDLIVE/extracted/LIVE_MD/To_Release/Ref_Images/sunrise.bmp,48.5789
sunrise_blur2_jpeg3.bmp,/kaggle/working/MDFS/data/MDLIVE/extracted/LIVE_MD/To_Release/Part_1/blurjpeg/sunrise_blur2_jpeg3.bmp,Multiply Dist.,sunrise.bmp,/kaggle/working/MDFS/data/MDLIVE/extracted/LIVE_MD/To_Release/Ref_Images/sunrise.bmp,64.3158
sunrise_blur3_jpeg1.bmp,/kaggle/working/MDFS/data/MDLIVE/extracted/LIVE_MD/To_Release/Part_1/blurjpeg/sunrise_blur3_jpeg1.bmp,Multiply Dist.,sunrise.bmp,/kaggle/working/MDFS/data/MDLIVE/extracted/LIVE_MD/To_Release/Ref_Images/sunrise.bmp,63.4211
sunrise_blur3_jpeg3.bmp,/kaggle/working/MDFS/data/MDLIVE/extracted/LIVE_MD/To_Release/Part_1/blurjpeg/sunrise_blur3_jpeg3.bmp,Multiply Dist.,sunrise.bmp,/kaggle/working/MDFS/data/MDLIVE/extracted/LIVE_MD/To_Release/Ref_Images/sunrise.bmp,72.7368
sunrise_jpeg2.bmp,/kaggle/working/MDFS/data/MDLIVE/extracted/LIVE_MD/To_Release/Part_1/blurjpeg/sunrise_jpeg2.bmp,Multiply Dist.,sunrise.bmp,/kaggle/working/MDFS/data/MDLIVE/extracted/LIVE_MD/To_Release/Ref_Images/sunrise.bmp,21.3158
wheel_blur1.bmp,/kaggle/working/MDFS/data/MDLIVE/extracted/LIVE_MD/To_Release/Part_1/blurjpeg/wheel_blur1.bmp,Multiply Dist.,wheel.bmp,/kaggle/working/MDFS/data/MDLIVE/extracted/LIVE_MD/To_Release/Ref_Images/wheel.bmp,18.6316
wheel_blur1_jpeg2.bmp,/kaggle/working/MDFS/data/MDLIVE/extracted/LIVE_MD/To_Release/Part_1/blurjpeg/wheel_blur1_jpeg2.bmp,Multiply Dist.,wheel.bmp,/kaggle/working/MDFS/data/MDLIVE/extracted/LIVE_MD/To_Release/Ref_Images/wheel.bmp,37.0526
wheel_blur2.bmp,/kaggle/working/MDFS/data/MDLIVE/extracted/LIVE_MD/To_Release/Part_1/blurjpeg/wheel_blur2.bmp,Multiply Dist.,wheel.bmp,/kaggle/working/MDFS/data/MDLIVE/extracted/LIVE_MD/To_Release/Ref_Images/wheel.bmp,43.7368
wheel_blur2_jpeg2.bmp,/kaggle/working/MDFS/data/MDLIVE/extracted/LIVE_MD/To_Release/Part_1/blurjpeg/wheel_blur2_jpeg2.bmp,Multiply Dist.,wheel.bmp,/kaggle/working/MDFS/data/MDLIVE/extracted/LIVE_MD/To_Release/Ref_Images/wheel.bmp,48.0526
wheel_blur3.bmp,/kaggle/working/MDFS/data/MDLIVE/extracted/LIVE_MD/To_Release/Part_1/blurjpeg/wheel_blur3.bmp,Multiply Dist.,wheel.bmp,/kaggle/working/MDFS/data/MDLIVE/extracted/LIVE_MD/To_Release/Ref_Images/wheel.bmp,56.3158
wheel_blur3_jpeg2.bmp,/kaggle/working/MDFS/data/MDLIVE/extracted/LIVE_MD/To_Release/Part_1/blurjpeg/wheel_blur3_jpeg2.bmp,Multiply Dist.,wheel.bmp,/kaggle/working/MDFS/data/MDLIVE/extracted/LIVE_MD/To_Release/Ref_Images/wheel.bmp,61.4211
wheel_jpeg1.bmp,/kaggle/working/MDFS/data/MDLIVE/extracted/LIVE_MD/To_Release/Part_1/blurjpeg/wheel_jpeg1.bmp,Multiply Dist.,wheel.bmp,/kaggle/working/MDFS/data/MDLIVE/extracted/LIVE_MD/To_Release/Ref_Images/wheel.bmp,14.2632
wheel_jpeg3.bmp,/kaggle/working/MDFS/data/MDLIVE/extracted/LIVE_MD/To_Release/Part_1/blurjpeg/wheel_jpeg3.bmp,Multiply Dist.,wheel.bmp,/kaggle/working/MDFS/data/MDLIVE/extracted/LIVE_MD/To_Release/Ref_Images/wheel.bmp,25.8947
babygirl_blur1_noise1.bmp,/kaggle/working/MDFS/data/MDLIVE/extracted/LIVE_MD/To_Release/Part_2/blurnoise/babygirl_blur1_noise1.bmp,Multiply Dist.,babygirl.bmp,/kaggle/working/MDFS/data/MDLIVE/extracted/LIVE_MD/To_Release/Ref_Images/babygirl.bmp,28.2778
babygirl_blur1_noise3.bmp,/kaggle/working/MDFS/data/MDLIVE/extracted/LIVE_MD/To_Release/Part_2/blurnoise/babygirl_blur1_noise3.bmp,Multiply Dist.,babygirl.bmp,/kaggle/working/MDFS/data/MDLIVE/extracted/LIVE_MD/To_Release/Ref_Images/babygirl.bmp,52.3333
babygirl_blur2_noise1.bmp,/kaggle/working/MDFS/data/MDLIVE/extracted/LIVE_MD/To_Release/Part_2/blurnoise/babygirl_blur2_noise1.bmp,Multiply Dist.,babygirl.bmp,/kaggle/working/MDFS/data/MDLIVE/extracted/LIVE_MD/To_Release/Ref_Images/babygirl.bmp,47.3333
babygirl_blur2_noise3.bmp,/kaggle/working/MDFS/data/MDLIVE/extracted/LIVE_MD/To_Release/Part_2/blurnoise/babygirl_blur2_noise3.bmp,Multiply Dist.,babygirl.bmp,/kaggle/working/MDFS/data/MDLIVE/extracted/LIVE_MD/To_Release/Ref_Images/babygirl.bmp,58.4444
babygirl_blur3_noise1.bmp,/kaggle/working/MDFS/data/MDLIVE/extracted/LIVE_MD/To_Release/Part_2/blurnoise/babygirl_blur3_noise1.bmp,Multiply Dist.,babygirl.bmp,/kaggle/working/MDFS/data/MDLIVE/extracted/LIVE_MD/To_Release/Ref_Images/babygirl.bmp,61.4444
babygirl_blur3_noise3.bmp,/kaggle/working/MDFS/data/MDLIVE/extracted/LIVE_MD/To_Release/Part_2/blurnoise/babygirl_blur3_noise3.bmp,Multiply Dist.,babygirl.bmp,/kaggle/working/MDFS/data/MDLIVE/extracted/LIVE_MD/To_Release/Ref_Images/babygirl.bmp,67.3889
babygirl_noise2.bmp,/kaggle/working/MDFS/data/MDLIVE/extracted/LIVE_MD/To_Release/Part_2/blurnoise/babygirl_noise2.bmp,Multiply Dist.,babygirl.bmp,/kaggle/working/MDFS/data/MDLIVE/extracted/LIVE_MD/To_Release/Ref_Images/babygirl.bmp,36.8333
bikerace_blur1.bmp,/kaggle/working/MDFS/data/MDLIVE/extracted/LIVE_MD/To_Release/Part_2/blurnoise/bikerace_blur1.bmp,Multiply Dist.,bikerace.bmp,/kaggle/working/MDFS/data/MDLIVE/extracted/LIVE_MD/To_Release/Ref_Images/bikerace.bmp,30.8889
bikerace_blur1_noise2.bmp,/kaggle/working/MDFS/data/MDLIVE/extracted/LIVE_MD/To_Release/Part_2/blurnoise/bikerace_blur1_noise2.bmp,Multiply Dist.,bikerace.bmp,/kaggle/working/MDFS/data/MDLIVE/extracted/LIVE_MD/To_Release/Ref_Images/bikerace.bmp,47.8889
bikerace_blur2.bmp,/kaggle/working/MDFS/data/MDLIVE/extracted/LIVE_MD/To_Release/Part_2/blurnoise/bikerace_blur2.bmp,Multiply Dist.,bikerace.bmp,/kaggle/working/MDFS/data/MDLIVE/extracted/LIVE_MD/To_Release/Ref_Images/bikerace.bmp,51.6111
bikerace_blur2_noise2.bmp,/kaggle/working/MDFS/data/MDLIVE/extracted/LIVE_MD/To_Release/Part_2/blurnoise/bikerace_blur2_noise2.bmp,Multiply Dist.,bikerace.bmp,/kaggle/working/MDFS/data/MDLIVE/extracted/LIVE_MD/To_Release/Ref_Images/bikerace.bmp,58.5
bikerace_blur3.bmp,/kaggle/working/MDFS/data/MDLIVE/extracted/LIVE_MD/To_Release/Part_2/blurnoise/bikerace_blur3.bmp,Multiply Dist.,bikerace.bmp,/kaggle/working/MDFS/data/MDLIVE/extracted/LIVE_MD/To_Release/Ref_Images/bikerace.bmp,64.6111
bikerace_blur3_noise2.bmp,/kaggle/working/MDFS/data/MDLIVE/extracted/LIVE_MD/To_Release/Part_2/blurnoise/bikerace_blur3_noise2.bmp,Multiply Dist.,bikerace.bmp,/kaggle/working/MDFS/data/MDLIVE/extracted/LIVE_MD/To_Release/Ref_Images/bikerace.bmp,71.5
bikerace_noise1.bmp,/kaggle/working/MDFS/data/MDLIVE/extracted/LIVE_MD/To_Release/Part_2/blurnoise/bikerace_noise1.bmp,Multiply Dist.,bikerace.bmp,/kaggle/working/MDFS/data/MDLIVE/extracted/LIVE_MD/To_Release/Ref_Images/bikerace.bmp,5.6667
bikerace_noise3.bmp,/kaggle/working/MDFS/data/MDLIVE/extracted/LIVE_MD/To_Release/Part_2/blurnoise/bikerace_noise3.bmp,Multiply Dist.,bikerace.bmp,/kaggle/working/MDFS/data/MDLIVE/extracted/LIVE_MD/To_Release/Ref_Images/bikerace.bmp,36.8333
cows_blur1_noise1.bmp,/kaggle/working/MDFS/data/MDLIVE/extracted/LIVE_MD/To_Release/Part_2/blurnoise/cows_blur1_noise1.bmp,Multiply Dist.,cows.bmp,/kaggle/working/MDFS/data/MDLIVE/extracted/LIVE_MD/To_Release/Ref_Images/cows.bmp,39.5
cows_blur1_noise3.bmp,/kaggle/working/MDFS/data/MDLIVE/extracted/LIVE_MD/To_Release/Part_2/blurnoise/cows_blur1_noise3.bmp,Multiply Dist.,cows.bmp,/kaggle/working/MDFS/data/MDLIVE/extracted/LIVE_MD/To_Release/Ref_Images/cows.bmp,52.1667
cows_blur2_noise1.bmp,/kaggle/working/MDFS/data/MDLIVE/extracted/LIVE_MD/To_Release/Part_2/blurnoise/cows_blur2_noise1.bmp,Multiply Dist.,cows.bmp,/kaggle/working/MDFS/data/MDLIVE/extracted/LIVE_MD/To_Release/Ref_Images/cows.bmp,56.6111
cows_blur2_noise3.bmp,/kaggle/working/MDFS/data/MDLIVE/extracted/LIVE_MD/To_Release/Part_2/blurnoise/cows_blur2_noise3.bmp,Multiply Dist.,cows.bmp,/kaggle/working/MDFS/data/MDLIVE/extracted/LIVE_MD/To_Release/Ref_Images/cows.bmp,58.3333
cows_blur3_noise1.bmp,/kaggle/working/MDFS/data/MDLIVE/extracted/LIVE_MD/To_Release/Part_2/blurnoise/cows_blur3_noise1.bmp,Multiply Dist.,cows.bmp,/kaggle/working/MDFS/data/MDLIVE/extracted/LIVE_MD/To_Release/Ref_Images/cows.bmp,70.5556
cows_blur3_noise3.bmp,/kaggle/working/MDFS/data/MDLIVE/extracted/LIVE_MD/To_Release/Part_2/blurnoise/cows_blur3_noise3.bmp,Multiply Dist.,cows.bmp,/kaggle/working/MDFS/data/MDLIVE/extracted/LIVE_MD/To_Release/Ref_Images/cows.bmp,79.4444
cows_noise2.bmp,/kaggle/working/MDFS/data/MDLIVE/extracted/LIVE_MD/To_Release/Part_2/blurnoise/cows_noise2.bmp,Multiply Dist.,cows.bmp,/kaggle/working/MDFS/data/MDLIVE/extracted/LIVE_MD/To_Release/Ref_Images/cows.bmp,30.5556
elephant_blur1.bmp,/kaggle/working/MDFS/data/MDLIVE/extracted/LIVE_MD/To_Release/Part_2/blurnoise/elephant_blur1.bmp,Multiply Dist.,elephant.bmp,/kaggle/working/MDFS/data/MDLIVE/extracted/LIVE_MD/To_Release/Ref_Images/elephant.bmp,25.8333
elephant_blur1_noise2.bmp,/kaggle/working/MDFS/data/MDLIVE/extracted/LIVE_MD/To_Release/Part_2/blurnoise/elephant_blur1_noise2.bmp,Multiply Dist.,elephant.bmp,/kaggle/working/MDFS/data/MDLIVE/extracted/LIVE_MD/To_Release/Ref_Images/elephant.bmp,45.1111
elephant_blur2.bmp,/kaggle/working/MDFS/data/MDLIVE/extracted/LIVE_MD/To_Release/Part_2/blurnoise/elephant_blur2.bmp,Multiply Dist.,elephant.bmp,/kaggle/working/MDFS/data/MDLIVE/extracted/LIVE_MD/To_Release/Ref_Images/elephant.bmp,49.0
elephant_blur2_noise2.bmp,/kaggle/working/MDFS/data/MDLIVE/extracted/LIVE_MD/To_Release/Part_2/blurnoise/elephant_blur2_noise2.bmp,Multiply Dist.,elephant.bmp,/kaggle/working/MDFS/data/MDLIVE/extracted/LIVE_MD/To_Release/Ref_Images/elephant.bmp,55.1667
elephant_blur3.bmp,/kaggle/working/MDFS/data/MDLIVE/extracted/LIVE_MD/To_Release/Part_2/blurnoise/elephant_blur3.bmp,Multiply Dist.,elephant.bmp,/kaggle/working/MDFS/data/MDLIVE/extracted/LIVE_MD/To_Release/Ref_Images/elephant.bmp,59.1667
elephant_blur3_noise2.bmp,/kaggle/working/MDFS/data/MDLIVE/extracted/LIVE_MD/To_Release/Part_2/blurnoise/elephant_blur3_noise2.bmp,Multiply Dist.,elephant.bmp,/kaggle/working/MDFS/data/MDLIVE/extracted/LIVE_MD/To_Release/Ref_Images/elephant.bmp,67.6111
elephant_noise1.bmp,/kaggle/working/MDFS/data/MDLIVE/extracted/LIVE_MD/To_Release/Part_2/blurnoise/elephant_noise1.bmp,Multiply Dist.,elephant.bmp,/kaggle/working/MDFS/data/MDLIVE/extracted/LIVE_MD/To_Release/Ref_Images/elephant.bmp,6.5
elephant_noise3.bmp,/kaggle/working/MDFS/data/MDLIVE/extracted/LIVE_MD/To_Release/Part_2/blurnoise/elephant_noise3.bmp,Multiply Dist.,elephant.bmp,/kaggle/working/MDFS/data/MDLIVE/extracted/LIVE_MD/To_Release/Ref_Images/elephant.bmp,33.1111
iceroad_blur1_noise1.bmp,/kaggle/working/MDFS/data/MDLIVE/extracted/LIVE_MD/To_Release/Part_2/blurnoise/iceroad_blur1_noise1.bmp,Multiply Dist.,iceroad.bmp,/kaggle/working/MDFS/data/MDLIVE/extracted/LIVE_MD/To_Release/Ref_Images/iceroad.bmp,28.0556
iceroad_blur1_noise3.bmp,/kaggle/working/MDFS/data/MDLIVE/extracted/LIVE_MD/To_Release/Part_2/blurnoise/iceroad_blur1_noise3.bmp,Multiply Dist.,iceroad.bmp,/kaggle/working/MDFS/data/MDLIVE/extracted/LIVE_MD/To_Release/Ref_Images/iceroad.bmp,45.2222
iceroad_blur2_noise1.bmp,/kaggle/working/MDFS/data/MDLIVE/extracted/LIVE_MD/To_Release/Part_2/blurnoise/iceroad_blur2_noise1.bmp,Multiply Dist.,iceroad.bmp,/kaggle/working/MDFS/data/MDLIVE/extracted/LIVE_MD/To_Release/Ref_Images/iceroad.bmp,48.3889
iceroad_blur2_noise3.bmp,/kaggle/working/MDFS/data/MDLIVE/extracted/LIVE_MD/To_Release/Part_2/blurnoise/iceroad_blur2_noise3.bmp,Multiply Dist.,iceroad.bmp,/kaggle/working/MDFS/data/MDLIVE/extracted/LIVE_MD/To_Release/Ref_Images/iceroad.bmp,54.7778
iceroad_blur3_noise1.bmp,/kaggle/working/MDFS/data/MDLIVE/extracted/LIVE_MD/To_Release/Part_2/blurnoise/iceroad_blur3_noise1.bmp,Multiply Dist.,iceroad.bmp,/kaggle/working/MDFS/data/MDLIVE/extracted/LIVE_MD/To_Release/Ref_Images/iceroad.bmp,64.4444
iceroad_blur3_noise3.bmp,/kaggle/working/MDFS/data/MDLIVE/extracted/LIVE_MD/To_Release/Part_2/blurnoise/iceroad_blur3_noise3.bmp,Multiply Dist.,iceroad.bmp,/kaggle/working/MDFS/data/MDLIVE/extracted/LIVE_MD/To_Release/Ref_Images/iceroad.bmp,65.9444
iceroad_noise2.bmp,/kaggle/working/MDFS/data/MDLIVE/extracted/LIVE_MD/To_Release/Part_2/blurnoise/iceroad_noise2.bmp,Multiply Dist.,iceroad.bmp,/kaggle/working/MDFS/data/MDLIVE/extracted/LIVE_MD/To_Release/Ref_Images/iceroad.bmp,22.9444
lakebuilding_blur1.bmp,/kaggle/working/MDFS/data/MDLIVE/extracted/LIVE_MD/To_Release/Part_2/blurnoise/lakebuilding_blur1.bmp,Multiply Dist.,lakebuilding.bmp,/kaggle/working/MDFS/data/MDLIVE/extracted/LIVE_MD/To_Release/Ref_Images/lakebuilding.bmp,35.0
lakebuilding_blur1_noise2.bmp,/kaggle/working/MDFS/data/MDLIVE/extracted/LIVE_MD/To_Release/Part_2/blurnoise/lakebuilding_blur1_noise2.bmp,Multiply Dist.,lakebuilding.bmp,/kaggle/working/MDFS/data/MDLIVE/extracted/LIVE_MD/To_Release/Ref_Images/lakebuilding.bmp,52.8889
lakebuilding_blur2.bmp,/kaggle/working/MDFS/data/MDLIVE/extracted/LIVE_MD/To_Release/Part_2/blurnoise/lakebuilding_blur2.bmp,Multiply Dist.,lakebuilding.bmp,/kaggle/working/MDFS/data/MDLIVE/extracted/LIVE_MD/To_Release/Ref_Images/lakebuilding.bmp,60.3333
lakebuilding_blur2_noise2.bmp,/kaggle/working/MDFS/data/MDLIVE/extracted/LIVE_MD/To_Release/Part_2/blurnoise/lakebuilding_blur2_noise2.bmp,Multiply Dist.,lakebuilding.bmp,/kaggle/working/MDFS/data/MDLIVE/extracted/LIVE_MD/To_Release/Ref_Images/lakebuilding.bmp,68.5
lakebuilding_blur3.bmp,/kaggle/working/MDFS/data/MDLIVE/extracted/LIVE_MD/To_Release/Part_2/blurnoise/lakebuilding_blur3.bmp,Multiply Dist.,lakebuilding.bmp,/kaggle/working/MDFS/data/MDLIVE/extracted/LIVE_MD/To_Release/Ref_Images/lakebuilding.bmp,70.5
lakebuilding_blur3_noise2.bmp,/kaggle/working/MDFS/data/MDLIVE/extracted/LIVE_MD/To_Release/Part_2/blurnoise/lakebuilding_blur3_noise2.bmp,Multiply Dist.,lakebuilding.bmp,/kaggle/working/MDFS/data/MDLIVE/extracted/LIVE_MD/To_Release/Ref_Images/lakebuilding.bmp,80.5
lakebuilding_noise1.bmp,/kaggle/working/MDFS/data/MDLIVE/extracted/LIVE_MD/To_Release/Part_2/blurnoise/lakebuilding_noise1.bmp,Multiply Dist.,lakebuilding.bmp,/kaggle/working/MDFS/data/MDLIVE/extracted/LIVE_MD/To_Release/Ref_Images/lakebuilding.bmp,7.3333
lakebuilding_noise3.bmp,/kaggle/working/MDFS/data/MDLIVE/extracted/LIVE_MD/To_Release/Part_2/blurnoise/lakebuilding_noise3.bmp,Multiply Dist.,lakebuilding.bmp,/kaggle/working/MDFS/data/MDLIVE/extracted/LIVE_MD/To_Release/Ref_Images/lakebuilding.bmp,38.9444
lunch_blur1_noise1.bmp,/kaggle/working/MDFS/data/MDLIVE/extracted/LIVE_MD/To_Release/Part_2/blurnoise/lunch_blur1_noise1.bmp,Multiply Dist.,lunch.bmp,/kaggle/working/MDFS/data/MDLIVE/extracted/LIVE_MD/To_Release/Ref_Images/lunch.bmp,38.5
lunch_blur1_noise3.bmp,/kaggle/working/MDFS/data/MDLIVE/extracted/LIVE_MD/To_Release/Part_2/blurnoise/lunch_blur1_noise3.bmp,Multiply Dist.,lunch.bmp,/kaggle/working/MDFS/data/MDLIVE/extracted/LIVE_MD/To_Release/Ref_Images/lunch.bmp,48.6111
lunch_blur2_noise1.bmp,/kaggle/working/MDFS/data/MDLIVE/extracted/LIVE_MD/To_Release/Part_2/blurnoise/lunch_blur2_noise1.bmp,Multiply Dist.,lunch.bmp,/kaggle/working/MDFS/data/MDLIVE/extracted/LIVE_MD/To_Release/Ref_Images/lunch.bmp,53.0
lunch_blur2_noise3.bmp,/kaggle/working/MDFS/data/MDLIVE/extracted/LIVE_MD/To_Release/Part_2/blurnoise/lunch_blur2_noise3.bmp,Multiply Dist.,lunch.bmp,/kaggle/working/MDFS/data/MDLIVE/extracted/LIVE_MD/To_Release/Ref_Images/lunch.bmp,64.8333
lunch_blur3_noise1.bmp,/kaggle/working/MDFS/data/MDLIVE/extracted/LIVE_MD/To_Release/Part_2/blurnoise/lunch_blur3_noise1.bmp,Multiply Dist.,lunch.bmp,/kaggle/working/MDFS/data/MDLIVE/extracted/LIVE_MD/To_Release/Ref_Images/lunch.bmp,73.0556
lunch_blur3_noise3.bmp,/kaggle/working/MDFS/data/MDLIVE/extracted/LIVE_MD/To_Release/Part_2/blurnoise/lunch_blur3_noise3.bmp,Multiply Dist.,lunch.bmp,/kaggle/working/MDFS/data/MDLIVE/extracted/LIVE_MD/To_Release/Ref_Images/lunch.bmp,73.0
lunch_noise2.bmp,/kaggle/working/MDFS/data/MDLIVE/extracted/LIVE_MD/To_Release/Part_2/blurnoise/lunch_noise2.bmp,Multiply Dist.,lunch.bmp,/kaggle/working/MDFS/data/MDLIVE/extracted/LIVE_MD/To_Release/Ref_Images/lunch.bmp,23.7778
market_blur1.bmp,/kaggle/working/MDFS/data/MDLIVE/extracted/LIVE_MD/To_Release/Part_2/blurnoise/market_blur1.bmp,Multiply Dist.,market.bmp,/kaggle/working/MDFS/data/MDLIVE/extracted/LIVE_MD/To_Release/Ref_Images/market.bmp,22.0
market_blur1_noise2.bmp,/kaggle/working/MDFS/data/MDLIVE/extracted/LIVE_MD/To_Release/Part_2/blurnoise/market_blur1_noise2.bmp,Multiply Dist.,market.bmp,/kaggle/working/MDFS/data/MDLIVE/extracted/LIVE_MD/To_Release/Ref_Images/market.bmp,43.0556
market_blur2.bmp,/kaggle/working/MDFS/data/MDLIVE/extracted/LIVE_MD/To_Release/Part_2/blurnoise/market_blur2.bmp,Multiply Dist.,market.bmp,/kaggle/working/MDFS/data/MDLIVE/extracted/LIVE_MD/To_Release/Ref_Images/market.bmp,45.7222
market_blur2_noise2.bmp,/kaggle/working/MDFS/data/MDLIVE/extracted/LIVE_MD/To_Release/Part_2/blurnoise/market_blur2_noise2.bmp,Multiply Dist.,market.bmp,/kaggle/working/MDFS/data/MDLIVE/extracted/LIVE_MD/To_Release/Ref_Images/market.bmp,50.8889
market_blur3.bmp,/kaggle/working/MDFS/data/MDLIVE/extracted/LIVE_MD/To_Release/Part_2/blurnoise/market_blur3.bmp,Multiply Dist.,market.bmp,/kaggle/working/MDFS/data/MDLIVE/extracted/LIVE_MD/To_Release/Ref_Images/market.bmp,59.3889
market_blur3_noise2.bmp,/kaggle/working/MDFS/data/MDLIVE/extracted/LIVE_MD/To_Release/Part_2/blurnoise/market_blur3_noise2.bmp,Multiply Dist.,market.bmp,/kaggle/working/MDFS/data/MDLIVE/extracted/LIVE_MD/To_Release/Ref_Images/market.bmp,61.7778
market_noise1.bmp,/kaggle/working/MDFS/data/MDLIVE/extracted/LIVE_MD/To_Release/Part_2/blurnoise/market_noise1.bmp,Multiply Dist.,market.bmp,/kaggle/working/MDFS/data/MDLIVE/extracted/LIVE_MD/To_Release/Ref_Images/market.bmp,10.6667
market_noise3.bmp,/kaggle/working/MDFS/data/MDLIVE/extracted/LIVE_MD/To_Release/Part_2/blurnoise/market_noise3.bmp,Multiply Dist.,market.bmp,/kaggle/working/MDFS/data/MDLIVE/extracted/LIVE_MD/To_Release/Ref_Images/market.bmp,37.0
palace2_blur1_noise1.bmp,/kaggle/working/MDFS/data/MDLIVE/extracted/LIVE_MD/To_Release/Part_2/blurnoise/palace2_blur1_noise1.bmp,Multiply Dist.,palace2.bmp,/kaggle/working/MDFS/data/MDLIVE/extracted/LIVE_MD/To_Release/Ref_Images/palace2.bmp,44.1111
palace2_blur1_noise3.bmp,/kaggle/working/MDFS/data/MDLIVE/extracted/LIVE_MD/To_Release/Part_2/blurnoise/palace2_blur1_noise3.bmp,Multiply Dist.,palace2.bmp,/kaggle/working/MDFS/data/MDLIVE/extracted/LIVE_MD/To_Release/Ref_Images/palace2.bmp,62.5556
palace2_blur2_noise1.bmp,/kaggle/working/MDFS/data/MDLIVE/extracted/LIVE_MD/To_Release/Part_2/blurnoise/palace2_blur2_noise1.bmp,Multiply Dist.,palace2.bmp,/kaggle/working/MDFS/data/MDLIVE/extracted/LIVE_MD/To_Release/Ref_Images/palace2.bmp,67.8333
palace2_blur2_noise3.bmp,/kaggle/working/MDFS/data/MDLIVE/extracted/LIVE_MD/To_Release/Part_2/blurnoise/palace2_blur2_noise3.bmp,Multiply Dist.,palace2.bmp,/kaggle/working/MDFS/data/MDLIVE/extracted/LIVE_MD/To_Release/Ref_Images/palace2.bmp,71.3889
palace2_blur3_noise1.bmp,/kaggle/working/MDFS/data/MDLIVE/extracted/LIVE_MD/To_Release/Part_2/blurnoise/palace2_blur3_noise1.bmp,Multiply Dist.,palace2.bmp,/kaggle/working/MDFS/data/MDLIVE/extracted/LIVE_MD/To_Release/Ref_Images/palace2.bmp,77.4444
palace2_blur3_noise3.bmp,/kaggle/working/MDFS/data/MDLIVE/extracted/LIVE_MD/To_Release/Part_2/blurnoise/palace2_blur3_noise3.bmp,Multiply Dist.,palace2.bmp,/kaggle/working/MDFS/data/MDLIVE/extracted/LIVE_MD/To_Release/Ref_Images/palace2.bmp,80.6111
palace2_noise2.bmp,/kaggle/working/MDFS/data/MDLIVE/extracted/LIVE_MD/To_Release/Part_2/blurnoise/palace2_noise2.bmp,Multiply Dist.,palace2.bmp,/kaggle/working/MDFS/data/MDLIVE/extracted/LIVE_MD/To_Release/Ref_Images/palace2.bmp,44.3333
railwaystation_blur1.bmp,/kaggle/working/MDFS/data/MDLIVE/extracted/LIVE_MD/To_Release/Part_2/blurnoise/railwaystation_blur1.bmp,Multiply Dist.,railwaystation.bmp,/kaggle/working/MDFS/data/MDLIVE/extracted/LIVE_MD/To_Release/Ref_Images/railwaystation.bmp,25.5
railwaystation_blur1_noise2.bmp,/kaggle/working/MDFS/data/MDLIVE/extracted/LIVE_MD/To_Release/Part_2/blurnoise/railwaystation_blur1_noise2.bmp,Multiply Dist.,railwaystation.bmp,/kaggle/working/MDFS/data/MDLIVE/extracted/LIVE_MD/To_Release/Ref_Images/railwaystation.bmp,37.6667
railwaystation_blur2.bmp,/kaggle/working/MDFS/data/MDLIVE/extracted/LIVE_MD/To_Release/Part_2/blurnoise/railwaystation_blur2.bmp,Multiply Dist.,railwaystation.bmp,/kaggle/working/MDFS/data/MDLIVE/extracted/LIVE_MD/To_Release/Ref_Images/railwaystation.bmp,45.1667
railwaystation_blur2_noise2.bmp,/kaggle/working/MDFS/data/MDLIVE/extracted/LIVE_MD/To_Release/Part_2/blurnoise/railwaystation_blur2_noise2.bmp,Multiply Dist.,railwaystation.bmp,/kaggle/working/MDFS/data/MDLIVE/extracted/LIVE_MD/To_Release/Ref_Images/railwaystation.bmp,49.7778
railwaystation_blur3.bmp,/kaggle/working/MDFS/data/MDLIVE/extracted/LIVE_MD/To_Release/Part_2/blurnoise/railwaystation_blur3.bmp,Multiply Dist.,railwaystation.bmp,/kaggle/working/MDFS/data/MDLIVE/extracted/LIVE_MD/To_Release/Ref_Images/railwaystation.bmp,55.4444
railwaystation_blur3_noise2.bmp,/kaggle/working/MDFS/data/MDLIVE/extracted/LIVE_MD/To_Release/Part_2/blurnoise/railwaystation_blur3_noise2.bmp,Multiply Dist.,railwaystation.bmp,/kaggle/working/MDFS/data/MDLIVE/extracted/LIVE_MD/To_Release/Ref_Images/railwaystation.bmp,65.5556
railwaystation_noise1.bmp,/kaggle/working/MDFS/data/MDLIVE/extracted/LIVE_MD/To_Release/Part_2/blurnoise/railwaystation_noise1.bmp,Multiply Dist.,railwaystation.bmp,/kaggle/working/MDFS/data/MDLIVE/extracted/LIVE_MD/To_Release/Ref_Images/railwaystation.bmp,0.61111
railwaystation_noise3.bmp,/kaggle/working/MDFS/data/MDLIVE/extracted/LIVE_MD/To_Release/Part_2/blurnoise/railwaystation_noise3.bmp,Multiply Dist.,railwaystation.bmp,/kaggle/working/MDFS/data/MDLIVE/extracted/LIVE_MD/To_Release/Ref_Images/railwaystation.bmp,25.7222
sanfrancisco_blur1_noise1.bmp,/kaggle/working/MDFS/data/MDLIVE/extracted/LIVE_MD/To_Release/Part_2/blurnoise/sanfrancisco_blur1_noise1.bmp,Multiply Dist.,sanfrancisco.bmp,/kaggle/working/MDFS/data/MDLIVE/extracted/LIVE_MD/To_Release/Ref_Images/sanfrancisco.bmp,36.9444
sanfrancisco_blur1_noise3.bmp,/kaggle/working/MDFS/data/MDLIVE/extracted/LIVE_MD/To_Release/Part_2/blurnoise/sanfrancisco_blur1_noise3.bmp,Multiply Dist.,sanfrancisco.bmp,/kaggle/working/MDFS/data/MDLIVE/extracted/LIVE_MD/To_Release/Ref_Images/sanfrancisco.bmp,57.1667
sanfrancisco_blur2_noise1.bmp,/kaggle/working/MDFS/data/MDLIVE/extracted/LIVE_MD/To_Release/Part_2/blurnoise/sanfrancisco_blur2_noise1.bmp,Multiply Dist.,sanfrancisco.bmp,/kaggle/working/MDFS/data/MDLIVE/extracted/LIVE_MD/To_Release/Ref_Images/sanfrancisco.bmp,60.6667
sanfrancisco_blur2_noise3.bmp,/kaggle/working/MDFS/data/MDLIVE/extracted/LIVE_MD/To_Release/Part_2/blurnoise/sanfrancisco_blur2_noise3.bmp,Multiply Dist.,sanfrancisco.bmp,/kaggle/working/MDFS/data/MDLIVE/extracted/LIVE_MD/To_Release/Ref_Images/sanfrancisco.bmp,64.7778
sanfrancisco_blur3_noise1.bmp,/kaggle/working/MDFS/data/MDLIVE/extracted/LIVE_MD/To_Release/Part_2/blurnoise/sanfrancisco_blur3_noise1.bmp,Multiply Dist.,sanfrancisco.bmp,/kaggle/working/MDFS/data/MDLIVE/extracted/LIVE_MD/To_Release/Ref_Images/sanfrancisco.bmp,74.9444
sanfrancisco_blur3_noise3.bmp,/kaggle/working/MDFS/data/MDLIVE/extracted/LIVE_MD/To_Release/Part_2/blurnoise/sanfrancisco_blur3_noise3.bmp,Multiply Dist.,sanfrancisco.bmp,/kaggle/working/MDFS/data/MDLIVE/extracted/LIVE_MD/To_Release/Ref_Images/sanfrancisco.bmp,77.5556
sanfrancisco_noise2.bmp,/kaggle/working/MDFS/data/MDLIVE/extracted/LIVE_MD/To_Release/Part_2/blurnoise/sanfrancisco_noise2.bmp,Multiply Dist.,sanfrancisco.bmp,/kaggle/working/MDFS/data/MDLIVE/extracted/LIVE_MD/To_Release/Ref_Images/sanfrancisco.bmp,27.6111
scrimmage_blur1.bmp,/kaggle/working/MDFS/data/MDLIVE/extracted/LIVE_MD/To_Release/Part_2/blurnoise/scrimmage_blur1.bmp,Multiply Dist.,scrimmage.bmp,/kaggle/working/MDFS/data/MDLIVE/extracted/LIVE_MD/To_Release/Ref_Images/scrimmage.bmp,31.0556
scrimmage_blur1_noise2.bmp,/kaggle/working/MDFS/data/MDLIVE/extracted/LIVE_MD/To_Release/Part_2/blurnoise/scrimmage_blur1_noise2.bmp,Multiply Dist.,scrimmage.bmp,/kaggle/working/MDFS/data/MDLIVE/extracted/LIVE_MD/To_Release/Ref_Images/scrimmage.bmp,41.8333
scrimmage_blur2.bmp,/kaggle/working/MDFS/data/MDLIVE/extracted/LIVE_MD/To_Release/Part_2/blurnoise/scrimmage_blur2.bmp,Multiply Dist.,scrimmage.bmp,/kaggle/working/MDFS/data/MDLIVE/extracted/LIVE_MD/To_Release/Ref_Images/scrimmage.bmp,47.7778
scrimmage_blur2_noise2.bmp,/kaggle/working/MDFS/data/MDLIVE/extracted/LIVE_MD/To_Release/Part_2/blurnoise/scrimmage_blur2_noise2.bmp,Multiply Dist.,scrimmage.bmp,/kaggle/working/MDFS/data/MDLIVE/extracted/LIVE_MD/To_Release/Ref_Images/scrimmage.bmp,58.2222
scrimmage_blur3.bmp,/kaggle/working/MDFS/data/MDLIVE/extracted/LIVE_MD/To_Release/Part_2/blurnoise/scrimmage_blur3.bmp,Multiply Dist.,scrimmage.bmp,/kaggle/working/MDFS/data/MDLIVE/extracted/LIVE_MD/To_Release/Ref_Images/scrimmage.bmp,68.9444
scrimmage_blur3_noise2.bmp,/kaggle/working/MDFS/data/MDLIVE/extracted/LIVE_MD/To_Release/Part_2/blurnoise/scrimmage_blur3_noise2.bmp,Multiply Dist.,scrimmage.bmp,/kaggle/working/MDFS/data/MDLIVE/extracted/LIVE_MD/To_Release/Ref_Images/scrimmage.bmp,69.0556
scrimmage_noise1.bmp,/kaggle/working/MDFS/data/MDLIVE/extracted/LIVE_MD/To_Release/Part_2/blurnoise/scrimmage_noise1.bmp,Multiply Dist.,scrimmage.bmp,/kaggle/working/MDFS/data/MDLIVE/extracted/LIVE_MD/To_Release/Ref_Images/scrimmage.bmp,6.6667
scrimmage_noise3.bmp,/kaggle/working/MDFS/data/MDLIVE/extracted/LIVE_MD/To_Release/Part_2/blurnoise/scrimmage_noise3.bmp,Multiply Dist.,scrimmage.bmp,/kaggle/working/MDFS/data/MDLIVE/extracted/LIVE_MD/To_Release/Ref_Images/scrimmage.bmp,35.9444
seals_blur1_noise1.bmp,/kaggle/working/MDFS/data/MDLIVE/extracted/LIVE_MD/To_Release/Part_2/blurnoise/seals_blur1_noise1.bmp,Multiply Dist.,seals.bmp,/kaggle/working/MDFS/data/MDLIVE/extracted/LIVE_MD/To_Release/Ref_Images/seals.bmp,32.2778
seals_blur1_noise3.bmp,/kaggle/working/MDFS/data/MDLIVE/extracted/LIVE_MD/To_Release/Part_2/blurnoise/seals_blur1_noise3.bmp,Multiply Dist.,seals.bmp,/kaggle/working/MDFS/data/MDLIVE/extracted/LIVE_MD/To_Release/Ref_Images/seals.bmp,51.6111
seals_blur2_noise1.bmp,/kaggle/working/MDFS/data/MDLIVE/extracted/LIVE_MD/To_Release/Part_2/blurnoise/seals_blur2_noise1.bmp,Multiply Dist.,seals.bmp,/kaggle/working/MDFS/data/MDLIVE/extracted/LIVE_MD/To_Release/Ref_Images/seals.bmp,53.9444
seals_blur2_noise3.bmp,/kaggle/working/MDFS/data/MDLIVE/extracted/LIVE_MD/To_Release/Part_2/blurnoise/seals_blur2_noise3.bmp,Multiply Dist.,seals.bmp,/kaggle/working/MDFS/data/MDLIVE/extracted/LIVE_MD/To_Release/Ref_Images/seals.bmp,57.8889
seals_blur3_noise1.bmp,/kaggle/working/MDFS/data/MDLIVE/extracted/LIVE_MD/To_Release/Part_2/blurnoise/seals_blur3_noise1.bmp,Multiply Dist.,seals.bmp,/kaggle/working/MDFS/data/MDLIVE/extracted/LIVE_MD/To_Release/Ref_Images/seals.bmp,65.7222
seals_blur3_noise3.bmp,/kaggle/working/MDFS/data/MDLIVE/extracted/LIVE_MD/To_Release/Part_2/blurnoise/seals_blur3_noise3.bmp,Multiply Dist.,seals.bmp,/kaggle/working/MDFS/data/MDLIVE/extracted/LIVE_MD/To_Release/Ref_Images/seals.bmp,64.6111
seals_noise2.bmp,/kaggle/working/MDFS/data/MDLIVE/extracted/LIVE_MD/To_Release/Part_2/blurnoise/seals_noise2.bmp,Multiply Dist.,seals.bmp,/kaggle/working/MDFS/data/MDLIVE/extracted/LIVE_MD/To_Release/Ref_Images/seals.bmp,24.2222
sunrise_blur1.bmp,/kaggle/working/MDFS/data/MDLIVE/extracted/LIVE_MD/To_Release/Part_2/blurnoise/sunrise_blur1.bmp,Multiply Dist.,sunrise.bmp,/kaggle/working/MDFS/data/MDLIVE/extracted/LIVE_MD/To_Release/Ref_Images/sunrise.bmp,17.5556
sunrise_blur1_noise2.bmp,/kaggle/working/MDFS/data/MDLIVE/extracted/LIVE_MD/To_Release/Part_2/blurnoise/sunrise_blur1_noise2.bmp,Multiply Dist.,sunrise.bmp,/kaggle/working/MDFS/data/MDLIVE/extracted/LIVE_MD/To_Release/Ref_Images/sunrise.bmp,34.2222
sunrise_blur2.bmp,/kaggle/working/MDFS/data/MDLIVE/extracted/LIVE_MD/To_Release/Part_2/blurnoise/sunrise_blur2.bmp,Multiply Dist.,sunrise.bmp,/kaggle/working/MDFS/data/MDLIVE/extracted/LIVE_MD/To_Release/Ref_Images/sunrise.bmp,30.0
sunrise_blur2_noise2.bmp,/kaggle/working/MDFS/data/MDLIVE/extracted/LIVE_MD/To_Release/Part_2/blurnoise/sunrise_blur2_noise2.bmp,Multiply Dist.,sunrise.bmp,/kaggle/working/MDFS/data/MDLIVE/extracted/LIVE_MD/To_Release/Ref_Images/sunrise.bmp,44.5
sunrise_blur3.bmp,/kaggle/working/MDFS/data/MDLIVE/extracted/LIVE_MD/To_Release/Part_2/blurnoise/sunrise_blur3.bmp,Multiply Dist.,sunrise.bmp,/kaggle/working/MDFS/data/MDLIVE/extracted/LIVE_MD/To_Release/Ref_Images/sunrise.bmp,54.8889
sunrise_blur3_noise2.bmp,/kaggle/working/MDFS/data/MDLIVE/extracted/LIVE_MD/To_Release/Part_2/blurnoise/sunrise_blur3_noise2.bmp,Multiply Dist.,sunrise.bmp,/kaggle/working/MDFS/data/MDLIVE/extracted/LIVE_MD/To_Release/Ref_Images/sunrise.bmp,60.6667
sunrise_noise1.bmp,/kaggle/working/MDFS/data/MDLIVE/extracted/LIVE_MD/To_Release/Part_2/blurnoise/sunrise_noise1.bmp,Multiply Dist.,sunrise.bmp,/kaggle/working/MDFS/data/MDLIVE/extracted/LIVE_MD/To_Release/Ref_Images/sunrise.bmp,5.7778
sunrise_noise3.bmp,/kaggle/working/MDFS/data/MDLIVE/extracted/LIVE_MD/To_Release/Part_2/blurnoise/sunrise_noise3.bmp,Multiply Dist.,sunrise.bmp,/kaggle/working/MDFS/data/MDLIVE/extracted/LIVE_MD/To_Release/Ref_Images/sunrise.bmp,28.9444
wheel_blur1_noise1.bmp,/kaggle/working/MDFS/data/MDLIVE/extracted/LIVE_MD/To_Release/Part_2/blurnoise/wheel_blur1_noise1.bmp,Multiply Dist.,wheel.bmp,/kaggle/working/MDFS/data/MDLIVE/extracted/LIVE_MD/To_Release/Ref_Images/wheel.bmp,22.9444
wheel_blur1_noise3.bmp,/kaggle/working/MDFS/data/MDLIVE/extracted/LIVE_MD/To_Release/Part_2/blurnoise/wheel_blur1_noise3.bmp,Multiply Dist.,wheel.bmp,/kaggle/working/MDFS/data/MDLIVE/extracted/LIVE_MD/To_Release/Ref_Images/wheel.bmp,44.0
wheel_blur2_noise1.bmp,/kaggle/working/MDFS/data/MDLIVE/extracted/LIVE_MD/To_Release/Part_2/blurnoise/wheel_blur2_noise1.bmp,Multiply Dist.,wheel.bmp,/kaggle/working/MDFS/data/MDLIVE/extracted/LIVE_MD/To_Release/Ref_Images/wheel.bmp,43.9444
wheel_blur2_noise3.bmp,/kaggle/working/MDFS/data/MDLIVE/extracted/LIVE_MD/To_Release/Part_2/blurnoise/wheel_blur2_noise3.bmp,Multiply Dist.,wheel.bmp,/kaggle/working/MDFS/data/MDLIVE/extracted/LIVE_MD/To_Release/Ref_Images/wheel.bmp,54.8889
wheel_blur3_noise1.bmp,/kaggle/working/MDFS/data/MDLIVE/extracted/LIVE_MD/To_Release/Part_2/blurnoise/wheel_blur3_noise1.bmp,Multiply Dist.,wheel.bmp,/kaggle/working/MDFS/data/MDLIVE/extracted/LIVE_MD/To_Release/Ref_Images/wheel.bmp,59.6111
wheel_blur3_noise3.bmp,/kaggle/working/MDFS/data/MDLIVE/extracted/LIVE_MD/To_Release/Part_2/blurnoise/wheel_blur3_noise3.bmp,Multiply Dist.,wheel.bmp,/kaggle/working/MDFS/data/MDLIVE/extracted/LIVE_MD/To_Release/Ref_Images/wheel.bmp,58.5556
wheel_noise2.bmp,/kaggle/working/MDFS/data/MDLIVE/extracted/LIVE_MD/To_Release/Part_2/blurnoise/wheel_noise2.bmp,Multiply Dist.,wheel.bmp,/kaggle/working/MDFS/data/MDLIVE/extracted/LIVE_MD/To_Release/Ref_Images/wheel.bmp,27.3333
