filename,image_path,distortion_type,reference_image,reference_path,mos,mdfs_raw_score,runtime_seconds,worker_gpu
babygirl_blur1_jpeg1.bmp,/kaggle/working/MDFS/data/MDLIVE/extracted/LIVE_MD/To_Release/Part_1/blurjpeg/babygirl_blur1_jpeg1.bmp,Multiply Dist.,babygirl.bmp,/kaggle/working/MDFS/data/MDLIVE/extracted/LIVE_MD/To_Release/Ref_Images/babygirl.bmp,35.7895,26.224586486816406,0.5969654399996216,1
babygirl_blur1_jpeg3.bmp,/kaggle/working/MDFS/data/MDLIVE/extracted/LIVE_MD/To_Release/Part_1/blurjpeg/babygirl_blur1_jpeg3.bmp,Multiply Dist.,babygirl.bmp,/kaggle/working/MDFS/data/MDLIVE/extracted/LIVE_MD/To_Release/Ref_Images/babygirl.bmp,54.3158,29.021608352661133,0.15043084899843961,1
babygirl_blur2_jpeg1.bmp,/kaggle/working/MDFS/data/MDLIVE/extracted/LIVE_MD/To_Release/Part_1/blurjpeg/babygirl_blur2_jpeg1.bmp,Multiply Dist.,babygirl.bmp,/kaggle/working/MDFS/data/MDLIVE/extracted/LIVE_MD/To_Release/Ref_Images/babygirl.bmp,52.6842,27.584064483642578,0.14555499899870483,1
babygirl_blur2_jpeg3.bmp,/kaggle/working/MDFS/data/MDLIVE/extracted/LIVE_MD/To_Release/Part_1/blurjpeg/babygirl_blur2_jpeg3.bmp,Multiply Dist.,babygirl.bmp,/kaggle/working/MDFS/data/MDLIVE/extracted/LIVE_MD/To_Release/Ref_Images/babygirl.bmp,46.2105,30.071128845214844,0.14835028199922817,1
babygirl_blur3_jpeg1.bmp,/kaggle/working/MDFS/data/MDLIVE/extracted/LIVE_MD/To_Release/Part_1/blurjpeg/babygirl_blur3_jpeg1.bmp,Multiply Dist.,babygirl.bmp,/kaggle/working/MDFS/data/MDLIVE/extracted/LIVE_MD/To_Release/Ref_Images/babygirl.bmp,54.0526,29.04850196838379,0.14796635300081107,1
babygirl_blur3_jpeg3.bmp,/kaggle/working/MDFS/data/MDLIVE/extracted/LIVE_MD/To_Release/Part_1/blurjpeg/babygirl_blur3_jpeg3.bmp,Multiply Dist.,babygirl.bmp,/kaggle/working/MDFS/data/MDLIVE/extracted/LIVE_MD/To_Release/Ref_Images/babygirl.bmp,66.1053,31.340139389038086,0.1462159509992489,1
babygirl_jpeg2.bmp,/kaggle/working/MDFS/data/MDLIVE/extracted/LIVE_MD/To_Release/Part_1/blurjpeg/babygirl_jpeg2.bmp,Multiply Dist.,babygirl.bmp,/kaggle/working/MDFS/data/MDLIVE/extracted/LIVE_MD/To_Release/Ref_Images/babygirl.bmp,20.2632,25.834190368652344,0.1485441160002665,1
bikerace_blur1.bmp,/kaggle/working/MDFS/data/MDLIVE/extracted/LIVE_MD/To_Release/Part_1/blurjpeg/bikerace_blur1.bmp,Multiply Dist.,bikerace.bmp,/kaggle/working/MDFS/data/MDLIVE/extracted/LIVE_MD/To_Release/Ref_Images/bikerace.bmp,43.9474,27.320627212524414,0.1464485140004399,1
bikerace_blur1_jpeg2.bmp,/kaggle/working/MDFS/data/MDLIVE/extracted/LIVE_MD/To_Release/Part_1/blurjpeg/bikerace_blur1_jpeg2.bmp,Multiply Dist.,bikerace.bmp,/kaggle/working/MDFS/data/MDLIVE/extracted/LIVE_MD/To_Release/Ref_Images/bikerace.bmp,46.7895,26.65569305419922,0.14835344800121675,1
bikerace_blur2.bmp,/kaggle/working/MDFS/data/MDLIVE/extracted/LIVE_MD/To_Release/Part_1/blurjpeg/bikerace_blur2.bmp,Multiply Dist.,bikerace.bmp,/kaggle/working/MDFS/data/MDLIVE/extracted/LIVE_MD/To_Release/Ref_Images/bikerace.bmp,56.8947,31.902002334594727,0.14403252699958102,1
bikerace_blur2_jpeg2.bmp,/kaggle/working/MDFS/data/MDLIVE/extracted/LIVE_MD/To_Release/Part_1/blurjpeg/bikerace_blur2_jpeg2.bmp,Multiply Dist.,bikerace.bmp,/kaggle/working/MDFS/data/MDLIVE/extracted/LIVE_MD/To_Release/Ref_Images/bikerace.bmp,62.2105,28.630809783935547,0.14435933399909118,1
bikerace_blur3.bmp,/kaggle/working/MDFS/data/MDLIVE/extracted/LIVE_MD/To_Release/Part_1/blurjpeg/bikerace_blur3.bmp,Multiply Dist.,bikerace.bmp,/kaggle/working/MDFS/data/MDLIVE/extracted/LIVE_MD/To_Release/Ref_Images/bikerace.bmp,73.4737,34.830543518066406,0.14621719800015853,1
bikerace_blur3_jpeg2.bmp,/kaggle/working/MDFS/data/MDLIVE/extracted/LIVE_MD/To_Release/Part_1/blurjpeg/bikerace_blur3_jpeg2.bmp,Multiply Dist.,bikerace.bmp,/kaggle/working/MDFS/data/MDLIVE/extracted/LIVE_MD/To_Release/Ref_Images/bikerace.bmp,74.1579,30.526241302490234,0.14636226000038732,1
bikerace_jpeg1.bmp,/kaggle/working/MDFS/data/MDLIVE/extracted/LIVE_MD/To_Release/Part_1/blurjpeg/bikerace_jpeg1.bmp,Multiply Dist.,bikerace.bmp,/kaggle/working/MDFS/data/MDLIVE/extracted/LIVE_MD/To_Release/Ref_Images/bikerace.bmp,15.1053,22.567426681518555,0.14665306899951247,1
bikerace_jpeg3.bmp,/kaggle/working/MDFS/data/MDLIVE/extracted/LIVE_MD/To_Release/Part_1/blurjpeg/bikerace_jpeg3.bmp,Multiply Dist.,bikerace.bmp,/kaggle/working/MDFS/data/MDLIVE/extracted/LIVE_MD/To_Release/Ref_Images/bikerace.bmp,29.7368,24.240943908691406,0.14587269699950411,1
cows_blur1_jpeg1.bmp,/kaggle/working/MDFS/data/MDLIVE/extracted/LIVE_MD/To_Release/Part_1/blurjpeg/cows_blur1_jpeg1.bmp,Multiply Dist.,cows.bmp,/kaggle/working/MDFS/data/MDLIVE/extracted/LIVE_MD/To_Release/Ref_Images/cows.bmp,43.1579,26.24823760986328,0.1488967400000547,1
cows_blur1_jpeg3.bmp,/kaggle/working/MDFS/data/MDLIVE/extracted/LIVE_MD/To_Release/Part_1/blurjpeg/cows_blur1_jpeg3.bmp,Multiply Dist.,cows.bmp,/kaggle/working/MDFS/data/MDLIVE/extracted/LIVE_MD/To_Release/Ref_Images/cows.bmp,48.6842,28.472740173339844,0.14398768299906806,1
cows_blur2_jpeg1.bmp,/kaggle/working/MDFS/data/MDLIVE/extracted/LIVE_MD/To_Release/Part_1/blurjpeg/cows_blur2_jpeg1.bmp,Multiply Dist.,cows.bmp,/kaggle/working/MDFS/data/MDLIVE/extracted/LIVE_MD/To_Release/Ref_Images/cows.bmp,56.8421,27.90922737121582,0.14603717300087737,1
cows_blur2_jpeg3.bmp,/kaggle/working/MDFS/data/MDLIVE/extracted/LIVE_MD/To_Release/Part_1/blurjpeg/cows_blur2_jpeg3.bmp,Multiply Dist.,cows.bmp,/kaggle/working/MDFS/data/MDLIVE/extracted/LIVE_MD/To_Release/Ref_Images/cows.bmp,53.1053,29.959487915039062,0.14796928099895013,1
cows_blur3_jpeg1.bmp,/kaggle/working/MDFS/data/MDLIVE/extracted/LIVE_MD/To_Release/Part_1/blurjpeg/cows_blur3_jpeg1.bmp,Multiply Dist.,cows.bmp,/kaggle/working/MDFS/data/MDLIVE/extracted/LIVE_MD/To_Release/Ref_Images/cows.bmp,64.9474,30.103801727294922,0.14706408200072474,1
cows_blur3_jpeg3.bmp,/kaggle/working/MDFS/data/MDLIVE/extracted/LIVE_MD/To_Release/Part_1/blurjpeg/cows_blur3_jpeg3.bmp,Multiply Dist.,cows.bmp,/kaggle/working/MDFS/data/MDLIVE/extracted/LIVE_MD/To_Release/Ref_Images/cows.bmp,60.4211,31.6574649810791,0.14723673799926473,1
cows_jpeg2.bmp,/kaggle/working/MDFS/data/MDLIVE/extracted/LIVE_MD/To_Release/Part_1/blurjpeg/cows_jpeg2.bmp,Multiply Dist.,cows.bmp,/kaggle/working/MDFS/data/MDLIVE/extracted/LIVE_MD/To_Release/Ref_Images/cows.bmp,14.1053,23.942541122436523,0.14485039499959385,1
elephant_blur1.bmp,/kaggle/working/MDFS/data/MDLIVE/extracted/LIVE_MD/To_Release/Part_1/blurjpeg/elephant_blur1.bmp,Multiply Dist.,elephant.bmp,/kaggle/working/MDFS/data/MDLIVE/extracted/LIVE_MD/To_Release/Ref_Images/elephant.bmp,31.9474,26.975427627563477,0.14464095800030918,1
elephant_blur1_jpeg2.bmp,/kaggle/working/MDFS/data/MDLIVE/extracted/LIVE_MD/To_Release/Part_1/blurjpeg/elephant_blur1_jpeg2.bmp,Multiply Dist.,elephant.bmp,/kaggle/working/MDFS/data/MDLIVE/extracted/LIVE_MD/To_Release/Ref_Images/elephant.bmp,39.0526,26.360036849975586,0.15052789800029132,1
elephant_blur2.bmp,/kaggle/working/MDFS/data/MDLIVE/extracted/LIVE_MD/To_Release/Part_1/blurjpeg/elephant_blur2.bmp,Multiply Dist.,elephant.bmp,/kaggle/working/MDFS/data/MDLIVE/extracted/LIVE_MD/To_Release/Ref_Images/elephant.bmp,45.7368,31.1762638092041,0.14903668700026174,1
elephant_blur2_jpeg2.bmp,/kaggle/working/MDFS/data/MDLIVE/extracted/LIVE_MD/To_Release/Part_1/blurjpeg/elephant_blur2_jpeg2.bmp,Multiply Dist.,elephant.bmp,/kaggle/working/MDFS/data/MDLIVE/extracted/LIVE_MD/To_Release/Ref_Images/elephant.bmp,51.8947,28.03940773010254,0.1454541650000465,1
elephant_blur3.bmp,/kaggle/working/MDFS/data/MDLIVE/extracted/LIVE_MD/To_Release/Part_1/blurjpeg/elephant_blur3.bmp,Multiply Dist.,elephant.bmp,/kaggle/working/MDFS/data/MDLIVE/extracted/LIVE_MD/To_Release/Ref_Images/elephant.bmp,59.1053,34.11361312866211,0.14562877299977117,1
elephant_blur3_jpeg2.bmp,/kaggle/working/MDFS/data/MDLIVE/extracted/LIVE_MD/To_Release/Part_1/blurjpeg/elephant_blur3_jpeg2.bmp,Multiply Dist.,elephant.bmp,/kaggle/working/MDFS/data/MDLIVE/extracted/LIVE_MD/To_Release/Ref_Images/elephant.bmp,58.8947,29.96112060546875,0.14940335000028426,1
elephant_jpeg1.bmp,/kaggle/working/MDFS/data/MDLIVE/extracted/LIVE_MD/To_Release/Part_1/blurjpeg/elephant_jpeg1.bmp,Multiply Dist.,elephant.bmp,/kaggle/working/MDFS/data/MDLIVE/extracted/LIVE_MD/To_Release/Ref_Images/elephant.bmp,5.0,22.631261825561523,0.14855856399844924,1
elephant_jpeg3.bmp,/kaggle/working/MDFS/data/MDLIVE/extracted/LIVE_MD/To_Release/Part_1/blurjpeg/elephant_jpeg3.bmp,Multiply Dist.,elephant.bmp,/kaggle/working/MDFS/data/MDLIVE/extracted/LIVE_MD/To_Release/Ref_Images/elephant.bmp,18.2632,24.27405548095703,0.1480845469995984,1
iceroad_blur1_jpeg1.bmp,/kaggle/working/MDFS/data/MDLIVE/extracted/LIVE_MD/To_Release/Part_1/blurjpeg/iceroad_blur1_jpeg1.bmp,Multiply Dist.,iceroad.bmp,/kaggle/working/MDFS/data/MDLIVE/extracted/LIVE_MD/To_Release/Ref_Images/iceroad.bmp,35.4737,27.635591506958008,0.15134481499990216,1
iceroad_blur1_jpeg3.bmp,/kaggle/working/MDFS/data/MDLIVE/extracted/LIVE_MD/To_Release/Part_1/blurjpeg/iceroad_blur1_jpeg3.bmp,Multiply Dist.,iceroad.bmp,/kaggle/working/MDFS/data/MDLIVE/extracted/LIVE_MD/To_Release/Ref_Images/iceroad.bmp,38.5789,30.40962791442871,0.16031572199972288,1
iceroad_blur2_jpeg1.bmp,/kaggle/working/MDFS/data/MDLIVE/extracted/LIVE_MD/To_Release/Part_1/blurjpeg/iceroad_blur2_jpeg1.bmp,Multiply Dist.,iceroad.bmp,/kaggle/working/MDFS/data/MDLIVE/extracted/LIVE_MD/To_Release/Ref_Images/iceroad.bmp,54.0,29.522483825683594,0.14720600699911301,1
iceroad_blur2_jpeg3.bmp,/kaggle/working/MDFS/data/MDLIVE/extracted/LIVE_MD/To_Release/Part_1/blurjpeg/iceroad_blur2_jpeg3.bmp,Multiply Dist.,iceroad.bmp,/kaggle/working/MDFS/data/MDLIVE/extracted/LIVE_MD/To_Release/Ref_Images/iceroad.bmp,55.5789,32.317962646484375,0.14562692300023627,1
iceroad_blur3_jpeg1.bmp,/kaggle/working/MDFS/data/MDLIVE/extracted/LIVE_MD/To_Release/Part_1/blurjpeg/iceroad_blur3_jpeg1.bmp,Multiply Dist.,iceroad.bmp,/kaggle/working/MDFS/data/MDLIVE/extracted/LIVE_MD/To_Release/Ref_Images/iceroad.bmp,63.6316,30.912553787231445,0.1488602629997331,1
iceroad_blur3_jpeg3.bmp,/kaggle/working/MDFS/data/MDLIVE/extracted/LIVE_MD/To_Release/Part_1/blurjpeg/iceroad_blur3_jpeg3.bmp,Multiply Dist.,iceroad.bmp,/kaggle/working/MDFS/data/MDLIVE/extracted/LIVE_MD/To_Release/Ref_Images/iceroad.bmp,66.3158,33.60137176513672,0.1494483450005646,1
iceroad_jpeg2.bmp,/kaggle/working/MDFS/data/MDLIVE/extracted/LIVE_MD/To_Release/Part_1/blurjpeg/iceroad_jpeg2.bmp,Multiply Dist.,iceroad.bmp,/kaggle/working/MDFS/data/MDLIVE/extracted/LIVE_MD/To_Release/Ref_Images/iceroad.bmp,7.0,24.50777816772461,0.14792912999837426,1
lakebuilding_blur1.bmp,/kaggle/working/MDFS/data/MDLIVE/extracted/LIVE_MD/To_Release/Part_1/blurjpeg/lakebuilding_blur1.bmp,Multiply Dist.,lakebuilding.bmp,/kaggle/working/MDFS/data/MDLIVE/extracted/LIVE_MD/To_Release/Ref_Images/lakebuilding.bmp,38.0,26.57564926147461,0.14463242199963133,1
lakebuilding_blur1_jpeg2.bmp,/kaggle/working/MDFS/data/MDLIVE/extracted/LIVE_MD/To_Release/Part_1/blurjpeg/lakebuilding_blur1_jpeg2.bmp,Multiply Dist.,lakebuilding.bmp,/kaggle/working/MDFS/data/MDLIVE/extracted/LIVE_MD/To_Release/Ref_Images/lakebuilding.bmp,49.7895,26.271488189697266,0.1460797680010728,1
lakebuilding_blur2.bmp,/kaggle/working/MDFS/data/MDLIVE/extracted/LIVE_MD/To_Release/Part_1/blurjpeg/lakebuilding_blur2.bmp,Multiply Dist.,lakebuilding.bmp,/kaggle/working/MDFS/data/MDLIVE/extracted/LIVE_MD/To_Release/Ref_Images/lakebuilding.bmp,61.6842,31.266054153442383,0.14232775300115463,1
lakebuilding_blur2_jpeg2.bmp,/kaggle/working/MDFS/data/MDLIVE/extracted/LIVE_MD/To_Release/Part_1/blurjpeg/lakebuilding_blur2_jpeg2.bmp,Multiply Dist.,lakebuilding.bmp,/kaggle/working/MDFS/data/MDLIVE/extracted/LIVE_MD/To_Release/Ref_Images/lakebuilding.bmp,61.0526,27.554349899291992,0.1453031799992459,1
lakebuilding_blur3.bmp,/kaggle/working/MDFS/data/MDLIVE/extracted/LIVE_MD/To_Release/Part_1/blurjpeg/lakebuilding_blur3.bmp,Multiply Dist.,lakebuilding.bmp,/kaggle/working/MDFS/data/MDLIVE/extracted/LIVE_MD/To_Release/Ref_Images/lakebuilding.bmp,69.1579,34.4820671081543,0.14828763300101855,1
lakebuilding_blur3_jpeg2.bmp,/kaggle/working/MDFS/data/MDLIVE/extracted/LIVE_MD/To_Release/Part_1/blurjpeg/lakebuilding_blur3_jpeg2.bmp,Multiply Dist.,lakebuilding.bmp,/kaggle/working/MDFS/data/MDLIVE/extracted/LIVE_MD/To_Release/Ref_Images/lakebuilding.bmp,66.0526,29.006534576416016,0.15184837500055437,1
lakebuilding_jpeg1.bmp,/kaggle/working/MDFS/data/MDLIVE/extracted/LIVE_MD/To_Release/Part_1/blurjpeg/lakebuilding_jpeg1.bmp,Multiply Dist.,lakebuilding.bmp,/kaggle/working/MDFS/data/MDLIVE/extracted/LIVE_MD/To_Release/Ref_Images/lakebuilding.bmp,10.5789,21.55113983154297,0.14770586300073774,1
lakebuilding_jpeg3.bmp,/kaggle/working/MDFS/data/MDLIVE/extracted/LIVE_MD/To_Release/Part_1/blurjpeg/lakebuilding_jpeg3.bmp,Multiply Dist.,lakebuilding.bmp,/kaggle/working/MDFS/data/MDLIVE/extracted/LIVE_MD/To_Release/Ref_Images/lakebuilding.bmp,21.3158,23.742525100708008,0.14767783000024792,1
lunch_blur1_jpeg1.bmp,/kaggle/working/MDFS/data/MDLIVE/extracted/LIVE_MD/To_Release/Part_1/blurjpeg/lunch_blur1_jpeg1.bmp,Multiply Dist.,lunch.bmp,/kaggle/working/MDFS/data/MDLIVE/extracted/LIVE_MD/To_Release/Ref_Images/lunch.bmp,44.6316,25.688514709472656,0.1467343179992895,1
lunch_blur1_jpeg3.bmp,/kaggle/working/MDFS/data/MDLIVE/extracted/LIVE_MD/To_Release/Part_1/blurjpeg/lunch_blur1_jpeg3.bmp,Multiply Dist.,lunch.bmp,/kaggle/working/MDFS/data/MDLIVE/extracted/LIVE_MD/To_Release/Ref_Images/lunch.bmp,52.6842,27.207815170288086,0.14630976300031762,1
lunch_blur2_jpeg1.bmp,/kaggle/working/MDFS/data/MDLIVE/extracted/LIVE_MD/To_Release/Part_1/blurjpeg/lunch_blur2_jpeg1.bmp,Multiply Dist.,lunch.bmp,/kaggle/working/MDFS/data/MDLIVE/extracted/LIVE_MD/To_Release/Ref_Images/lunch.bmp,62.5263,27.564538955688477,0.1442158659992856,1
lunch_blur2_jpeg3.bmp,/kaggle/working/MDFS/data/MDLIVE/extracted/LIVE_MD/To_Release/Part_1/blurjpeg/lunch_blur2_jpeg3.bmp,Multiply Dist.,lunch.bmp,/kaggle/working/MDFS/data/MDLIVE/extracted/LIVE_MD/To_Release/Ref_Images/lunch.bmp,64.1579,29.24221420288086,0.14390845500020077,1
lunch_blur3_jpeg1.bmp,/kaggle/working/MDFS/data/MDLIVE/extracted/LIVE_MD/To_Release/Part_1/blurjpeg/lunch_blur3_jpeg1.bmp,Multiply Dist.,lunch.bmp,/kaggle/working/MDFS/data/MDLIVE/extracted/LIVE_MD/To_Release/Ref_Images/lunch.bmp,69.6842,29.503009796142578,0.14733846300077857,1
lunch_blur3_jpeg3.bmp,/kaggle/working/MDFS/data/MDLIVE/extracted/LIVE_MD/To_Release/Part_1/blurjpeg/lunch_blur3_jpeg3.bmp,Multiply Dist.,lunch.bmp,/kaggle/working/MDFS/data/MDLIVE/extracted/LIVE_MD/To_Release/Ref_Images/lunch.bmp,70.2632,31.416061401367188,0.14662870000029216,1
lunch_jpeg2.bmp,/kaggle/working/MDFS/data/MDLIVE/extracted/LIVE_MD/To_Release/Part_1/blurjpeg/lunch_jpeg2.bmp,Multiply Dist.,lunch.bmp,/kaggle/working/MDFS/data/MDLIVE/extracted/LIVE_MD/To_Release/Ref_Images/lunch.bmp,18.2105,23.14163589477539,0.1439711900002294,1
market_blur1.bmp,/kaggle/working/MDFS/data/MDLIVE/extracted/LIVE_MD/To_Release/Part_1/blurjpeg/market_blur1.bmp,Multiply Dist.,market.bmp,/kaggle/working/MDFS/data/MDLIVE/extracted/LIVE_MD/To_Release/Ref_Images/market.bmp,24.1579,27.895221710205078,0.14793210400057433,1
market_blur1_jpeg2.bmp,/kaggle/working/MDFS/data/MDLIVE/extracted/LIVE_MD/To_Release/Part_1/blurjpeg/market_blur1_jpeg2.bmp,Multiply Dist.,market.bmp,/kaggle/working/MDFS/data/MDLIVE/extracted/LIVE_MD/To_Release/Ref_Images/market.bmp,34.0,26.43185043334961,0.14388181700087443,1
market_blur2.bmp,/kaggle/working/MDFS/data/MDLIVE/extracted/LIVE_MD/To_Release/Part_1/blurjpeg/market_blur2.bmp,Multiply Dist.,market.bmp,/kaggle/working/MDFS/data/MDLIVE/extracted/LIVE_MD/To_Release/Ref_Images/market.bmp,43.8947,31.710575103759766,0.14566256800026167,1
market_blur2_jpeg2.bmp,/kaggle/working/MDFS/data/MDLIVE/extracted/LIVE_MD/To_Release/Part_1/blurjpeg/market_blur2_jpeg2.bmp,Multiply Dist.,market.bmp,/kaggle/working/MDFS/data/MDLIVE/extracted/LIVE_MD/To_Release/Ref_Images/market.bmp,49.3158,28.2503662109375,0.15130046999911428,1
market_blur3.bmp,/kaggle/working/MDFS/data/MDLIVE/extracted/LIVE_MD/To_Release/Part_1/blurjpeg/market_blur3.bmp,Multiply Dist.,market.bmp,/kaggle/working/MDFS/data/MDLIVE/extracted/LIVE_MD/To_Release/Ref_Images/market.bmp,53.6842,34.51860046386719,0.14906350199998997,1
market_blur3_jpeg2.bmp,/kaggle/working/MDFS/data/MDLIVE/extracted/LIVE_MD/To_Release/Part_1/blurjpeg/market_blur3_jpeg2.bmp,Multiply Dist.,market.bmp,/kaggle/working/MDFS/data/MDLIVE/extracted/LIVE_MD/To_Release/Ref_Images/market.bmp,60.8421,30.141674041748047,0.14573701699919184,1
market_jpeg1.bmp,/kaggle/working/MDFS/data/MDLIVE/extracted/LIVE_MD/To_Release/Part_1/blurjpeg/market_jpeg1.bmp,Multiply Dist.,market.bmp,/kaggle/working/MDFS/data/MDLIVE/extracted/LIVE_MD/To_Release/Ref_Images/market.bmp,9.1053,23.12251853942871,0.14363875799972448,1
market_jpeg3.bmp,/kaggle/working/MDFS/data/MDLIVE/extracted/LIVE_MD/To_Release/Part_1/blurjpeg/market_jpeg3.bmp,Multiply Dist.,market.bmp,/kaggle/working/MDFS/data/MDLIVE/extracted/LIVE_MD/To_Release/Ref_Images/market.bmp,24.7895,24.94856834411621,0.14636734899977455,1
palace2_blur1_jpeg1.bmp,/kaggle/working/MDFS/data/MDLIVE/extracted/LIVE_MD/To_Release/Part_1/blurjpeg/palace2_blur1_jpeg1.bmp,Multiply Dist.,palace2.bmp,/kaggle/working/MDFS/data/MDLIVE/extracted/LIVE_MD/To_Release/Ref_Images/palace2.bmp,51.7895,26.729629516601562,0.1476691200005007,1
palace2_blur1_jpeg3.bmp,/kaggle/working/MDFS/data/MDLIVE/extracted/LIVE_MD/To_Release/Part_1/blurjpeg/palace2_blur1_jpeg3.bmp,Multiply Dist.,palace2.bmp,/kaggle/working/MDFS/data/MDLIVE/extracted/LIVE_MD/To_Release/Ref_Images/palace2.bmp,66.7368,29.53644371032715,0.14697699700082012,1
palace2_blur2_jpeg1.bmp,/kaggle/working/MDFS/data/MDLIVE/extracted/LIVE_MD/To_Release/Part_1/blurjpeg/palace2_blur2_jpeg1.bmp,Multiply Dist.,palace2.bmp,/kaggle/working/MDFS/data/MDLIVE/extracted/LIVE_MD/To_Release/Ref_Images/palace2.bmp,61.8421,28.901351928710938,0.14006419699944672,1
palace2_blur2_jpeg3.bmp,/kaggle/working/MDFS/data/MDLIVE/extracted/LIVE_MD/To_Release/Part_1/blurjpeg/palace2_blur2_jpeg3.bmp,Multiply Dist.,palace2.bmp,/kaggle/working/MDFS/data/MDLIVE/extracted/LIVE_MD/To_Release/Ref_Images/palace2.bmp,74.1053,31.3206844329834,0.14790967699991597,1
palace2_blur3_jpeg1.bmp,/kaggle/working/MDFS/data/MDLIVE/extracted/LIVE_MD/To_Release/Part_1/blurjpeg/palace2_blur3_jpeg1.bmp,Multiply Dist.,palace2.bmp,/kaggle/working/MDFS/data/MDLIVE/extracted/LIVE_MD/To_Release/Ref_Images/palace2.bmp,76.4737,30.580528259277344,0.14584927299983974,1
palace2_blur3_jpeg3.bmp,/kaggle/working/MDFS/data/MDLIVE/extracted/LIVE_MD/To_Release/Part_1/blurjpeg/palace2_blur3_jpeg3.bmp,Multiply Dist.,palace2.bmp,/kaggle/working/MDFS/data/MDLIVE/extracted/LIVE_MD/To_Release/Ref_Images/palace2.bmp,84.4211,33.47654724121094,0.14894370200090634,1
palace2_jpeg2.bmp,/kaggle/working/MDFS/data/MDLIVE/extracted/LIVE_MD/To_Release/Part_1/blurjpeg/palace2_jpeg2.bmp,Multiply Dist.,palace2.bmp,/kaggle/working/MDFS/data/MDLIVE/extracted/LIVE_MD/To_Release/Ref_Images/palace2.bmp,24.3684,23.22466468811035,0.14920333000009123,1
railwaystation_blur1.bmp,/kaggle/working/MDFS/data/MDLIVE/extracted/LIVE_MD/To_Release/Part_1/blurjpeg/railwaystation_blur1.bmp,Multiply Dist.,railwaystation.bmp,/kaggle/working/MDFS/data/MDLIVE/extracted/LIVE_MD/To_Release/Ref_Images/railwaystation.bmp,30.7368,28.265979766845703,0.14720286300143925,1
railwaystation_blur1_jpeg2.bmp,/kaggle/working/MDFS/data/MDLIVE/extracted/LIVE_MD/To_Release/Part_1/blurjpeg/railwaystation_blur1_jpeg2.bmp,Multiply Dist.,railwaystation.bmp,/kaggle/working/MDFS/data/MDLIVE/extracted/LIVE_MD/To_Release/Ref_Images/railwaystation.bmp,35.1579,27.313518524169922,0.14444853200075158,1
railwaystation_blur2.bmp,/kaggle/working/MDFS/data/MDLIVE/extracted/LIVE_MD/To_Release/Part_1/blurjpeg/railwaystation_blur2.bmp,Multiply Dist.,railwaystation.bmp,/kaggle/working/MDFS/data/MDLIVE/extracted/LIVE_MD/To_Release/Ref_Images/railwaystation.bmp,45.5263,31.828372955322266,0.14757298800032004,1
railwaystation_blur2_jpeg2.bmp,/kaggle/working/MDFS/data/MDLIVE/extracted/LIVE_MD/To_Release/Part_1/blurjpeg/railwaystation_blur2_jpeg2.bmp,Multiply Dist.,railwaystation.bmp,/kaggle/working/MDFS/data/MDLIVE/extracted/LIVE_MD/To_Release/Ref_Images/railwaystation.bmp,48.0526,29.35928726196289,0.14495856200119306,1
railwaystation_blur3.bmp,/kaggle/working/MDFS/data/MDLIVE/extracted/LIVE_MD/To_Release/Part_1/blurjpeg/railwaystation_blur3.bmp,Multiply Dist.,railwaystation.bmp,/kaggle/working/MDFS/data/MDLIVE/extracted/LIVE_MD/To_Release/Ref_Images/railwaystation.bmp,59.1053,34.882408142089844,0.1478174259991647,1
railwaystation_blur3_jpeg2.bmp,/kaggle/working/MDFS/data/MDLIVE/extracted/LIVE_MD/To_Release/Part_1/blurjpeg/railwaystation_blur3_jpeg2.bmp,Multiply Dist.,railwaystation.bmp,/kaggle/working/MDFS/data/MDLIVE/extracted/LIVE_MD/To_Release/Ref_Images/railwaystation.bmp,55.4737,30.72511100769043,0.14767093299997214,1
railwaystation_jpeg1.bmp,/kaggle/working/MDFS/data/MDLIVE/extracted/LIVE_MD/To_Release/Part_1/blurjpeg/railwaystation_jpeg1.bmp,Multiply Dist.,railwaystation.bmp,/kaggle/working/MDFS/data/MDLIVE/extracted/LIVE_MD/To_Release/Ref_Images/railwaystation.bmp,8.0,23.1890869140625,0.1446652089998679,1
railwaystation_jpeg3.bmp,/kaggle/working/MDFS/data/MDLIVE/extracted/LIVE_MD/To_Release/Part_1/blurjpeg/railwaystation_jpeg3.bmp,Multiply Dist.,railwaystation.bmp,/kaggle/working/MDFS/data/MDLIVE/extracted/LIVE_MD/To_Release/Ref_Images/railwaystation.bmp,12.4211,25.439868927001953,0.14738956600012898,1
sanfrancisco_blur1_jpeg1.bmp,/kaggle/working/MDFS/data/MDLIVE/extracted/LIVE_MD/To_Release/Part_1/blurjpeg/sanfrancisco_blur1_jpeg1.bmp,Multiply Dist.,sanfrancisco.bmp,/kaggle/working/MDFS/data/MDLIVE/extracted/LIVE_MD/To_Release/Ref_Images/sanfrancisco.bmp,51.2105,26.422664642333984,0.14868532400032564,1
sanfrancisco_blur1_jpeg3.bmp,/kaggle/working/MDFS/data/MDLIVE/extracted/LIVE_MD/To_Release/Part_1/blurjpeg/sanfrancisco_blur1_jpeg3.bmp,Multiply Dist.,sanfrancisco.bmp,/kaggle/working/MDFS/data/MDLIVE/extracted/LIVE_MD/To_Release/Ref_Images/sanfrancisco.bmp,54.9474,29.108335494995117,0.14904115100034687,1
sanfrancisco_blur2_jpeg1.bmp,/kaggle/working/MDFS/data/MDLIVE/extracted/LIVE_MD/To_Release/Part_1/blurjpeg/sanfrancisco_blur2_jpeg1.bmp,Multiply Dist.,sanfrancisco.bmp,/kaggle/working/MDFS/data/MDLIVE/extracted/LIVE_MD/To_Release/Ref_Images/sanfrancisco.bmp,63.4211,28.11389923095703,0.1452665500000876,1
sanfrancisco_blur2_jpeg3.bmp,/kaggle/working/MDFS/data/MDLIVE/extracted/LIVE_MD/To_Release/Part_1/blurjpeg/sanfrancisco_blur2_jpeg3.bmp,Multiply Dist.,sanfrancisco.bmp,/kaggle/working/MDFS/data/MDLIVE/extracted/LIVE_MD/To_Release/Ref_Images/sanfrancisco.bmp,64.4211,31.149980545043945,0.15296112899886793,1
sanfrancisco_blur3_jpeg1.bmp,/kaggle/working/MDFS/data/MDLIVE/extracted/LIVE_MD/To_Release/Part_1/blurjpeg/sanfrancisco_blur3_jpeg1.bmp,Multiply Dist.,sanfrancisco.bmp,/kaggle/working/MDFS/data/MDLIVE/extracted/LIVE_MD/To_Release/Ref_Images/sanfrancisco.bmp,74.0,30.418947219848633,0.14991873700091674,1
sanfrancisco_blur3_jpeg3.bmp,/kaggle/working/MDFS/data/MDLIVE/extracted/LIVE_MD/To_Release/Part_1/blurjpeg/sanfrancisco_blur3_jpeg3.bmp,Multiply Dist.,sanfrancisco.bmp,/kaggle/working/MDFS/data/MDLIVE/extracted/LIVE_MD/To_Release/Ref_Images/sanfrancisco.bmp,80.0,32.524635314941406,0.14702318200033915,1
sanfrancisco_jpeg2.bmp,/kaggle/working/MDFS/data/MDLIVE/extracted/LIVE_MD/To_Release/Part_1/blurjpeg/sanfrancisco_jpeg2.bmp,Multiply Dist.,sanfrancisco.bmp,/kaggle/working/MDFS/data/MDLIVE/extracted/LIVE_MD/To_Release/Ref_Images/sanfrancisco.bmp,15.4211,24.318904876708984,0.14467123100075696,1
scrimmage_blur1.bmp,/kaggle/working/MDFS/data/MDLIVE/extracted/LIVE_MD/To_Release/Part_1/blurjpeg/scrimmage_blur1.bmp,Multiply Dist.,scrimmage.bmp,/kaggle/working/MDFS/data/MDLIVE/extracted/LIVE_MD/To_Release/Ref_Images/scrimmage.bmp,37.1053,27.21407127380371,0.14567209999950137,1
scrimmage_blur1_jpeg2.bmp,/kaggle/working/MDFS/data/MDLIVE/extracted/LIVE_MD/To_Release/Part_1/blurjpeg/scrimmage_blur1_jpeg2.bmp,Multiply Dist.,scrimmage.bmp,/kaggle/working/MDFS/data/MDLIVE/extracted/LIVE_MD/To_Release/Ref_Images/scrimmage.bmp,40.7368,26.03858184814453,0.14828289999968547,1
scrimmage_blur2.bmp,/kaggle/working/MDFS/data/MDLIVE/extracted/LIVE_MD/To_Release/Part_1/blurjpeg/scrimmage_blur2.bmp,Multiply Dist.,scrimmage.bmp,/kaggle/working/MDFS/data/MDLIVE/extracted/LIVE_MD/To_Release/Ref_Images/scrimmage.bmp,60.0,32.16764450073242,0.1501701189990854,1
scrimmage_blur2_jpeg2.bmp,/kaggle/working/MDFS/data/MDLIVE/extracted/LIVE_MD/To_Release/Part_1/blurjpeg/scrimmage_blur2_jpeg2.bmp,Multiply Dist.,scrimmage.bmp,/kaggle/working/MDFS/data/MDLIVE/extracted/LIVE_MD/To_Release/Ref_Images/scrimmage.bmp,57.8421,28.405967712402344,0.1462346520002029,1
scrimmage_blur3.bmp,/kaggle/working/MDFS/data/MDLIVE/extracted/LIVE_MD/To_Release/Part_1/blurjpeg/scrimmage_blur3.bmp,Multiply Dist.,scrimmage.bmp,/kaggle/working/MDFS/data/MDLIVE/extracted/LIVE_MD/To_Release/Ref_Images/scrimmage.bmp,72.3684,35.9075927734375,0.14687951899941254,1
scrimmage_blur3_jpeg2.bmp,/kaggle/working/MDFS/data/MDLIVE/extracted/LIVE_MD/To_Release/Part_1/blurjpeg/scrimmage_blur3_jpeg2.bmp,Multiply Dist.,scrimmage.bmp,/kaggle/working/MDFS/data/MDLIVE/extracted/LIVE_MD/To_Release/Ref_Images/scrimmage.bmp,68.0526,30.371349334716797,0.1467236780008534,1
scrimmage_jpeg1.bmp,/kaggle/working/MDFS/data/MDLIVE/extracted/LIVE_MD/To_Release/Part_1/blurjpeg/scrimmage_jpeg1.bmp,Multiply Dist.,scrimmage.bmp,/kaggle/working/MDFS/data/MDLIVE/extracted/LIVE_MD/To_Release/Ref_Images/scrimmage.bmp,10.6316,21.526155471801758,0.14859575099944777,1
scrimmage_jpeg3.bmp,/kaggle/working/MDFS/data/MDLIVE/extracted/LIVE_MD/To_Release/Part_1/blurjpeg/scrimmage_jpeg3.bmp,Multiply Dist.,scrimmage.bmp,/kaggle/working/MDFS/data/MDLIVE/extracted/LIVE_MD/To_Release/Ref_Images/scrimmage.bmp,21.1579,23.41045570373535,0.1471237170007953,1
seals_blur1_jpeg1.bmp,/kaggle/working/MDFS/data/MDLIVE/extracted/LIVE_MD/To_Release/Part_1/blurjpeg/seals_blur1_jpeg1.bmp,Multiply Dist.,seals.bmp,/kaggle/working/MDFS/data/MDLIVE/extracted/LIVE_MD/To_Release/Ref_Images/seals.bmp,43.6316,27.797040939331055,0.14461618299901602,1
seals_blur1_jpeg3.bmp,/kaggle/working/MDFS/data/MDLIVE/extracted/LIVE_MD/To_Release/Part_1/blurjpeg/seals_blur1_jpeg3.bmp,Multiply Dist.,seals.bmp,/kaggle/working/MDFS/data/MDLIVE/extracted/LIVE_MD/To_Release/Ref_Images/seals.bmp,55.6842,30.734846115112305,0.1493119349997869,1
seals_blur2_jpeg1.bmp,/kaggle/working/MDFS/data/MDLIVE/extracted/LIVE_MD/To_Release/Part_1/blurjpeg/seals_blur2_jpeg1.bmp,Multiply Dist.,seals.bmp,/kaggle/working/MDFS/data/MDLIVE/extracted/LIVE_MD/To_Release/Ref_Images/seals.bmp,54.7895,29.4112548828125,0.14778315200055658,1
seals_blur2_jpeg3.bmp,/kaggle/working/MDFS/data/MDLIVE/extracted/LIVE_MD/To_Release/Part_1/blurjpeg/seals_blur2_jpeg3.bmp,Multiply Dist.,seals.bmp,/kaggle/working/MDFS/data/MDLIVE/extracted/LIVE_MD/To_Release/Ref_Images/seals.bmp,61.4737,32.3350715637207,0.14854181400005473,1
seals_blur3_jpeg1.bmp,/kaggle/working/MDFS/data/MDLIVE/extracted/LIVE_MD/To_Release/Part_1/blurjpeg/seals_blur3_jpeg1.bmp,Multiply Dist.,seals.bmp,/kaggle/working/MDFS/data/MDLIVE/extracted/LIVE_MD/To_Release/Ref_Images/seals.bmp,62.4737,31.185251235961914,0.149496800999259,1
seals_blur3_jpeg3.bmp,/kaggle/working/MDFS/data/MDLIVE/extracted/LIVE_MD/To_Release/Part_1/blurjpeg/seals_blur3_jpeg3.bmp,Multiply Dist.,seals.bmp,/kaggle/working/MDFS/data/MDLIVE/extracted/LIVE_MD/To_Release/Ref_Images/seals.bmp,68.1579,33.74614715576172,0.14947770099934132,1
seals_jpeg2.bmp,/kaggle/working/MDFS/data/MDLIVE/extracted/LIVE_MD/To_Release/Part_1/blurjpeg/seals_jpeg2.bmp,Multiply Dist.,seals.bmp,/kaggle/working/MDFS/data/MDLIVE/extracted/LIVE_MD/To_Release/Ref_Images/seals.bmp,15.4737,26.251649856567383,0.14611102599883452,1
sunrise_blur1.bmp,/kaggle/working/MDFS/data/MDLIVE/extracted/LIVE_MD/To_Release/Part_1/blurjpeg/sunrise_blur1.bmp,Multiply Dist.,sunrise.bmp,/kaggle/working/MDFS/data/MDLIVE/extracted/LIVE_MD/To_Release/Ref_Images/sunrise.bmp,26.1579,27.446884155273438,0.14969035099966277,1
sunrise_blur1_jpeg2.bmp,/kaggle/working/MDFS/data/MDLIVE/extracted/LIVE_MD/To_Release/Part_1/blurjpeg/sunrise_blur1_jpeg2.bmp,Multiply Dist.,sunrise.bmp,/kaggle/working/MDFS/data/MDLIVE/extracted/LIVE_MD/To_Release/Ref_Images/sunrise.bmp,42.3684,27.43278694152832,0.14575704500020947,1
sunrise_blur2.bmp,/kaggle/working/MDFS/data/MDLIVE/extracted/LIVE_MD/To_Release/Part_1/blurjpeg/sunrise_blur2.bmp,Multiply Dist.,sunrise.bmp,/kaggle/working/MDFS/data/MDLIVE/extracted/LIVE_MD/To_Release/Ref_Images/sunrise.bmp,45.1579,31.732412338256836,0.16785967699979665,1
sunrise_blur2_jpeg2.bmp,/kaggle/working/MDFS/data/MDLIVE/extracted/LIVE_MD/To_Release/Part_1/blurjpeg/sunrise_blur2_jpeg2.bmp,Multiply Dist.,sunrise.bmp,/kaggle/working/MDFS/data/MDLIVE/extracted/LIVE_MD/To_Release/Ref_Images/sunrise.bmp,53.2632,29.3890323638916,0.15344414399987727,1
sunrise_blur3.bmp,/kaggle/working/MDFS/data/MDLIVE/extracted/LIVE_MD/To_Release/Part_1/blurjpeg/sunrise_blur3.bmp,Multiply Dist.,sunrise.bmp,/kaggle/working/MDFS/data/MDLIVE/extracted/LIVE_MD/To_Release/Ref_Images/sunrise.bmp,56.8947,35.55781936645508,0.14953914899888332,1
sunrise_blur3_jpeg2.bmp,/kaggle/working/MDFS/data/MDLIVE/extracted/LIVE_MD/To_Release/Part_1/blurjpeg/sunrise_blur3_jpeg2.bmp,Multiply Dist.,sunrise.bmp,/kaggle/working/MDFS/data/MDLIVE/extracted/LIVE_MD/To_Release/Ref_Images/sunrise.bmp,60.3684,31.458677291870117,0.14514259699899412,1
sunrise_jpeg1.bmp,/kaggle/working/MDFS/data/MDLIVE/extracted/LIVE_MD/To_Release/Part_1/blurjpeg/sunrise_jpeg1.bmp,Multiply Dist.,sunrise.bmp,/kaggle/working/MDFS/data/MDLIVE/extracted/LIVE_MD/To_Release/Ref_Images/sunrise.bmp,9.5789,22.898181915283203,0.14440325900068274,1
sunrise_jpeg3.bmp,/kaggle/working/MDFS/data/MDLIVE/extracted/LIVE_MD/To_Release/Part_1/blurjpeg/sunrise_jpeg3.bmp,Multiply Dist.,sunrise.bmp,/kaggle/working/MDFS/data/MDLIVE/extracted/LIVE_MD/To_Release/Ref_Images/sunrise.bmp,23.1053,25.13437271118164,0.14517541399982292,1
wheel_blur1_jpeg1.bmp,/kaggle/working/MDFS/data/MDLIVE/extracted/LIVE_MD/To_Release/Part_1/blurjpeg/wheel_blur1_jpeg1.bmp,Multiply Dist.,wheel.bmp,/kaggle/working/MDFS/data/MDLIVE/extracted/LIVE_MD/To_Release/Ref_Images/wheel.bmp,34.1579,26.278493881225586,0.14910577599948738,1
wheel_blur1_jpeg3.bmp,/kaggle/working/MDFS/data/MDLIVE/extracted/LIVE_MD/To_Release/Part_1/blurjpeg/wheel_blur1_jpeg3.bmp,Multiply Dist.,wheel.bmp,/kaggle/working/MDFS/data/MDLIVE/extracted/LIVE_MD/To_Release/Ref_Images/wheel.bmp,50.3684,28.44805145263672,0.14903147500081104,1
wheel_blur2_jpeg1.bmp,/kaggle/working/MDFS/data/MDLIVE/extracted/LIVE_MD/To_Release/Part_1/blurjpeg/wheel_blur2_jpeg1.bmp,Multiply Dist.,wheel.bmp,/kaggle/working/MDFS/data/MDLIVE/extracted/LIVE_MD/To_Release/Ref_Images/wheel.bmp,45.8421,28.454214096069336,0.14909871500094596,1
wheel_blur2_jpeg3.bmp,/kaggle/working/MDFS/data/MDLIVE/extracted/LIVE_MD/To_Release/Part_1/blurjpeg/wheel_blur2_jpeg3.bmp,Multiply Dist.,wheel.bmp,/kaggle/working/MDFS/data/MDLIVE/extracted/LIVE_MD/To_Release/Ref_Images/wheel.bmp,65.2632,30.19096565246582,0.147198254999239,1
wheel_blur3_jpeg1.bmp,/kaggle/working/MDFS/data/MDLIVE/extracted/LIVE_MD/To_Release/Part_1/blurjpeg/wheel_blur3_jpeg1.bmp,Multiply Dist.,wheel.bmp,/kaggle/working/MDFS/data/MDLIVE/extracted/LIVE_MD/To_Release/Ref_Images/wheel.bmp,58.7368,30.083389282226562,0.15146284199909132,1
wheel_blur3_jpeg3.bmp,/kaggle/working/MDFS/data/MDLIVE/extracted/LIVE_MD/To_Release/Part_1/blurjpeg/wheel_blur3_jpeg3.bmp,Multiply Dist.,wheel.bmp,/kaggle/working/MDFS/data/MDLIVE/extracted/LIVE_MD/To_Release/Ref_Images/wheel.bmp,66.6316,31.963855743408203,0.1509456699986913,1
wheel_jpeg2.bmp,/kaggle/working/MDFS/data/MDLIVE/extracted/LIVE_MD/To_Release/Part_1/blurjpeg/wheel_jpeg2.bmp,Multiply Dist.,wheel.bmp,/kaggle/working/MDFS/data/MDLIVE/extracted/LIVE_MD/To_Release/Ref_Images/wheel.bmp,16.9474,23.983049392700195,0.15280874600102834,1
babygirl_blur1.bmp,/kaggle/working/MDFS/data/MDLIVE/extracted/LIVE_MD/To_Release/Part_2/blurnoise/babygirl_blur1.bmp,Multiply Dist.,babygirl.bmp,/kaggle/working/MDFS/data/MDLIVE/extracted/LIVE_MD/To_Release/Ref_Images/babygirl.bmp,25.0556,29.475418090820312,0.15028899900062243,1
babygirl_blur1_noise2.bmp,/kaggle/working/MDFS/data/MDLIVE/extracted/LIVE_MD/To_Release/Part_2/blurnoise/babygirl_blur1_noise2.bmp,Multiply Dist.,babygirl.bmp,/kaggle/working/MDFS/data/MDLIVE/extracted/LIVE_MD/To_Release/Ref_Images/babygirl.bmp,45.7222,30.38771629333496,0.14394107299995085,1
babygirl_blur2.bmp,/kaggle/working/MDFS/data/MDLIVE/extracted/LIVE_MD/To_Release/Part_2/blurnoise/babygirl_blur2.bmp,Multiply Dist.,babygirl.bmp,/kaggle/working/MDFS/data/MDLIVE/extracted/LIVE_MD/To_Release/Ref_Images/babygirl.bmp,37.5556,33.43169021606445,0.14459501700002875,1
babygirl_blur2_noise2.bmp,/kaggle/working/MDFS/data/MDLIVE/extracted/LIVE_MD/To_Release/Part_2/blurnoise/babygirl_blur2_noise2.bmp,Multiply Dist.,babygirl.bmp,/kaggle/working/MDFS/data/MDLIVE/extracted/LIVE_MD/To_Release/Ref_Images/babygirl.bmp,52.0556,31.532865524291992,0.1443601029986894,1
babygirl_blur3.bmp,/kaggle/working/MDFS/data/MDLIVE/extracted/LIVE_MD/To_Release/Part_2/blurnoise/babygirl_blur3.bmp,Multiply Dist.,babygirl.bmp,/kaggle/working/MDFS/data/MDLIVE/extracted/LIVE_MD/To_Release/Ref_Images/babygirl.bmp,56.6111,36.015480041503906,0.1452434099992388,1
babygirl_blur3_noise2.bmp,/kaggle/working/MDFS/data/MDLIVE/extracted/LIVE_MD/To_Release/Part_2/blurnoise/babygirl_blur3_noise2.bmp,Multiply Dist.,babygirl.bmp,/kaggle/working/MDFS/data/MDLIVE/extracted/LIVE_MD/To_Release/Ref_Images/babygirl.bmp,62.6667,32.26551818847656,0.14861045100042247,1
babygirl_noise1.bmp,/kaggle/working/MDFS/data/MDLIVE/extracted/LIVE_MD/To_Release/Part_2/blurnoise/babygirl_noise1.bmp,Multiply Dist.,babygirl.bmp,/kaggle/working/MDFS/data/MDLIVE/extracted/LIVE_MD/To_Release/Ref_Images/babygirl.bmp,14.4444,24.093725204467773,0.1485308930004976,1
babygirl_noise3.bmp,/kaggle/working/MDFS/data/MDLIVE/extracted/LIVE_MD/To_Release/Part_2/blurnoise/babygirl_noise3.bmp,Multiply Dist.,babygirl.bmp,/kaggle/working/MDFS/data/MDLIVE/extracted/LIVE_MD/To_Release/Ref_Images/babygirl.bmp,50.8889,29.80233383178711,0.14628825199906714,1
bikerace_blur1_noise1.bmp,/kaggle/working/MDFS/data/MDLIVE/extracted/LIVE_MD/To_Release/Part_2/blurnoise/bikerace_blur1_noise1.bmp,Multiply Dist.,bikerace.bmp,/kaggle/working/MDFS/data/MDLIVE/extracted/LIVE_MD/To_Release/Ref_Images/bikerace.bmp,41.7778,26.07782745361328,0.1469708669992542,1
bikerace_blur1_noise3.bmp,/kaggle/working/MDFS/data/MDLIVE/extracted/LIVE_MD/To_Release/Part_2/blurnoise/bikerace_blur1_noise3.bmp,Multiply Dist.,bikerace.bmp,/kaggle/working/MDFS/data/MDLIVE/extracted/LIVE_MD/To_Release/Ref_Images/bikerace.bmp,55.6111,30.69227409362793,0.1489272479993815,1
bikerace_blur2_noise1.bmp,/kaggle/working/MDFS/data/MDLIVE/extracted/LIVE_MD/To_Release/Part_2/blurnoise/bikerace_blur2_noise1.bmp,Multiply Dist.,bikerace.bmp,/kaggle/working/MDFS/data/MDLIVE/extracted/LIVE_MD/To_Release/Ref_Images/bikerace.bmp,55.2222,28.40334701538086,0.14572271699944395,1
bikerace_blur2_noise3.bmp,/kaggle/working/MDFS/data/MDLIVE/extracted/LIVE_MD/To_Release/Part_2/blurnoise/bikerace_blur2_noise3.bmp,Multiply Dist.,bikerace.bmp,/kaggle/working/MDFS/data/MDLIVE/extracted/LIVE_MD/To_Release/Ref_Images/bikerace.bmp,61.3333,32.97950744628906,0.14841995500137273,1
bikerace_blur3_noise1.bmp,/kaggle/working/MDFS/data/MDLIVE/extracted/LIVE_MD/To_Release/Part_2/blurnoise/bikerace_blur3_noise1.bmp,Multiply Dist.,bikerace.bmp,/kaggle/working/MDFS/data/MDLIVE/extracted/LIVE_MD/To_Release/Ref_Images/bikerace.bmp,69.1111,29.915557861328125,0.1476717430014105,1
bikerace_blur3_noise3.bmp,/kaggle/working/MDFS/data/MDLIVE/extracted/LIVE_MD/To_Release/Part_2/blurnoise/bikerace_blur3_noise3.bmp,Multiply Dist.,bikerace.bmp,/kaggle/working/MDFS/data/MDLIVE/extracted/LIVE_MD/To_Release/Ref_Images/bikerace.bmp,72.0556,34.043067932128906,0.14602297400051611,1
bikerace_noise2.bmp,/kaggle/working/MDFS/data/MDLIVE/extracted/LIVE_MD/To_Release/Part_2/blurnoise/bikerace_noise2.bmp,Multiply Dist.,bikerace.bmp,/kaggle/working/MDFS/data/MDLIVE/extracted/LIVE_MD/To_Release/Ref_Images/bikerace.bmp,31.2222,24.311506271362305,0.14701198799957638,1
cows_blur1.bmp,/kaggle/working/MDFS/data/MDLIVE/extracted/LIVE_MD/To_Release/Part_2/blurnoise/cows_blur1.bmp,Multiply Dist.,cows.bmp,/kaggle/working/MDFS/data/MDLIVE/extracted/LIVE_MD/To_Release/Ref_Images/cows.bmp,36.0556,28.63804054260254,0.14475597700038634,1
cows_blur1_noise2.bmp,/kaggle/working/MDFS/data/MDLIVE/extracted/LIVE_MD/To_Release/Part_2/blurnoise/cows_blur1_noise2.bmp,Multiply Dist.,cows.bmp,/kaggle/working/MDFS/data/MDLIVE/extracted/LIVE_MD/To_Release/Ref_Images/cows.bmp,49.3889,30.856182098388672,0.1487956420005503,1
cows_blur2.bmp,/kaggle/working/MDFS/data/MDLIVE/extracted/LIVE_MD/To_Release/Part_2/blurnoise/cows_blur2.bmp,Multiply Dist.,cows.bmp,/kaggle/working/MDFS/data/MDLIVE/extracted/LIVE_MD/To_Release/Ref_Images/cows.bmp,54.0,33.17877197265625,0.15040420900004392,1
cows_blur2_noise2.bmp,/kaggle/working/MDFS/data/MDLIVE/extracted/LIVE_MD/To_Release/Part_2/blurnoise/cows_blur2_noise2.bmp,Multiply Dist.,cows.bmp,/kaggle/working/MDFS/data/MDLIVE/extracted/LIVE_MD/To_Release/Ref_Images/cows.bmp,64.2778,32.86333465576172,0.15132962099960423,1
cows_blur3.bmp,/kaggle/working/MDFS/data/MDLIVE/extracted/LIVE_MD/To_Release/Part_2/blurnoise/cows_blur3.bmp,Multiply Dist.,cows.bmp,/kaggle/working/MDFS/data/MDLIVE/extracted/LIVE_MD/To_Release/Ref_Images/cows.bmp,71.1667,36.53628158569336,0.14695263500107103,1
cows_blur3_noise2.bmp,/kaggle/working/MDFS/data/MDLIVE/extracted/LIVE_MD/To_Release/Part_2/blurnoise/cows_blur3_noise2.bmp,Multiply Dist.,cows.bmp,/kaggle/working/MDFS/data/MDLIVE/extracted/LIVE_MD/To_Release/Ref_Images/cows.bmp,71.1667,34.01616287231445,0.15003813799921772,1
cows_noise1.bmp,/kaggle/working/MDFS/data/MDLIVE/extracted/LIVE_MD/To_Release/Part_2/blurnoise/cows_noise1.bmp,Multiply Dist.,cows.bmp,/kaggle/working/MDFS/data/MDLIVE/extracted/LIVE_MD/To_Release/Ref_Images/cows.bmp,7.5,21.3665714263916,0.14954568800021661,1
cows_noise3.bmp,/kaggle/working/MDFS/data/MDLIVE/extracted/LIVE_MD/To_Release/Part_2/blurnoise/cows_noise3.bmp,Multiply Dist.,cows.bmp,/kaggle/working/MDFS/data/MDLIVE/extracted/LIVE_MD/To_Release/Ref_Images/cows.bmp,36.0556,28.514408111572266,0.148034865000227,1
elephant_blur1_noise1.bmp,/kaggle/working/MDFS/data/MDLIVE/extracted/LIVE_MD/To_Release/Part_2/blurnoise/elephant_blur1_noise1.bmp,Multiply Dist.,elephant.bmp,/kaggle/working/MDFS/data/MDLIVE/extracted/LIVE_MD/To_Release/Ref_Images/elephant.bmp,29.1667,25.635950088500977,0.1518365560004895,1
elephant_blur1_noise3.bmp,/kaggle/working/MDFS/data/MDLIVE/extracted/LIVE_MD/To_Release/Part_2/blurnoise/elephant_blur1_noise3.bmp,Multiply Dist.,elephant.bmp,/kaggle/working/MDFS/data/MDLIVE/extracted/LIVE_MD/To_Release/Ref_Images/elephant.bmp,45.4444,32.112483978271484,0.1530367830000614,1
elephant_blur2_noise1.bmp,/kaggle/working/MDFS/data/MDLIVE/extracted/LIVE_MD/To_Release/Part_2/blurnoise/elephant_blur2_noise1.bmp,Multiply Dist.,elephant.bmp,/kaggle/working/MDFS/data/MDLIVE/extracted/LIVE_MD/To_Release/Ref_Images/elephant.bmp,45.6667,28.374361038208008,0.1518165420002333,1
elephant_blur2_noise3.bmp,/kaggle/working/MDFS/data/MDLIVE/extracted/LIVE_MD/To_Release/Part_2/blurnoise/elephant_blur2_noise3.bmp,Multiply Dist.,elephant.bmp,/kaggle/working/MDFS/data/MDLIVE/extracted/LIVE_MD/To_Release/Ref_Images/elephant.bmp,57.6667,34.111915588378906,0.15245777699965402,1
elephant_blur3_noise1.bmp,/kaggle/working/MDFS/data/MDLIVE/extracted/LIVE_MD/To_Release/Part_2/blurnoise/elephant_blur3_noise1.bmp,Multiply Dist.,elephant.bmp,/kaggle/working/MDFS/data/MDLIVE/extracted/LIVE_MD/To_Release/Ref_Images/elephant.bmp,57.7778,30.170373916625977,0.14875657399898046,1
elephant_blur3_noise3.bmp,/kaggle/working/MDFS/data/MDLIVE/extracted/LIVE_MD/To_Release/Part_2/blurnoise/elephant_blur3_noise3.bmp,Multiply Dist.,elephant.bmp,/kaggle/working/MDFS/data/MDLIVE/extracted/LIVE_MD/To_Release/Ref_Images/elephant.bmp,65.9444,35.7286376953125,0.15414887799852295,1
elephant_noise2.bmp,/kaggle/working/MDFS/data/MDLIVE/extracted/LIVE_MD/To_Release/Part_2/blurnoise/elephant_noise2.bmp,Multiply Dist.,elephant.bmp,/kaggle/working/MDFS/data/MDLIVE/extracted/LIVE_MD/To_Release/Ref_Images/elephant.bmp,29.8889,24.586788177490234,0.15074019900021085,1
iceroad_blur1.bmp,/kaggle/working/MDFS/data/MDLIVE/extracted/LIVE_MD/To_Release/Part_2/blurnoise/iceroad_blur1.bmp,Multiply Dist.,iceroad.bmp,/kaggle/working/MDFS/data/MDLIVE/extracted/LIVE_MD/To_Release/Ref_Images/iceroad.bmp,26.7778,28.53108024597168,0.14645582200137142,1
iceroad_blur1_noise2.bmp,/kaggle/working/MDFS/data/MDLIVE/extracted/LIVE_MD/To_Release/Part_2/blurnoise/iceroad_blur1_noise2.bmp,Multiply Dist.,iceroad.bmp,/kaggle/working/MDFS/data/MDLIVE/extracted/LIVE_MD/To_Release/Ref_Images/iceroad.bmp,42.7222,31.819936752319336,0.14989194299960218,1
iceroad_blur2.bmp,/kaggle/working/MDFS/data/MDLIVE/extracted/LIVE_MD/To_Release/Part_2/blurnoise/iceroad_blur2.bmp,Multiply Dist.,iceroad.bmp,/kaggle/working/MDFS/data/MDLIVE/extracted/LIVE_MD/To_Release/Ref_Images/iceroad.bmp,50.2222,33.89960861206055,0.1494399719995272,1
iceroad_blur2_noise2.bmp,/kaggle/working/MDFS/data/MDLIVE/extracted/LIVE_MD/To_Release/Part_2/blurnoise/iceroad_blur2_noise2.bmp,Multiply Dist.,iceroad.bmp,/kaggle/working/MDFS/data/MDLIVE/extracted/LIVE_MD/To_Release/Ref_Images/iceroad.bmp,51.6667,34.28096389770508,0.1458013529991149,1
iceroad_blur3.bmp,/kaggle/working/MDFS/data/MDLIVE/extracted/LIVE_MD/To_Release/Part_2/blurnoise/iceroad_blur3.bmp,Multiply Dist.,iceroad.bmp,/kaggle/working/MDFS/data/MDLIVE/extracted/LIVE_MD/To_Release/Ref_Images/iceroad.bmp,60.8333,36.896270751953125,0.14481173700005456,1
iceroad_blur3_noise2.bmp,/kaggle/working/MDFS/data/MDLIVE/extracted/LIVE_MD/To_Release/Part_2/blurnoise/iceroad_blur3_noise2.bmp,Multiply Dist.,iceroad.bmp,/kaggle/working/MDFS/data/MDLIVE/extracted/LIVE_MD/To_Release/Ref_Images/iceroad.bmp,65.8889,35.273887634277344,0.14750282000022708,1
iceroad_noise1.bmp,/kaggle/working/MDFS/data/MDLIVE/extracted/LIVE_MD/To_Release/Part_2/blurnoise/iceroad_noise1.bmp,Multiply Dist.,iceroad.bmp,/kaggle/working/MDFS/data/MDLIVE/extracted/LIVE_MD/To_Release/Ref_Images/iceroad.bmp,6.3333,22.202499389648438,0.14166811799987045,1
iceroad_noise3.bmp,/kaggle/working/MDFS/data/MDLIVE/extracted/LIVE_MD/To_Release/Part_2/blurnoise/iceroad_noise3.bmp,Multiply Dist.,iceroad.bmp,/kaggle/working/MDFS/data/MDLIVE/extracted/LIVE_MD/To_Release/Ref_Images/iceroad.bmp,32.7222,28.338354110717773,0.14953777200025797,1
lakebuilding_blur1_noise1.bmp,/kaggle/working/MDFS/data/MDLIVE/extracted/LIVE_MD/To_Release/Part_2/blurnoise/lakebuilding_blur1_noise1.bmp,Multiply Dist.,lakebuilding.bmp,/kaggle/working/MDFS/data/MDLIVE/extracted/LIVE_MD/To_Release/Ref_Images/lakebuilding.bmp,45.1111,25.547061920166016,0.15070784199997433,1
lakebuilding_blur1_noise3.bmp,/kaggle/working/MDFS/data/MDLIVE/extracted/LIVE_MD/To_Release/Part_2/blurnoise/lakebuilding_blur1_noise3.bmp,Multiply Dist.,lakebuilding.bmp,/kaggle/working/MDFS/data/MDLIVE/extracted/LIVE_MD/To_Release/Ref_Images/lakebuilding.bmp,57.5,31.0539608001709,0.14926358999946387,1
lakebuilding_blur2_noise1.bmp,/kaggle/working/MDFS/data/MDLIVE/extracted/LIVE_MD/To_Release/Part_2/blurnoise/lakebuilding_blur2_noise1.bmp,Multiply Dist.,lakebuilding.bmp,/kaggle/working/MDFS/data/MDLIVE/extracted/LIVE_MD/To_Release/Ref_Images/lakebuilding.bmp,67.6111,27.89641761779785,0.14829869700042764,1
lakebuilding_blur2_noise3.bmp,/kaggle/working/MDFS/data/MDLIVE/extracted/LIVE_MD/To_Release/Part_2/blurnoise/lakebuilding_blur2_noise3.bmp,Multiply Dist.,lakebuilding.bmp,/kaggle/working/MDFS/data/MDLIVE/extracted/LIVE_MD/To_Release/Ref_Images/lakebuilding.bmp,71.3889,33.24892807006836,0.14549111999986053,1
lakebuilding_blur3_noise1.bmp,/kaggle/working/MDFS/data/MDLIVE/extracted/LIVE_MD/To_Release/Part_2/blurnoise/lakebuilding_blur3_noise1.bmp,Multiply Dist.,lakebuilding.bmp,/kaggle/working/MDFS/data/MDLIVE/extracted/LIVE_MD/To_Release/Ref_Images/lakebuilding.bmp,77.2222,29.795246124267578,0.14666099500027485,1
lakebuilding_blur3_noise3.bmp,/kaggle/working/MDFS/data/MDLIVE/extracted/LIVE_MD/To_Release/Part_2/blurnoise/lakebuilding_blur3_noise3.bmp,Multiply Dist.,lakebuilding.bmp,/kaggle/working/MDFS/data/MDLIVE/extracted/LIVE_MD/To_Release/Ref_Images/lakebuilding.bmp,75.3333,34.58675003051758,0.1464483099989593,1
lakebuilding_noise2.bmp,/kaggle/working/MDFS/data/MDLIVE/extracted/LIVE_MD/To_Release/Part_2/blurnoise/lakebuilding_noise2.bmp,Multiply Dist.,lakebuilding.bmp,/kaggle/working/MDFS/data/MDLIVE/extracted/LIVE_MD/To_Release/Ref_Images/lakebuilding.bmp,35.0,24.12822914123535,0.15221626799939258,1
lunch_blur1.bmp,/kaggle/working/MDFS/data/MDLIVE/extracted/LIVE_MD/To_Release/Part_2/blurnoise/lunch_blur1.bmp,Multiply Dist.,lunch.bmp,/kaggle/working/MDFS/data/MDLIVE/extracted/LIVE_MD/To_Release/Ref_Images/lunch.bmp,39.3889,27.12209129333496,0.15311672299867496,1
lunch_blur1_noise2.bmp,/kaggle/working/MDFS/data/MDLIVE/extracted/LIVE_MD/To_Release/Part_2/blurnoise/lunch_blur1_noise2.bmp,Multiply Dist.,lunch.bmp,/kaggle/working/MDFS/data/MDLIVE/extracted/LIVE_MD/To_Release/Ref_Images/lunch.bmp,44.6111,29.2125301361084,0.15320812599929923,1
lunch_blur2.bmp,/kaggle/working/MDFS/data/MDLIVE/extracted/LIVE_MD/To_Release/Part_2/blurnoise/lunch_blur2.bmp,Multiply Dist.,lunch.bmp,/kaggle/working/MDFS/data/MDLIVE/extracted/LIVE_MD/To_Release/Ref_Images/lunch.bmp,58.7222,31.613365173339844,0.1509632879988203,1
lunch_blur2_noise2.bmp,/kaggle/working/MDFS/data/MDLIVE/extracted/LIVE_MD/To_Release/Part_2/blurnoise/lunch_blur2_noise2.bmp,Multiply Dist.,lunch.bmp,/kaggle/working/MDFS/data/MDLIVE/extracted/LIVE_MD/To_Release/Ref_Images/lunch.bmp,61.1111,31.591638565063477,0.1480401080007141,1
lunch_blur3.bmp,/kaggle/working/MDFS/data/MDLIVE/extracted/LIVE_MD/To_Release/Part_2/blurnoise/lunch_blur3.bmp,Multiply Dist.,lunch.bmp,/kaggle/working/MDFS/data/MDLIVE/extracted/LIVE_MD/To_Release/Ref_Images/lunch.bmp,70.1111,34.62593460083008,0.15289538499928312,1
lunch_blur3_noise2.bmp,/kaggle/working/MDFS/data/MDLIVE/extracted/LIVE_MD/To_Release/Part_2/blurnoise/lunch_blur3_noise2.bmp,Multiply Dist.,lunch.bmp,/kaggle/working/MDFS/data/MDLIVE/extracted/LIVE_MD/To_Release/Ref_Images/lunch.bmp,64.5,32.61933517456055,0.1519627279994893,1
lunch_noise1.bmp,/kaggle/working/MDFS/data/MDLIVE/extracted/LIVE_MD/To_Release/Part_2/blurnoise/lunch_noise1.bmp,Multiply Dist.,lunch.bmp,/kaggle/working/MDFS/data/MDLIVE/extracted/LIVE_MD/To_Release/Ref_Images/lunch.bmp,3.1111,23.00802230834961,0.1491711500002566,1
lunch_noise3.bmp,/kaggle/working/MDFS/data/MDLIVE/extracted/LIVE_MD/To_Release/Part_2/blurnoise/lunch_noise3.bmp,Multiply Dist.,lunch.bmp,/kaggle/working/MDFS/data/MDLIVE/extracted/LIVE_MD/To_Release/Ref_Images/lunch.bmp,33.3333,26.80718421936035,0.15141321599912771,1
market_blur1_noise1.bmp,/kaggle/working/MDFS/data/MDLIVE/extracted/LIVE_MD/To_Release/Part_2/blurnoise/market_blur1_noise1.bmp,Multiply Dist.,market.bmp,/kaggle/working/MDFS/data/MDLIVE/extracted/LIVE_MD/To_Release/Ref_Images/market.bmp,26.1667,26.114234924316406,0.15489111000169942,1
market_blur1_noise3.bmp,/kaggle/working/MDFS/data/MDLIVE/extracted/LIVE_MD/To_Release/Part_2/blurnoise/market_blur1_noise3.bmp,Multiply Dist.,market.bmp,/kaggle/working/MDFS/data/MDLIVE/extracted/LIVE_MD/To_Release/Ref_Images/market.bmp,51.4444,29.9952392578125,0.15577943499920366,1
market_blur2_noise1.bmp,/kaggle/working/MDFS/data/MDLIVE/extracted/LIVE_MD/To_Release/Part_2/blurnoise/market_blur2_noise1.bmp,Multiply Dist.,market.bmp,/kaggle/working/MDFS/data/MDLIVE/extracted/LIVE_MD/To_Release/Ref_Images/market.bmp,49.2222,28.7152156829834,0.15403057200092007,1
market_blur2_noise3.bmp,/kaggle/working/MDFS/data/MDLIVE/extracted/LIVE_MD/To_Release/Part_2/blurnoise/market_blur2_noise3.bmp,Multiply Dist.,market.bmp,/kaggle/working/MDFS/data/MDLIVE/extracted/LIVE_MD/To_Release/Ref_Images/market.bmp,53.0,32.96372985839844,0.15170230199873913,1
market_blur3_noise1.bmp,/kaggle/working/MDFS/data/MDLIVE/extracted/LIVE_MD/To_Release/Part_2/blurnoise/market_blur3_noise1.bmp,Multiply Dist.,market.bmp,/kaggle/working/MDFS/data/MDLIVE/extracted/LIVE_MD/To_Release/Ref_Images/market.bmp,62.3889,30.24313735961914,0.14798257099937473,1
market_blur3_noise3.bmp,/kaggle/working/MDFS/data/MDLIVE/extracted/LIVE_MD/To_Release/Part_2/blurnoise/market_blur3_noise3.bmp,Multiply Dist.,market.bmp,/kaggle/working/MDFS/data/MDLIVE/extracted/LIVE_MD/To_Release/Ref_Images/market.bmp,66.5556,34.13683319091797,0.15111827500004438,1
market_noise2.bmp,/kaggle/working/MDFS/data/MDLIVE/extracted/LIVE_MD/To_Release/Part_2/blurnoise/market_noise2.bmp,Multiply Dist.,market.bmp,/kaggle/working/MDFS/data/MDLIVE/extracted/LIVE_MD/To_Release/Ref_Images/market.bmp,31.1111,24.562267303466797,0.1533842349999759,1
palace2_blur1.bmp,/kaggle/working/MDFS/data/MDLIVE/extracted/LIVE_MD/To_Release/Part_2/blurnoise/palace2_blur1.bmp,Multiply Dist.,palace2.bmp,/kaggle/working/MDFS/data/MDLIVE/extracted/LIVE_MD/To_Release/Ref_Images/palace2.bmp,45.1667,27.538158416748047,0.1529814700006682,1
palace2_blur1_noise2.bmp,/kaggle/working/MDFS/data/MDLIVE/extracted/LIVE_MD/To_Release/Part_2/blurnoise/palace2_blur1_noise2.bmp,Multiply Dist.,palace2.bmp,/kaggle/working/MDFS/data/MDLIVE/extracted/LIVE_MD/To_Release/Ref_Images/palace2.bmp,62.9444,31.57293128967285,0.14939749100085464,1
palace2_blur2.bmp,/kaggle/working/MDFS/data/MDLIVE/extracted/LIVE_MD/To_Release/Part_2/blurnoise/palace2_blur2.bmp,Multiply Dist.,palace2.bmp,/kaggle/working/MDFS/data/MDLIVE/extracted/LIVE_MD/To_Release/Ref_Images/palace2.bmp,64.8333,33.55620574951172,0.15287015400099335,1
palace2_blur2_noise2.bmp,/kaggle/working/MDFS/data/MDLIVE/extracted/LIVE_MD/To_Release/Part_2/blurnoise/palace2_blur2_noise2.bmp,Multiply Dist.,palace2.bmp,/kaggle/working/MDFS/data/MDLIVE/extracted/LIVE_MD/To_Release/Ref_Images/palace2.bmp,70.7778,34.3347282409668,0.15437431999998807,1
palace2_blur3.bmp,/kaggle/working/MDFS/data/MDLIVE/extracted/LIVE_MD/To_Release/Part_2/blurnoise/palace2_blur3.bmp,Multiply Dist.,palace2.bmp,/kaggle/working/MDFS/data/MDLIVE/extracted/LIVE_MD/To_Release/Ref_Images/palace2.bmp,76.8889,37.252227783203125,0.15190639399952488,1
palace2_blur3_noise2.bmp,/kaggle/working/MDFS/data/MDLIVE/extracted/LIVE_MD/To_Release/Part_2/blurnoise/palace2_blur3_noise2.bmp,Multiply Dist.,palace2.bmp,/kaggle/working/MDFS/data/MDLIVE/extracted/LIVE_MD/To_Release/Ref_Images/palace2.bmp,84.6667,35.835594177246094,0.14892766699995263,1
palace2_noise1.bmp,/kaggle/working/MDFS/data/MDLIVE/extracted/LIVE_MD/To_Release/Part_2/blurnoise/palace2_noise1.bmp,Multiply Dist.,palace2.bmp,/kaggle/working/MDFS/data/MDLIVE/extracted/LIVE_MD/To_Release/Ref_Images/palace2.bmp,11.6667,21.77438735961914,0.15161876499951177,1
palace2_noise3.bmp,/kaggle/working/MDFS/data/MDLIVE/extracted/LIVE_MD/To_Release/Part_2/blurnoise/palace2_noise3.bmp,Multiply Dist.,palace2.bmp,/kaggle/working/MDFS/data/MDLIVE/extracted/LIVE_MD/To_Release/Ref_Images/palace2.bmp,49.4444,27.624303817749023,0.14956968599835818,1
railwaystation_blur1_noise1.bmp,/kaggle/working/MDFS/data/MDLIVE/extracted/LIVE_MD/To_Release/Part_2/blurnoise/railwaystation_blur1_noise1.bmp,Multiply Dist.,railwaystation.bmp,/kaggle/working/MDFS/data/MDLIVE/extracted/LIVE_MD/To_Release/Ref_Images/railwaystation.bmp,28.1111,25.98841094970703,0.1520010269996419,1
railwaystation_blur1_noise3.bmp,/kaggle/working/MDFS/data/MDLIVE/extracted/LIVE_MD/To_Release/Part_2/blurnoise/railwaystation_blur1_noise3.bmp,Multiply Dist.,railwaystation.bmp,/kaggle/working/MDFS/data/MDLIVE/extracted/LIVE_MD/To_Release/Ref_Images/railwaystation.bmp,44.9444,32.03297805786133,0.15531525499864074,1
railwaystation_blur2_noise1.bmp,/kaggle/working/MDFS/data/MDLIVE/extracted/LIVE_MD/To_Release/Part_2/blurnoise/railwaystation_blur2_noise1.bmp,Multiply Dist.,railwaystation.bmp,/kaggle/working/MDFS/data/MDLIVE/extracted/LIVE_MD/To_Release/Ref_Images/railwaystation.bmp,46.2222,28.615375518798828,0.15279084599933412,1
railwaystation_blur2_noise3.bmp,/kaggle/working/MDFS/data/MDLIVE/extracted/LIVE_MD/To_Release/Part_2/blurnoise/railwaystation_blur2_noise3.bmp,Multiply Dist.,railwaystation.bmp,/kaggle/working/MDFS/data/MDLIVE/extracted/LIVE_MD/To_Release/Ref_Images/railwaystation.bmp,56.7222,34.694297790527344,0.1501653739996982,1
railwaystation_blur3_noise1.bmp,/kaggle/working/MDFS/data/MDLIVE/extracted/LIVE_MD/To_Release/Part_2/blurnoise/railwaystation_blur3_noise1.bmp,Multiply Dist.,railwaystation.bmp,/kaggle/working/MDFS/data/MDLIVE/extracted/LIVE_MD/To_Release/Ref_Images/railwaystation.bmp,60.6667,29.711650848388672,0.1499128479990759,1
railwaystation_blur3_noise3.bmp,/kaggle/working/MDFS/data/MDLIVE/extracted/LIVE_MD/To_Release/Part_2/blurnoise/railwaystation_blur3_noise3.bmp,Multiply Dist.,railwaystation.bmp,/kaggle/working/MDFS/data/MDLIVE/extracted/LIVE_MD/To_Release/Ref_Images/railwaystation.bmp,68.8889,35.71459197998047,0.1502445579990308,1
railwaystation_noise2.bmp,/kaggle/working/MDFS/data/MDLIVE/extracted/LIVE_MD/To_Release/Part_2/blurnoise/railwaystation_noise2.bmp,Multiply Dist.,railwaystation.bmp,/kaggle/working/MDFS/data/MDLIVE/extracted/LIVE_MD/To_Release/Ref_Images/railwaystation.bmp,20.1111,24.716384887695312,0.14688747100080946,1
sanfrancisco_blur1.bmp,/kaggle/working/MDFS/data/MDLIVE/extracted/LIVE_MD/To_Release/Part_2/blurnoise/sanfrancisco_blur1.bmp,Multiply Dist.,sanfrancisco.bmp,/kaggle/working/MDFS/data/MDLIVE/extracted/LIVE_MD/To_Release/Ref_Images/sanfrancisco.bmp,33.8333,27.453149795532227,0.15129489900027693,1
sanfrancisco_blur1_noise2.bmp,/kaggle/working/MDFS/data/MDLIVE/extracted/LIVE_MD/To_Release/Part_2/blurnoise/sanfrancisco_blur1_noise2.bmp,Multiply Dist.,sanfrancisco.bmp,/kaggle/working/MDFS/data/MDLIVE/extracted/LIVE_MD/To_Release/Ref_Images/sanfrancisco.bmp,54.2778,30.477075576782227,0.152014887000405,1
sanfrancisco_blur2.bmp,/kaggle/working/MDFS/data/MDLIVE/extracted/LIVE_MD/To_Release/Part_2/blurnoise/sanfrancisco_blur2.bmp,Multiply Dist.,sanfrancisco.bmp,/kaggle/working/MDFS/data/MDLIVE/extracted/LIVE_MD/To_Release/Ref_Images/sanfrancisco.bmp,53.7222,31.753625869750977,0.1528119799986598,1
sanfrancisco_blur2_noise2.bmp,/kaggle/working/MDFS/data/MDLIVE/extracted/LIVE_MD/To_Release/Part_2/blurnoise/sanfrancisco_blur2_noise2.bmp,Multiply Dist.,sanfrancisco.bmp,/kaggle/working/MDFS/data/MDLIVE/extracted/LIVE_MD/To_Release/Ref_Images/sanfrancisco.bmp,61.9444,32.93980407714844,0.15118927999901643,1
sanfrancisco_blur3.bmp,/kaggle/working/MDFS/data/MDLIVE/extracted/LIVE_MD/To_Release/Part_2/blurnoise/sanfrancisco_blur3.bmp,Multiply Dist.,sanfrancisco.bmp,/kaggle/working/MDFS/data/MDLIVE/extracted/LIVE_MD/To_Release/Ref_Images/sanfrancisco.bmp,70.4444,34.510562896728516,0.15339318600126717,1
sanfrancisco_blur3_noise2.bmp,/kaggle/working/MDFS/data/MDLIVE/extracted/LIVE_MD/To_Release/Part_2/blurnoise/sanfrancisco_blur3_noise2.bmp,Multiply Dist.,sanfrancisco.bmp,/kaggle/working/MDFS/data/MDLIVE/extracted/LIVE_MD/To_Release/Ref_Images/sanfrancisco.bmp,82.0,34.177799224853516,0.14871302000028663,1
sanfrancisco_noise1.bmp,/kaggle/working/MDFS/data/MDLIVE/extracted/LIVE_MD/To_Release/Part_2/blurnoise/sanfrancisco_noise1.bmp,Multiply Dist.,sanfrancisco.bmp,/kaggle/working/MDFS/data/MDLIVE/extracted/LIVE_MD/To_Release/Ref_Images/sanfrancisco.bmp,5.1667,22.499181747436523,0.14851530800115142,1
sanfrancisco_noise3.bmp,/kaggle/working/MDFS/data/MDLIVE/extracted/LIVE_MD/To_Release/Part_2/blurnoise/sanfrancisco_noise3.bmp,Multiply Dist.,sanfrancisco.bmp,/kaggle/working/MDFS/data/MDLIVE/extracted/LIVE_MD/To_Release/Ref_Images/sanfrancisco.bmp,39.8333,27.60161018371582,0.15278761300032784,1
scrimmage_blur1_noise1.bmp,/kaggle/working/MDFS/data/MDLIVE/extracted/LIVE_MD/To_Release/Part_2/blurnoise/scrimmage_blur1_noise1.bmp,Multiply Dist.,scrimmage.bmp,/kaggle/working/MDFS/data/MDLIVE/extracted/LIVE_MD/To_Release/Ref_Images/scrimmage.bmp,32.4444,25.915294647216797,0.15364555999985896,1
scrimmage_blur1_noise3.bmp,/kaggle/working/MDFS/data/MDLIVE/extracted/LIVE_MD/To_Release/Part_2/blurnoise/scrimmage_blur1_noise3.bmp,Multiply Dist.,scrimmage.bmp,/kaggle/working/MDFS/data/MDLIVE/extracted/LIVE_MD/To_Release/Ref_Images/scrimmage.bmp,52.8333,30.552616119384766,0.15315539500079467,1
scrimmage_blur2_noise1.bmp,/kaggle/working/MDFS/data/MDLIVE/extracted/LIVE_MD/To_Release/Part_2/blurnoise/scrimmage_blur2_noise1.bmp,Multiply Dist.,scrimmage.bmp,/kaggle/working/MDFS/data/MDLIVE/extracted/LIVE_MD/To_Release/Ref_Images/scrimmage.bmp,57.3889,28.41698455810547,0.14916040600110136,1
scrimmage_blur2_noise3.bmp,/kaggle/working/MDFS/data/MDLIVE/extracted/LIVE_MD/To_Release/Part_2/blurnoise/scrimmage_blur2_noise3.bmp,Multiply Dist.,scrimmage.bmp,/kaggle/working/MDFS/data/MDLIVE/extracted/LIVE_MD/To_Release/Ref_Images/scrimmage.bmp,61.6111,32.77058792114258,0.14972008500080847,1
scrimmage_blur3_noise1.bmp,/kaggle/working/MDFS/data/MDLIVE/extracted/LIVE_MD/To_Release/Part_2/blurnoise/scrimmage_blur3_noise1.bmp,Multiply Dist.,scrimmage.bmp,/kaggle/working/MDFS/data/MDLIVE/extracted/LIVE_MD/To_Release/Ref_Images/scrimmage.bmp,65.9444,29.62295913696289,0.14963688699936029,1
scrimmage_blur3_noise3.bmp,/kaggle/working/MDFS/data/MDLIVE/extracted/LIVE_MD/To_Release/Part_2/blurnoise/scrimmage_blur3_noise3.bmp,Multiply Dist.,scrimmage.bmp,/kaggle/working/MDFS/data/MDLIVE/extracted/LIVE_MD/To_Release/Ref_Images/scrimmage.bmp,75.7222,34.588134765625,0.15089815399915096,1
scrimmage_noise2.bmp,/kaggle/working/MDFS/data/MDLIVE/extracted/LIVE_MD/To_Release/Part_2/blurnoise/scrimmage_noise2.bmp,Multiply Dist.,scrimmage.bmp,/kaggle/working/MDFS/data/MDLIVE/extracted/LIVE_MD/To_Release/Ref_Images/scrimmage.bmp,25.2778,24.135982513427734,0.1530586700009735,1
seals_blur1.bmp,/kaggle/working/MDFS/data/MDLIVE/extracted/LIVE_MD/To_Release/Part_2/blurnoise/seals_blur1.bmp,Multiply Dist.,seals.bmp,/kaggle/working/MDFS/data/MDLIVE/extracted/LIVE_MD/To_Release/Ref_Images/seals.bmp,27.1667,28.68836784362793,0.15207980500053964,1
seals_blur1_noise2.bmp,/kaggle/working/MDFS/data/MDLIVE/extracted/LIVE_MD/To_Release/Part_2/blurnoise/seals_blur1_noise2.bmp,Multiply Dist.,seals.bmp,/kaggle/working/MDFS/data/MDLIVE/extracted/LIVE_MD/To_Release/Ref_Images/seals.bmp,43.1667,33.83512878417969,0.1491510100004234,1
seals_blur2.bmp,/kaggle/working/MDFS/data/MDLIVE/extracted/LIVE_MD/To_Release/Part_2/blurnoise/seals_blur2.bmp,Multiply Dist.,seals.bmp,/kaggle/working/MDFS/data/MDLIVE/extracted/LIVE_MD/To_Release/Ref_Images/seals.bmp,50.2778,33.557334899902344,0.15017507699849375,1
seals_blur2_noise2.bmp,/kaggle/working/MDFS/data/MDLIVE/extracted/LIVE_MD/To_Release/Part_2/blurnoise/seals_blur2_noise2.bmp,Multiply Dist.,seals.bmp,/kaggle/working/MDFS/data/MDLIVE/extracted/LIVE_MD/To_Release/Ref_Images/seals.bmp,53.7222,35.269989013671875,0.14923386899863544,1
seals_blur3.bmp,/kaggle/working/MDFS/data/MDLIVE/extracted/LIVE_MD/To_Release/Part_2/blurnoise/seals_blur3.bmp,Multiply Dist.,seals.bmp,/kaggle/working/MDFS/data/MDLIVE/extracted/LIVE_MD/To_Release/Ref_Images/seals.bmp,67.7778,36.17082595825195,0.14986342299926037,1
seals_blur3_noise2.bmp,/kaggle/working/MDFS/data/MDLIVE/extracted/LIVE_MD/To_Release/Part_2/blurnoise/seals_blur3_noise2.bmp,Multiply Dist.,seals.bmp,/kaggle/working/MDFS/data/MDLIVE/extracted/LIVE_MD/To_Release/Ref_Images/seals.bmp,62.3333,36.57295608520508,0.15371955199952936,1
seals_noise1.bmp,/kaggle/working/MDFS/data/MDLIVE/extracted/LIVE_MD/To_Release/Part_2/blurnoise/seals_noise1.bmp,Multiply Dist.,seals.bmp,/kaggle/working/MDFS/data/MDLIVE/extracted/LIVE_MD/To_Release/Ref_Images/seals.bmp,6.8889,22.62517547607422,0.1508719640005438,1
seals_noise3.bmp,/kaggle/working/MDFS/data/MDLIVE/extracted/LIVE_MD/To_Release/Part_2/blurnoise/seals_noise3.bmp,Multiply Dist.,seals.bmp,/kaggle/working/MDFS/data/MDLIVE/extracted/LIVE_MD/To_Release/Ref_Images/seals.bmp,37.0,31.162199020385742,0.15077414099869202,1
sunrise_blur1_noise1.bmp,/kaggle/working/MDFS/data/MDLIVE/extracted/LIVE_MD/To_Release/Part_2/blurnoise/sunrise_blur1_noise1.bmp,Multiply Dist.,sunrise.bmp,/kaggle/working/MDFS/data/MDLIVE/extracted/LIVE_MD/To_Release/Ref_Images/sunrise.bmp,22.9444,26.698623657226562,0.15373713500048325,1
sunrise_blur1_noise3.bmp,/kaggle/working/MDFS/data/MDLIVE/extracted/LIVE_MD/To_Release/Part_2/blurnoise/sunrise_blur1_noise3.bmp,Multiply Dist.,sunrise.bmp,/kaggle/working/MDFS/data/MDLIVE/extracted/LIVE_MD/To_Release/Ref_Images/sunrise.bmp,42.5,31.660985946655273,0.15307772000051045,1
sunrise_blur2_noise1.bmp,/kaggle/working/MDFS/data/MDLIVE/extracted/LIVE_MD/To_Release/Part_2/blurnoise/sunrise_blur2_noise1.bmp,Multiply Dist.,sunrise.bmp,/kaggle/working/MDFS/data/MDLIVE/extracted/LIVE_MD/To_Release/Ref_Images/sunrise.bmp,40.3333,28.845815658569336,0.14748528199925204,1
sunrise_blur2_noise3.bmp,/kaggle/working/MDFS/data/MDLIVE/extracted/LIVE_MD/To_Release/Part_2/blurnoise/sunrise_blur2_noise3.bmp,Multiply Dist.,sunrise.bmp,/kaggle/working/MDFS/data/MDLIVE/extracted/LIVE_MD/To_Release/Ref_Images/sunrise.bmp,46.2222,33.50825881958008,0.15002291699966008,1
sunrise_blur3_noise1.bmp,/kaggle/working/MDFS/data/MDLIVE/extracted/LIVE_MD/To_Release/Part_2/blurnoise/sunrise_blur3_noise1.bmp,Multiply Dist.,sunrise.bmp,/kaggle/working/MDFS/data/MDLIVE/extracted/LIVE_MD/To_Release/Ref_Images/sunrise.bmp,54.6111,30.08709144592285,0.15150603300025978,1
sunrise_blur3_noise3.bmp,/kaggle/working/MDFS/data/MDLIVE/extracted/LIVE_MD/To_Release/Part_2/blurnoise/sunrise_blur3_noise3.bmp,Multiply Dist.,sunrise.bmp,/kaggle/working/MDFS/data/MDLIVE/extracted/LIVE_MD/To_Release/Ref_Images/sunrise.bmp,61.7778,34.64162063598633,0.15615802699903725,1
sunrise_noise2.bmp,/kaggle/working/MDFS/data/MDLIVE/extracted/LIVE_MD/To_Release/Part_2/blurnoise/sunrise_noise2.bmp,Multiply Dist.,sunrise.bmp,/kaggle/working/MDFS/data/MDLIVE/extracted/LIVE_MD/To_Release/Ref_Images/sunrise.bmp,26.8333,24.56086540222168,0.15652145899912284,1
wheel_blur1.bmp,/kaggle/working/MDFS/data/MDLIVE/extracted/LIVE_MD/To_Release/Part_2/blurnoise/wheel_blur1.bmp,Multiply Dist.,wheel.bmp,/kaggle/working/MDFS/data/MDLIVE/extracted/LIVE_MD/To_Release/Ref_Images/wheel.bmp,12.4444,28.297435760498047,0.15433177600061754,1
wheel_blur1_noise2.bmp,/kaggle/working/MDFS/data/MDLIVE/extracted/LIVE_MD/To_Release/Part_2/blurnoise/wheel_blur1_noise2.bmp,Multiply Dist.,wheel.bmp,/kaggle/working/MDFS/data/MDLIVE/extracted/LIVE_MD/To_Release/Ref_Images/wheel.bmp,36.4444,31.159486770629883,0.14974635599901376,1
wheel_blur2.bmp,/kaggle/working/MDFS/data/MDLIVE/extracted/LIVE_MD/To_Release/Part_2/blurnoise/wheel_blur2.bmp,Multiply Dist.,wheel.bmp,/kaggle/working/MDFS/data/MDLIVE/extracted/LIVE_MD/To_Release/Ref_Images/wheel.bmp,36.7222,33.77815628051758,0.14837439300026745,1
wheel_blur2_noise2.bmp,/kaggle/working/MDFS/data/MDLIVE/extracted/LIVE_MD/To_Release/Part_2/blurnoise/wheel_blur2_noise2.bmp,Multiply Dist.,wheel.bmp,/kaggle/working/MDFS/data/MDLIVE/extracted/LIVE_MD/To_Release/Ref_Images/wheel.bmp,51.7222,32.8850212097168,0.14869616299984045,1
wheel_blur3.bmp,/kaggle/working/MDFS/data/MDLIVE/extracted/LIVE_MD/To_Release/Part_2/blurnoise/wheel_blur3.bmp,Multiply Dist.,wheel.bmp,/kaggle/working/MDFS/data/MDLIVE/extracted/LIVE_MD/To_Release/Ref_Images/wheel.bmp,49.7778,37.11231231689453,0.1515151280000282,1
wheel_blur3_noise2.bmp,/kaggle/working/MDFS/data/MDLIVE/extracted/LIVE_MD/To_Release/Part_2/blurnoise/wheel_blur3_noise2.bmp,Multiply Dist.,wheel.bmp,/kaggle/working/MDFS/data/MDLIVE/extracted/LIVE_MD/To_Release/Ref_Images/wheel.bmp,57.8889,33.62049102783203,0.1538541609988897,1
wheel_noise1.bmp,/kaggle/working/MDFS/data/MDLIVE/extracted/LIVE_MD/To_Release/Part_2/blurnoise/wheel_noise1.bmp,Multiply Dist.,wheel.bmp,/kaggle/working/MDFS/data/MDLIVE/extracted/LIVE_MD/To_Release/Ref_Images/wheel.bmp,9.3333,23.87344741821289,0.1538950569993176,1
wheel_noise3.bmp,/kaggle/working/MDFS/data/MDLIVE/extracted/LIVE_MD/To_Release/Part_2/blurnoise/wheel_noise3.bmp,Multiply Dist.,wheel.bmp,/kaggle/working/MDFS/data/MDLIVE/extracted/LIVE_MD/To_Release/Ref_Images/wheel.bmp,32.5,28.210683822631836,0.15597574799903668,1
